student_id,age,gender,degree,year,attendance_percentage,study_hours_per_day,assignment_score,internal_marks,backlogs,coding_skill,communication_skill,aptitude_score,technical_interview_score,projects_completed,internships_completed,certifications,hackathons_participated,extracurricular_activities,resume_score,mock_interviews,linkedin_profile,cgpa,final_score,performance_category,placement_status
STU100001,24,Male,BTech CSE,4,79.3,2.0,57.6,65.9,1,7.1,8.6,71.2,53.2,2,1,5,0,2,100.0,1,No,6.9,71.3,Good,Not Placed
STU100002,21,Male,BTech CSE,3,72.6,3.2,59.4,69.3,1,5.9,5.5,60.7,44.7,5,0,1,0,2,78.4,1,Yes,6.68,68.8,Good,Not Placed
STU100003,22,Female,BCA,4,87.0,4.9,82.9,73.5,0,5.3,6.2,74.8,39.0,4,1,3,0,3,73.2,3,Yes,8.37,81.9,Excellent,Not Placed
STU100004,24,Other,BTech CSE,2,81.0,5.0,84.7,69.9,2,10.0,7.4,75.5,27.0,3,0,6,0,1,95.6,3,No,9.42,91.1,Excellent,Placed
STU100005,20,Male,BCA,3,65.1,5.3,79.9,77.4,0,2.9,5.4,74.1,62.9,4,0,0,2,0,60.5,0,Yes,6.88,70.1,Good,Not Placed
STU100006,22,Female,BBA,3,84.1,3.3,68.3,79.9,0,7.8,6.6,68.7,81.0,1,0,3,0,2,72.7,3,Yes,9.02,87.0,Excellent,Placed
STU100007,22,Male,BCA,3,91.7,3.0,77.6,90.3,0,10.0,7.2,72.3,57.0,4,1,2,1,1,100.0,1,Yes,9.73,96.6,Excellent,Placed
STU100008,24,Female,BSc Computer Science,4,76.6,4.6,97.9,74.6,0,4.4,8.1,67.6,44.4,2,0,1,0,0,58.4,0,No,8.83,87.8,Excellent,Not Placed
STU100009,19,Female,BCA,3,77.3,5.3,78.0,77.0,0,5.7,6.8,63.6,52.0,1,0,0,1,1,80.7,2,Yes,7.64,80.8,Excellent,Not Placed
STU100010,20,Female,BTech CSE,2,79.1,3.6,76.5,65.7,0,5.9,7.6,76.9,60.1,3,0,0,0,2,86.3,2,Yes,6.07,64.6,Average,Not Placed
STU100011,24,Female,BSc Computer Science,3,65.8,5.8,95.6,90.5,3,9.4,6.5,81.0,53.1,0,0,0,1,1,70.4,1,Yes,9.2,92.4,Excellent,Not Placed
STU100012,20,Male,BCA,3,79.4,4.6,79.6,66.4,1,6.4,7.0,56.7,80.0,1,0,2,0,0,82.2,2,No,8.2,80.6,Excellent,Not Placed
STU100013,20,Female,BSc Computer Science,3,69.1,2.6,89.5,79.2,0,10.0,7.4,100.0,85.6,1,0,1,0,0,93.3,1,Yes,9.52,92.7,Excellent,Placed
STU100014,22,Female,BSc Data Science,3,77.9,2.8,87.1,66.1,1,,2.8,52.8,60.7,2,1,2,1,2,57.5,1,Yes,7.09,71.2,Good,Not Placed
STU100015,21,Male,BTech CSE,2,79.7,3.4,,70.3,0,5.9,5.7,67.1,39.0,2,0,3,0,1,73.3,2,Yes,8.14,82.3,Excellent,Not Placed
STU100016,20,Female,BTech CSE,3,83.3,1.1,71.1,72.2,1,4.5,8.6,76.6,48.8,0,1,2,0,2,75.5,5,Yes,6.09,61.3,Average,Not Placed
STU100017,23,Male,BSc Data Science,4,83.7,2.7,67.2,48.6,2,4.7,3.6,71.7,62.7,4,1,2,0,2,66.2,0,Yes,6.36,63.7,Average,Not Placed
STU100018,22,Female,BSc Data Science,4,68.7,5.2,70.9,74.4,0,7.7,7.4,54.4,43.1,3,0,1,0,0,85.7,1,No,8.4,81.9,Excellent,Not Placed
STU100019,19,Male,BCA,4,79.9,5.5,91.1,71.0,0,10.0,9.0,71.0,64.9,2,0,3,0,1,99.6,2,No,8.87,88.6,Excellent,Placed
STU100020,21,Male,BSc Computer Science,4,87.6,3.9,73.0,63.9,1,5.6,8.6,89.1,71.3,3,0,2,1,0,78.5,2,No,7.07,71.5,Good,Not Placed
STU100021,23,Female,BSc Data Science,2,66.5,4.2,80.5,59.9,0,5.3,8.1,65.1,61.7,1,1,1,0,1,79.1,2,Yes,7.59,76.5,Good,Placed
STU100022,23,Female,BSc Data Science,4,95.5,3.0,78.9,64.3,0,7.7,9.6,48.1,64.7,4,1,0,2,2,100.0,1,Yes,7.3,74.3,Good,Not Placed
STU100023,19,Male,BCA,3,68.3,2.5,86.2,59.2,0,6.1,8.8,48.3,49.6,4,1,2,1,0,94.8,2,No,8.53,85.1,Excellent,Not Placed
STU100024,21,Male,BSc Data Science,4,94.3,4.4,67.0,66.0,1,5.7,6.2,83.6,53.0,2,2,2,1,1,78.4,3,Yes,8.32,85.5,Excellent,Not Placed
STU100025,22,Female,BBA,3,,2.8,94.1,64.0,1,9.3,7.9,63.1,64.0,2,0,0,0,4,100.0,1,No,8.25,80.9,Excellent,Placed
STU100026,18,Male,BSc Data Science,4,77.4,6.0,97.8,67.8,0,9.3,4.6,67.6,56.3,1,3,2,0,2,74.2,1,Yes,9.36,93.4,Excellent,Not Placed
STU100027,21,Male,BSc Computer Science,3,76.1,4.1,81.7,81.1,2,7.0,8.4,72.4,65.1,3,0,2,0,2,80.4,1,No,8.02,80.2,Excellent,Not Placed
STU100028,19,Female,BTech CSE,2,64.3,4.2,57.4,61.1,1,5.3,6.7,31.8,47.0,1,0,0,1,0,71.3,1,No,6.37,65.7,Good,Not Placed
STU100029,23,Female,BTech CSE,3,85.0,1.9,72.5,65.0,0,7.2,8.5,82.5,41.0,3,0,3,1,3,85.8,0,No,6.35,66.9,Good,Not Placed
STU100030,22,Male,BSc Data Science,2,85.5,0.5,85.5,73.4,1,8.3,7.2,93.3,61.1,1,1,2,0,1,80.2,1,Yes,7.41,71.7,Good,Placed
STU100031,21,Female,BSc Computer Science,4,84.2,4.2,86.1,60.2,0,8.9,8.4,62.3,83.2,1,3,5,1,2,89.4,3,Yes,7.4,77.7,Good,Placed
STU100032,18,Female,BTech CSE,3,75.5,2.8,79.2,81.1,0,8.5,7.0,66.3,39.4,4,2,1,0,2,83.5,2,Yes,8.2,82.4,Excellent,Not Placed
STU100033,18,Female,BCA,3,71.0,5.0,94.1,60.4,0,1.8,6.4,77.8,87.1,1,1,0,0,1,67.5,2,Yes,7.06,71.3,Good,Not Placed
STU100034,20,Female,BSc Data Science,4,89.0,2.1,75.7,73.6,1,7.4,7.3,61.4,88.4,0,1,0,1,2,66.9,3,Yes,7.42,73.6,Good,Not Placed
STU100035,20,Male,BCA,3,80.1,2.7,92.8,84.7,2,7.9,4.4,83.3,34.7,2,1,1,1,0,75.3,1,Yes,8.48,85.9,Excellent,Not Placed
STU100036,24,Male,BSc Data Science,3,70.4,5.2,82.0,60.2,0,8.2,6.6,75.2,85.1,2,0,6,1,4,81.8,3,Yes,8.16,84.1,Excellent,Placed
STU100037,19,Male,BSc Data Science,3,80.1,4.2,75.8,62.4,0,7.1,6.1,85.6,42.8,2,1,3,0,1,81.8,0,No,7.48,77.7,Good,Not Placed
STU100038,21,Female,BTech CSE,3,61.3,2.0,90.0,66.6,1,6.6,4.6,51.7,72.1,2,0,4,0,1,86.6,2,No,7.75,73.0,Good,Not Placed
STU100039,21,Male,BCA,4,79.1,3.6,81.5,72.2,0,6.0,5.7,73.0,89.9,2,1,1,1,1,66.2,1,Yes,7.55,77.0,Good,Not Placed
STU100040,24,Female,BSc Computer Science,4,84.6,6.4,91.8,70.4,2,5.1,4.7,73.8,71.0,3,2,1,0,1,77.9,1,Yes,7.8,78.3,Good,Not Placed
STU100041,23,Male,BSc Computer Science,4,76.2,3.7,100.0,71.8,2,5.4,4.3,77.9,73.6,4,2,4,2,0,77.2,2,Yes,8.32,83.4,Excellent,Not Placed
STU100042,23,Male,BSc Computer Science,2,85.1,3.3,71.7,78.1,0,9.0,5.9,66.2,77.9,7,2,3,1,2,100.0,1,Yes,7.8,76.1,Good,Placed
STU100043,24,Female,BTech CSE,3,86.1,4.8,91.7,69.8,0,7.8,7.6,55.1,100.0,4,1,0,0,1,93.6,2,Yes,9.9,98.3,Excellent,Placed
STU100044,23,Male,BSc Data Science,2,80.8,4.0,89.0,54.4,1,8.0,4.4,47.3,55.3,0,3,2,1,1,75.3,1,Yes,8.14,81.7,Excellent,Not Placed
STU100045,20,Male,BBA,4,95.7,5.7,100.0,87.3,0,5.5,6.7,60.4,84.9,1,0,2,0,3,71.4,3,Yes,9.29,94.6,Excellent,Placed
STU100046,21,Female,BSc Computer Science,2,91.5,4.6,92.1,77.2,1,7.5,7.1,59.1,44.7,2,2,0,0,2,86.6,1,Yes,8.68,84.3,Excellent,Not Placed
STU100047,24,Male,BSc Computer Science,2,84.3,4.9,99.3,56.7,3,9.8,6.6,62.1,45.6,3,2,2,1,2,100.0,2,Yes,8.31,83.8,Excellent,Placed
STU100048,21,Female,BTech CSE,3,81.6,5.7,71.2,69.8,1,6.7,8.1,65.4,70.8,2,1,4,0,2,94.3,0,Yes,8.58,86.8,Excellent,Placed
STU100049,18,Female,BCA,3,75.4,3.1,68.0,81.4,0,7.9,10.0,50.1,80.4,3,3,3,0,1,100.0,1,Yes,7.96,80.2,Excellent,Not Placed
STU100050,20,Male,BCA,4,71.5,2.6,71.7,61.1,1,5.6,9.4,53.6,74.8,1,2,0,0,1,81.1,4,Yes,5.71,58.5,Average,Not Placed
STU100051,22,Female,BTech CSE,3,86.0,1.5,80.3,83.1,1,5.8,5.8,61.6,58.6,2,0,2,0,0,84.2,0,Yes,6.93,70.1,Good,Not Placed
STU100052,20,Male,BSc Computer Science,3,76.0,3.2,97.2,60.4,0,7.0,5.3,73.6,58.9,0,0,3,0,2,76.3,1,Yes,7.62,76.5,Good,Not Placed
STU100053,24,Male,BTech CSE,3,67.9,1.5,99.7,77.2,0,5.2,,58.9,51.5,0,1,3,0,3,70.0,3,Yes,8.04,79.7,Good,Placed
STU100054,22,Male,BBA,4,70.0,4.0,78.0,41.3,1,5.2,7.6,73.5,69.9,1,1,3,0,1,76.9,2,No,6.98,69.7,Good,Not Placed
STU100055,18,Male,BSc Data Science,3,71.3,2.6,80.8,83.3,0,6.2,6.9,92.2,73.3,2,0,3,1,0,80.1,4,Yes,7.57,77.4,Good,Placed
STU100056,24,Female,BSc Data Science,3,95.5,4.9,69.1,49.4,1,6.9,6.9,67.6,83.0,2,1,3,2,7,84.9,2,Yes,8.39,83.7,Excellent,Not Placed
STU100057,19,Male,BSc Data Science,3,86.5,4.7,82.8,86.3,0,5.4,7.0,90.8,42.3,3,1,5,0,0,75.2,3,No,7.94,75.1,Good,Not Placed
STU100058,21,Female,BSc Data Science,2,78.3,2.9,79.8,58.0,1,6.8,6.9,84.7,100.0,3,1,2,1,2,73.4,1,Yes,7.69,77.9,Good,Placed
STU100059,18,Female,BTech CSE,4,82.1,5.0,79.9,94.6,0,4.5,7.2,75.5,47.0,1,0,2,1,0,62.4,1,No,8.61,86.8,Excellent,Not Placed
STU100060,21,Female,BTech CSE,2,83.3,3.7,95.0,73.2,1,6.8,8.3,61.3,49.4,3,2,1,2,0,87.9,3,Yes,9.08,87.5,Excellent,Placed
STU100061,23,Male,BSc Computer Science,4,69.3,0.8,86.5,84.2,3,3.1,7.4,64.7,62.5,3,2,1,1,0,80.9,4,Yes,6.45,67.2,Good,Not Placed
STU100062,19,Male,BCA,3,66.3,2.0,67.6,69.8,0,8.4,5.0,80.7,65.0,1,2,2,0,2,74.3,3,Yes,6.61,66.9,Good,Not Placed
STU100063,19,Female,BSc Data Science,4,88.5,2.4,53.9,53.7,0,3.7,8.3,68.9,74.9,1,1,4,1,2,75.8,1,Yes,7.1,71.8,Good,Not Placed
STU100064,18,Male,BSc Data Science,4,64.5,3.5,88.1,60.8,0,9.3,8.5,94.9,75.3,4,1,1,0,2,85.7,2,Yes,8.48,85.1,Excellent,Placed
STU100065,19,Male,BTech CSE,3,,2.9,84.6,77.6,0,7.3,6.6,63.5,75.4,2,1,4,0,0,90.2,2,No,8.26,82.0,Excellent,Placed
STU100066,22,Male,BCA,3,70.8,2.7,86.2,100.0,0,7.6,7.3,66.3,88.9,7,1,4,1,4,100.0,2,Yes,9.34,94.4,Excellent,Placed
STU100067,19,Male,BTech CSE,3,80.2,4.4,84.6,89.3,0,5.7,6.1,94.4,80.9,2,2,3,0,2,68.9,4,Yes,7.79,78.3,Good,Not Placed
STU100068,21,Female,BTech CSE,3,75.5,4.7,69.4,73.1,1,7.5,5.6,53.9,44.4,2,0,4,0,3,93.9,1,Yes,8.55,87.3,Excellent,Not Placed
STU100069,21,Male,BTech CSE,3,83.3,2.6,79.9,83.3,1,6.8,5.8,96.9,58.8,5,2,3,0,3,92.3,1,Yes,7.62,76.5,Good,Placed
STU100070,24,Male,BSc Data Science,3,54.9,2.2,78.6,74.6,1,4.4,5.9,37.6,55.3,4,1,2,2,2,88.1,4,No,6.47,64.7,Average,Not Placed
STU100071,21,Male,BTech CSE,4,89.2,5.4,81.1,69.2,0,7.9,9.1,56.1,62.0,0,1,0,1,1,80.0,5,No,8.02,80.0,Good,Placed
STU100072,24,Female,BSc Computer Science,2,85.4,7.6,91.7,72.7,0,5.0,6.7,52.2,85.3,2,1,2,0,2,85.5,1,Yes,8.98,86.9,Excellent,Placed
STU100073,21,Female,BTech CSE,4,88.1,2.1,75.6,65.2,1,10.0,5.5,44.6,77.2,0,0,3,2,2,76.2,1,No,7.77,77.8,Good,Not Placed
STU100074,22,Male,BSc Data Science,3,87.0,4.8,69.3,72.8,0,5.1,6.4,58.3,63.2,1,2,0,2,1,76.2,1,No,7.26,73.7,Good,Not Placed
STU100075,24,Female,BSc Computer Science,3,81.1,3.3,96.7,76.3,0,3.6,7.9,61.5,84.1,0,1,3,1,0,54.1,4,Yes,8.04,79.8,Good,Not Placed
STU100076,20,Female,BSc Computer Science,4,71.6,4.5,74.0,71.2,0,9.5,9.1,70.6,81.0,0,2,2,1,1,90.5,0,Yes,8.45,82.7,Excellent,Not Placed
STU100077,23,Female,BCA,3,82.4,2.1,94.7,66.3,1,7.9,7.7,38.9,43.0,3,2,2,3,0,91.6,0,No,7.86,78.2,Good,Not Placed
STU100078,18,Female,BSc Data Science,3,80.9,1.6,100.0,65.6,1,7.3,6.8,93.2,50.1,2,0,2,2,0,79.4,2,Yes,7.41,73.4,Good,Not Placed
STU100079,21,Male,BBA,4,86.8,1.8,98.6,68.7,1,5.5,9.6,60.1,71.5,2,1,1,1,0,79.6,0,No,7.27,73.6,Good,Not Placed
STU100080,19,Male,BCA,4,,2.7,89.3,73.3,1,6.6,6.4,70.9,62.8,2,1,2,0,4,69.8,4,Yes,8.75,85.1,Excellent,Not Placed
STU100081,21,Male,BSc Data Science,2,78.9,3.1,79.8,66.1,1,6.2,6.3,59.4,77.3,1,4,1,0,0,65.1,4,Yes,7.14,72.9,Good,Not Placed
STU100082,19,Male,BSc Data Science,3,82.3,4.9,92.0,78.3,1,8.1,5.0,68.1,58.5,2,1,3,1,3,82.4,0,Yes,9.29,92.5,Excellent,Placed
STU100083,23,Other,BSc Computer Science,3,83.2,2.2,81.7,52.4,0,5.4,5.8,71.7,78.2,2,0,0,2,0,74.1,3,No,6.78,66.4,Good,Not Placed
STU100084,23,Male,BCA,2,88.9,2.5,97.6,74.5,0,5.6,,77.5,64.9,2,0,3,2,3,79.5,3,Yes,7.11,70.9,Good,Not Placed
STU100085,23,Male,BSc Computer Science,2,95.4,6.6,89.0,83.6,1,7.8,4.7,43.4,74.5,3,0,3,1,1,83.7,3,Yes,10.0,98.7,Excellent,Not Placed
STU100086,19,Female,BCA,3,84.0,3.6,86.2,93.2,1,8.9,6.7,93.2,71.3,2,1,2,2,1,91.4,2,No,9.23,91.9,Excellent,Not Placed
STU100087,21,Female,BCA,3,83.3,3.9,82.5,71.1,0,5.8,6.0,32.7,60.5,6,0,2,0,0,72.9,4,No,7.76,75.3,Good,Not Placed
STU100088,23,Male,BTech CSE,4,75.8,4.6,76.6,79.8,1,7.7,8.7,71.4,92.3,1,2,2,0,1,78.3,1,No,8.28,81.1,Excellent,Not Placed
STU100089,22,Male,BSc Data Science,4,74.6,2.7,82.0,74.5,0,8.4,7.3,72.0,60.7,3,1,5,2,2,100.0,0,Yes,7.99,79.2,Good,Placed
STU100090,24,Male,BBA,3,70.7,3.5,85.2,84.2,0,4.8,7.9,58.0,100.0,2,0,1,0,1,76.7,3,Yes,8.93,89.0,Excellent,Not Placed
STU100091,19,Female,BCA,2,46.0,3.0,79.2,69.0,0,6.0,7.6,66.4,35.9,1,2,1,1,0,86.9,4,No,7.5,72.1,Good,Not Placed
STU100092,19,Male,BSc Data Science,3,69.6,3.4,85.3,77.9,0,3.4,5.1,70.7,47.7,0,0,1,0,2,58.1,1,Yes,7.56,76.7,Good,Not Placed
STU100093,21,Male,BCA,3,76.3,4.8,92.8,45.9,0,10.0,6.5,55.8,68.8,0,2,2,0,0,96.3,1,Yes,7.85,77.2,Good,Placed
STU100094,19,Male,BSc Data Science,3,74.9,4.5,85.1,83.8,0,6.9,7.5,30.1,40.4,0,1,3,0,2,73.1,2,Yes,7.64,76.4,Good,Not Placed
STU100095,19,Male,BBA,2,82.6,0.5,76.1,73.4,0,8.1,4.0,61.3,56.5,2,0,0,1,0,59.7,1,Yes,7.88,78.4,Good,Not Placed
STU100096,23,Female,BTech CSE,3,70.0,5.0,51.7,63.6,0,5.8,4.0,94.3,78.4,6,2,3,0,3,100.0,2,Yes,6.5,65.7,Good,Placed
STU100097,21,Male,BCA,4,70.4,3.0,95.4,75.2,0,5.6,7.1,53.2,62.1,2,1,2,0,0,82.0,0,No,7.27,72.7,Good,Not Placed
STU100098,23,Male,BSc Computer Science,4,56.9,4.1,80.8,88.9,0,6.3,6.4,60.2,76.8,1,0,2,1,1,81.6,3,Yes,8.34,84.4,Excellent,Placed
STU100099,24,Female,BSc Computer Science,4,82.7,2.9,84.2,60.4,0,6.2,1.2,61.1,87.7,3,1,1,0,1,53.7,0,Yes,6.94,68.9,Good,Not Placed
STU100100,24,Female,BCA,3,69.1,3.4,88.0,61.2,1,10.0,3.9,61.0,73.0,0,0,2,0,4,80.9,2,Yes,7.89,78.5,Good,Not Placed
STU100101,23,Male,BCA,2,70.8,5.5,,52.4,1,7.2,5.2,46.5,48.7,3,0,2,1,0,78.4,2,Yes,8.28,80.9,Excellent,Not Placed
STU100102,24,Female,BBA,2,83.6,4.0,90.3,61.2,0,7.7,7.6,79.6,62.9,0,2,0,3,3,87.5,4,No,8.34,83.6,Excellent,Placed
STU100103,21,Female,BBA,4,69.2,5.4,93.1,60.5,0,6.5,,72.4,64.1,2,0,1,0,2,90.0,4,Yes,8.41,83.8,Excellent,Not Placed
STU100104,18,Female,BBA,3,81.8,3.4,90.3,69.6,0,6.6,8.6,63.6,67.3,3,0,1,3,1,93.2,2,Yes,7.85,79.9,Good,Placed
STU100105,23,Male,BTech CSE,3,65.9,3.3,47.7,72.5,0,7.7,5.6,51.3,58.3,3,0,4,1,3,88.4,2,Yes,7.69,77.7,Good,Not Placed
STU100106,22,Female,BTech CSE,2,77.8,3.5,86.3,55.1,1,6.4,5.9,58.5,66.6,3,0,4,1,1,77.1,5,Yes,6.63,65.8,Good,Not Placed
STU100107,22,Male,BSc Data Science,3,71.9,1.6,84.8,75.7,0,9.0,10.0,74.7,79.2,1,1,3,2,1,94.9,1,Yes,7.51,75.4,Good,Placed
STU100108,19,Male,BCA,2,75.3,0.5,79.2,75.0,0,5.0,8.2,73.3,24.6,1,0,0,0,2,65.9,3,Yes,7.63,76.5,Good,Not Placed
STU100109,24,Male,BCA,2,93.1,2.3,87.3,74.7,1,8.7,8.5,66.8,74.7,3,0,1,0,1,99.1,1,Yes,7.38,72.7,Good,Placed
STU100110,22,Male,BTech CSE,3,61.6,5.0,82.2,61.4,0,8.6,5.6,75.2,54.1,3,0,2,0,1,93.9,2,Yes,7.88,81.1,Excellent,Placed
STU100111,19,Female,BTech CSE,3,92.2,5.6,75.8,95.0,0,10.0,6.4,96.5,34.9,1,0,3,1,0,99.6,1,Yes,8.84,88.5,Excellent,Not Placed
STU100112,18,Male,BTech CSE,2,68.8,0.5,95.6,79.6,1,3.4,6.8,83.4,38.2,3,0,0,0,3,67.6,3,Yes,6.98,68.6,Good,Not Placed
STU100113,21,Male,BBA,2,86.7,5.4,85.8,55.9,0,8.4,6.4,49.9,71.6,3,0,0,0,0,95.4,0,Yes,8.26,85.4,Excellent,Not Placed
STU100114,21,Female,BTech CSE,4,88.7,2.6,83.9,52.8,1,5.3,7.1,91.7,60.5,2,0,0,0,2,82.5,3,Yes,7.14,73.2,Good,Not Placed
STU100115,21,Male,BBA,3,82.3,1.4,59.1,62.3,2,8.1,7.1,64.5,89.4,2,1,2,1,1,85.1,3,Yes,6.48,62.8,Average,Not Placed
STU100116,22,Male,BCA,3,65.8,5.1,100.0,73.1,0,8.1,6.5,78.5,87.6,0,0,3,1,2,73.9,2,No,8.19,84.2,Excellent,Not Placed
STU100117,18,Male,BTech CSE,3,80.7,2.7,61.5,89.3,1,5.0,6.4,63.9,46.0,1,0,1,0,5,66.7,1,No,7.03,68.4,Good,Not Placed
STU100118,22,Male,BSc Computer Science,4,100.0,7.4,87.8,63.9,1,7.8,9.0,43.3,63.7,0,1,1,0,1,74.8,1,Yes,9.67,97.6,Excellent,Not Placed
STU100119,24,Male,BCA,2,78.1,2.5,89.8,53.4,0,5.9,5.4,71.2,87.4,2,0,2,0,3,64.4,1,No,7.34,73.8,Good,Not Placed
STU100120,22,Female,BBA,2,77.0,3.1,100.0,75.4,1,5.3,6.1,86.9,51.3,2,1,3,1,1,76.3,2,Yes,8.23,79.1,Good,Not Placed
STU100121,18,Male,BTech CSE,3,76.0,2.0,71.4,66.3,0,3.1,4.5,53.9,93.1,1,0,5,2,1,68.9,3,No,7.18,69.9,Good,Not Placed
STU100122,18,Male,BCA,2,83.2,3.7,73.1,73.3,1,9.0,,62.0,63.2,2,1,3,1,1,83.4,1,No,8.95,86.0,Excellent,Placed
STU100123,24,Female,BCA,3,77.1,4.7,90.8,70.0,1,6.3,6.0,96.6,70.8,5,0,3,0,0,84.1,6,Yes,8.41,82.7,Excellent,Placed
STU100124,18,Female,BTech CSE,3,80.8,0.9,89.2,68.7,1,4.6,7.0,86.0,66.1,1,0,4,1,1,87.3,3,No,6.45,63.9,Average,Placed
STU100125,18,Male,BSc Computer Science,4,75.1,4.5,100.0,84.3,0,7.1,8.1,80.5,68.2,2,0,2,0,2,81.8,1,Yes,8.29,80.8,Excellent,Placed
STU100126,21,Female,BBA,4,67.6,2.9,94.0,79.1,0,6.7,8.2,77.5,78.0,4,0,1,0,3,84.7,5,Yes,7.97,77.5,Good,Not Placed
STU100127,24,Male,BCA,4,100.0,2.2,78.3,74.6,0,4.8,9.0,72.1,51.4,1,0,2,1,1,87.2,1,No,7.12,74.8,Good,Not Placed
STU100128,20,Male,BCA,2,77.0,1.4,80.8,46.1,1,4.9,5.2,55.7,67.5,5,3,2,1,2,63.1,1,No,5.45,56.3,Average,Not Placed
STU100129,20,Male,BCA,4,100.0,5.0,87.8,68.9,1,8.5,5.4,60.7,67.2,2,2,0,0,2,83.0,3,No,8.97,90.4,Excellent,Placed
STU100130,18,Male,BCA,2,82.2,3.9,65.2,82.4,0,6.9,5.1,86.5,69.7,2,2,2,0,0,64.1,4,No,7.23,74.1,Good,Placed
STU100131,20,Female,BCA,3,84.0,2.6,88.2,60.3,0,5.3,9.7,65.7,83.5,1,1,3,0,1,75.5,1,Yes,7.0,69.2,Good,Not Placed
STU100132,20,Male,BBA,4,74.9,4.7,89.0,69.2,1,5.8,7.7,43.1,65.1,7,0,1,0,1,90.0,5,Yes,7.18,72.7,Good,Not Placed
STU100133,18,Female,BSc Data Science,2,72.1,4.3,73.1,71.3,0,5.8,8.2,69.4,72.3,0,1,2,1,1,74.7,4,Yes,8.1,79.2,Good,Placed
STU100134,20,Male,BSc Data Science,3,75.1,4.8,79.7,74.7,0,3.5,5.0,40.5,91.5,1,1,3,1,1,59.4,1,Yes,7.86,79.2,Good,Not Placed
STU100135,22,Female,BCA,2,69.7,6.0,60.2,67.1,1,8.2,6.8,58.1,77.6,3,2,1,0,3,90.9,1,No,7.79,76.3,Good,Not Placed
STU100136,19,Female,BCA,3,68.8,3.8,92.2,77.0,0,5.8,7.7,43.6,66.2,0,1,1,4,0,80.7,1,Yes,8.55,86.0,Excellent,Not Placed
STU100137,24,Female,BTech CSE,4,95.8,6.4,86.6,76.6,1,6.2,4.5,67.9,58.3,2,0,1,2,0,75.9,1,Yes,9.42,92.5,Excellent,Not Placed
STU100138,19,Male,BSc Computer Science,2,86.0,5.6,67.6,61.0,0,7.5,6.0,71.5,85.7,2,2,2,1,3,72.0,0,Yes,7.71,80.6,Excellent,Not Placed
STU100139,18,Female,BTech CSE,2,93.0,4.7,70.3,62.5,1,8.7,7.5,88.7,46.0,1,0,1,1,0,77.0,0,Yes,7.83,80.1,Excellent,Not Placed
STU100140,21,Male,BSc Data Science,3,89.2,1.0,77.2,74.0,0,6.9,3.3,76.1,73.1,1,0,2,0,3,66.0,5,Yes,8.25,83.0,Excellent,Not Placed
STU100141,24,Female,BSc Data Science,4,72.0,3.7,91.3,89.5,0,4.5,9.2,61.2,68.0,6,1,2,0,1,79.7,1,No,8.17,80.9,Excellent,Placed
STU100142,18,Female,BSc Computer Science,2,62.6,3.9,87.5,84.0,0,6.1,7.9,55.2,71.6,2,0,1,1,1,73.0,2,Yes,8.54,84.0,Excellent,Not Placed
STU100143,21,Female,BSc Data Science,3,73.4,3.8,73.0,65.2,1,6.4,5.0,74.3,79.6,5,1,5,1,2,87.5,1,Yes,7.59,76.0,Good,Not Placed
STU100144,19,Male,BTech CSE,4,78.9,3.3,75.5,62.3,0,3.2,6.7,44.3,56.9,1,2,3,1,1,68.8,3,Yes,7.97,75.6,Good,Not Placed
STU100145,18,Male,BSc Data Science,2,89.4,4.5,82.6,67.4,1,7.4,7.6,89.2,52.4,7,1,5,0,1,100.0,1,Yes,7.95,80.7,Excellent,Placed
STU100146,24,Male,BSc Computer Science,3,77.5,4.7,73.2,90.4,1,7.7,7.0,74.0,43.9,2,0,0,0,1,73.5,2,Yes,8.47,86.3,Excellent,Placed
STU100147,24,Male,BCA,4,100.0,1.0,76.3,71.8,0,6.7,6.7,51.6,65.8,2,2,3,0,0,85.2,2,Yes,7.44,73.9,Good,Not Placed
STU100148,23,Female,BTech CSE,3,73.7,5.5,89.6,74.2,0,5.0,6.6,56.6,81.4,2,2,0,0,4,79.2,2,Yes,7.03,72.8,Good,Not Placed
STU100149,22,Female,BBA,4,83.9,1.3,68.5,62.1,2,6.9,8.0,60.6,53.0,2,1,2,1,1,91.0,4,No,6.11,63.0,Average,Not Placed
STU100150,20,Female,BSc Computer Science,2,72.0,2.9,80.4,72.3,0,8.3,8.1,66.7,38.5,1,0,1,0,5,81.6,2,Yes,7.61,77.3,Good,Not Placed
STU100151,21,Male,BSc Computer Science,4,82.1,2.2,79.6,53.8,0,6.1,7.9,72.2,52.3,1,0,0,0,2,77.3,3,Yes,6.64,66.0,Good,Not Placed
STU100152,23,Female,BBA,4,76.7,2.4,81.5,55.4,0,7.9,7.9,64.2,72.9,2,0,0,0,1,80.4,1,No,8.34,81.2,Excellent,Not Placed
STU100153,20,Female,BSc Computer Science,2,75.5,5.1,84.9,73.0,0,7.3,7.6,72.6,64.9,3,1,0,2,0,73.1,0,No,7.5,77.2,Good,Not Placed
STU100154,20,Female,BCA,2,71.8,3.7,88.8,74.8,1,3.1,7.7,61.4,74.0,3,1,3,1,0,80.5,1,No,6.79,67.9,Good,Placed
STU100155,18,Female,BSc Data Science,4,79.5,4.5,90.6,67.0,0,5.6,9.5,88.2,77.4,5,1,0,0,1,87.6,1,No,7.27,78.3,Good,Placed
STU100156,20,Male,BTech CSE,3,86.4,4.4,78.2,75.8,0,7.4,6.6,78.7,81.2,4,1,4,0,2,95.2,2,Yes,8.76,89.3,Excellent,Not Placed
STU100157,22,Female,BTech CSE,3,68.2,0.6,80.3,56.5,0,6.7,4.1,83.3,52.5,4,0,0,0,4,73.4,2,Yes,6.7,67.2,Good,Not Placed
STU100158,24,Male,BSc Data Science,3,77.5,2.7,85.9,67.8,0,8.2,8.8,73.1,93.2,4,0,5,0,1,97.7,1,Yes,7.88,80.3,Excellent,Placed
STU100159,23,Male,BSc Data Science,4,,4.6,84.0,64.3,0,6.9,7.5,84.4,65.1,2,2,2,1,2,78.0,5,Yes,7.45,75.8,Good,Placed
STU100160,20,Male,BBA,4,84.8,4.5,88.3,70.9,2,7.7,7.6,38.3,75.0,4,1,2,1,1,78.1,4,No,8.29,82.0,Excellent,Not Placed
STU100161,18,Female,BCA,2,96.6,0.9,86.9,68.3,1,5.9,5.4,67.8,65.8,1,0,2,0,0,83.3,3,No,7.51,76.3,Good,Not Placed
STU100162,22,Female,BSc Data Science,2,83.8,5.0,72.9,99.2,0,7.1,4.1,89.1,74.8,3,0,0,2,2,71.4,1,Yes,9.28,94.0,Excellent,Not Placed
STU100163,19,Other,BCA,4,74.0,4.4,100.0,60.6,0,4.7,7.3,82.1,56.9,3,0,2,2,0,84.6,2,No,6.98,71.2,Good,Not Placed
STU100164,24,Female,BTech CSE,4,72.3,2.1,82.0,71.9,0,8.1,6.4,76.6,54.7,1,1,1,2,3,84.7,2,No,7.31,72.7,Good,Not Placed
STU100165,24,Male,BCA,3,72.2,4.1,89.7,100.0,2,7.0,6.8,58.3,70.2,3,1,3,0,1,84.3,6,Yes,8.51,84.7,Excellent,Placed
STU100166,23,Male,BTech CSE,4,71.6,3.2,88.7,79.3,1,4.3,6.0,77.6,80.6,0,1,1,0,1,71.7,1,Yes,8.22,79.9,Good,Not Placed
STU100167,24,Male,BCA,4,80.2,4.2,85.0,71.5,1,6.1,6.9,74.7,86.2,2,1,2,0,1,88.0,1,Yes,7.95,79.7,Good,Not Placed
STU100168,20,Male,BTech CSE,2,82.2,0.8,84.9,81.8,0,10.0,5.7,49.7,58.9,3,0,2,0,1,84.4,2,Yes,8.09,81.6,Excellent,Not Placed
STU100169,18,Male,BTech CSE,4,86.2,3.0,92.2,79.6,0,6.2,9.2,82.7,79.3,2,0,3,2,2,85.8,2,Yes,8.53,85.0,Excellent,Not Placed
STU100170,24,Male,BSc Data Science,3,84.6,5.3,79.7,58.8,1,5.9,6.5,65.5,70.4,2,1,1,1,0,69.3,2,Yes,8.36,85.9,Excellent,Not Placed
STU100171,24,Male,BSc Computer Science,2,90.5,4.3,90.5,53.4,0,5.1,8.2,54.2,66.0,0,1,1,1,1,75.4,4,No,8.02,76.7,Good,Not Placed
STU100172,19,Female,BSc Data Science,3,71.3,4.7,87.5,73.2,1,4.6,7.6,50.9,68.2,4,0,0,0,2,75.4,2,Yes,7.76,78.4,Good,Not Placed
STU100173,19,Male,BSc Data Science,4,94.4,3.1,,66.2,2,4.7,8.9,60.8,64.5,3,0,5,0,0,93.5,1,Yes,6.98,68.9,Good,Placed
STU100174,21,Female,BTech CSE,4,,4.3,76.5,99.3,0,10.0,7.1,71.6,72.7,2,0,3,0,3,96.8,0,No,10.0,98.2,Excellent,Not Placed
STU100175,22,Female,BCA,3,81.5,3.3,82.9,85.4,1,7.2,8.3,61.7,37.9,0,0,2,0,2,78.2,3,Yes,9.04,87.5,Excellent,Not Placed
STU100176,20,Male,BTech CSE,2,76.1,2.1,72.6,85.4,0,4.0,8.0,55.4,40.7,1,2,1,1,1,77.2,1,Yes,7.27,73.1,Good,Not Placed
STU100177,24,Male,BCA,3,77.8,3.1,94.2,43.6,0,6.5,9.3,58.4,53.7,0,0,1,0,1,81.1,2,No,8.15,82.0,Excellent,Not Placed
STU100178,24,Male,BCA,4,84.7,5.7,73.9,64.9,0,8.4,7.9,70.6,77.5,3,0,1,1,2,83.6,0,No,9.54,93.4,Excellent,Not Placed
STU100179,18,Male,BSc Data Science,4,63.6,5.2,85.7,71.9,0,7.3,5.6,81.4,71.6,3,0,1,0,2,87.9,3,Yes,8.35,84.3,Excellent,Not Placed
STU100180,21,Female,BSc Computer Science,3,69.7,2.0,77.0,63.2,0,4.0,6.5,68.9,67.2,0,1,2,1,3,62.0,1,Yes,7.1,71.3,Good,Not Placed
STU100181,22,Male,BSc Data Science,3,85.5,2.9,94.6,64.5,0,7.7,4.9,92.9,85.5,2,1,5,0,3,92.5,1,No,7.33,72.9,Good,Placed
STU100182,21,Male,BTech CSE,2,78.0,2.1,81.4,68.9,0,6.6,6.3,55.5,57.8,2,1,0,0,0,69.0,3,Yes,6.49,63.3,Average,Not Placed
STU100183,23,Male,BCA,3,75.4,3.8,89.2,73.5,0,6.9,4.6,59.0,71.8,2,0,0,1,1,75.6,1,No,7.57,74.5,Good,Not Placed
STU100184,22,Other,BCA,3,66.8,5.0,70.1,100.0,0,9.8,8.0,75.8,59.2,1,2,2,0,2,71.5,0,No,8.75,87.4,Excellent,Placed
STU100185,24,Female,BTech CSE,4,75.5,6.5,75.1,63.9,2,6.5,3.9,65.7,60.2,1,2,0,0,0,70.6,3,No,7.6,74.9,Good,Not Placed
STU100186,24,Female,BTech CSE,2,84.8,1.4,88.7,82.1,2,5.2,5.1,83.9,89.6,4,1,0,1,1,80.3,3,No,6.46,68.5,Good,Not Placed
STU100187,22,Male,BCA,3,72.4,4.8,96.2,89.6,2,3.4,7.3,49.0,61.6,0,2,3,1,3,76.5,3,No,8.33,82.9,Excellent,Not Placed
STU100188,24,Female,BSc Computer Science,3,91.6,3.5,87.8,60.1,0,5.3,8.1,72.1,68.8,0,0,3,1,0,89.4,2,No,7.43,76.2,Good,Placed
STU100189,20,Female,BSc Data Science,3,88.8,2.9,100.0,96.1,1,5.1,3.6,77.6,64.7,2,2,0,0,0,61.7,4,No,8.94,88.0,Excellent,Not Placed
STU100190,22,Female,BTech CSE,3,74.5,2.1,90.7,74.8,0,3.1,7.4,42.6,64.3,4,1,3,0,3,80.9,4,Yes,7.24,73.7,Good,Not Placed
STU100191,21,Other,BTech CSE,3,72.1,6.2,82.2,42.1,0,7.7,7.8,49.6,73.0,0,0,2,1,1,88.7,2,Yes,8.31,85.1,Excellent,Placed
STU100192,22,Male,BTech CSE,3,50.4,1.1,78.5,86.7,0,7.4,4.1,59.3,48.1,1,2,6,0,3,80.1,4,Yes,7.15,73.4,Good,Not Placed
STU100193,24,Female,BTech CSE,4,67.2,2.8,100.0,52.6,1,6.5,3.9,49.0,47.6,1,0,2,1,2,70.1,1,Yes,6.87,68.9,Good,Not Placed
STU100194,20,Female,BCA,3,66.6,4.1,90.9,89.5,0,4.7,6.8,66.8,63.7,1,0,2,1,1,70.6,3,No,8.23,77.5,Good,Not Placed
STU100195,20,Male,BTech CSE,4,63.7,4.2,76.3,83.7,3,6.9,7.6,77.6,61.4,0,0,3,1,1,80.6,1,No,6.45,67.4,Good,Not Placed
STU100196,23,Male,BSc Computer Science,3,77.6,5.4,74.8,59.5,1,7.6,6.1,60.5,76.2,2,1,2,0,1,86.3,1,Yes,7.69,77.5,Good,Not Placed
STU100197,21,Female,BCA,3,81.1,2.2,74.7,67.3,1,9.7,7.1,78.4,80.7,1,0,4,1,2,87.8,1,Yes,7.05,70.8,Good,Not Placed
STU100198,19,Male,BSc Data Science,3,96.1,4.4,87.6,80.2,2,7.1,6.8,53.6,47.8,0,0,3,0,0,91.1,1,Yes,8.51,88.5,Excellent,Not Placed
STU100199,19,Female,BBA,4,78.7,3.4,65.3,65.3,0,7.3,10.0,57.0,48.2,2,1,0,3,2,82.0,2,Yes,7.39,76.2,Good,Not Placed
STU100200,22,Female,BTech CSE,3,57.7,3.6,76.4,92.9,2,6.8,3.2,58.4,60.0,1,0,1,1,0,66.4,3,No,7.74,77.0,Good,Not Placed
STU100201,23,Female,BCA,2,70.5,2.8,85.3,83.0,0,6.2,6.0,65.1,58.1,4,0,3,0,1,91.7,1,Yes,8.77,86.3,Excellent,Not Placed
STU100202,18,Male,BTech CSE,4,84.1,3.7,82.3,54.1,1,7.9,6.2,44.9,66.2,1,1,2,0,1,100.0,2,Yes,7.73,77.9,Good,Not Placed
STU100203,22,Female,BTech CSE,2,77.2,3.3,77.0,69.9,0,6.4,4.1,47.6,80.2,5,1,1,0,2,86.0,3,Yes,7.96,80.5,Excellent,Placed
STU100204,23,Male,BCA,4,86.6,3.0,89.6,78.2,1,6.2,7.4,45.5,70.2,6,0,3,0,1,96.4,0,Yes,7.55,77.1,Good,Placed
STU100205,21,Male,BSc Computer Science,2,72.9,2.7,89.6,62.6,0,5.8,5.9,71.3,75.7,2,0,2,1,0,76.7,3,Yes,6.64,66.7,Good,Not Placed
STU100206,21,Male,BTech CSE,3,89.5,4.1,79.6,85.1,0,6.0,5.4,72.7,57.8,4,1,0,0,3,59.4,2,No,7.91,80.8,Excellent,Not Placed
STU100207,21,Female,BSc Data Science,2,80.5,1.5,76.2,79.4,1,7.1,4.8,24.5,53.0,0,1,5,0,0,77.5,0,Yes,6.46,66.5,Good,Not Placed
STU100208,21,Male,BCA,4,80.7,3.2,91.5,80.6,0,7.6,7.0,91.0,54.7,1,0,2,3,1,81.5,2,No,8.09,81.5,Excellent,Not Placed
STU100209,21,Female,BTech CSE,3,79.5,2.3,80.3,68.2,0,5.2,7.6,40.6,60.0,3,0,5,1,0,92.0,4,Yes,6.85,67.8,Good,Not Placed
STU100210,23,Female,BBA,3,70.3,3.3,82.2,59.8,0,6.9,6.5,80.6,67.5,1,0,0,0,0,70.9,4,Yes,7.23,74.1,Good,Not Placed
STU100211,23,Female,BSc Computer Science,2,77.4,3.3,90.6,86.6,0,4.9,8.3,82.8,64.1,3,0,2,0,1,98.0,1,Yes,8.25,83.0,Excellent,Placed
STU100212,20,Female,BTech CSE,3,80.9,4.8,69.9,93.1,0,7.6,7.4,83.9,56.0,0,1,1,1,3,81.2,1,Yes,8.96,88.8,Excellent,Placed
STU100213,19,Male,BSc Data Science,4,64.0,4.5,76.3,84.4,0,9.1,9.7,58.9,64.9,2,1,0,0,1,95.7,2,Yes,8.61,86.5,Excellent,Placed
STU100214,24,Female,BCA,3,78.8,3.9,79.1,82.7,0,7.5,5.1,69.5,56.5,2,1,1,0,1,78.8,1,Yes,8.82,85.9,Excellent,Not Placed
STU100215,21,Male,BSc Computer Science,2,90.1,3.8,100.0,72.7,0,5.9,4.5,65.4,45.6,3,0,1,0,1,78.5,0,Yes,8.94,89.4,Excellent,Not Placed
STU100216,18,Female,BSc Data Science,3,82.3,3.2,68.2,63.5,2,8.3,7.8,93.3,75.7,2,0,2,0,3,87.6,0,Yes,7.45,74.8,Good,Placed
STU100217,24,Male,BTech CSE,3,91.7,3.2,82.4,80.9,2,4.3,6.4,64.3,64.1,2,0,2,1,1,76.7,4,Yes,7.42,72.9,Good,Not Placed
STU100218,23,Male,BCA,2,82.1,0.9,72.2,64.5,0,7.0,4.7,87.4,66.2,2,0,0,1,3,93.5,2,Yes,6.08,61.4,Average,Not Placed
STU100219,18,Female,BSc Data Science,2,69.0,4.6,100.0,84.0,1,10.0,5.2,53.8,69.0,2,1,0,0,0,85.3,0,Yes,9.22,88.9,Excellent,Placed
STU100220,18,Male,BSc Data Science,4,85.9,3.9,84.9,75.3,1,4.9,8.0,59.3,62.5,3,0,0,0,0,76.2,2,Yes,7.75,78.7,Good,Placed
STU100221,18,Male,BBA,4,66.6,5.3,71.5,54.3,2,5.9,8.3,63.8,69.8,0,1,1,1,3,82.0,1,Yes,6.32,62.9,Average,Not Placed
STU100222,20,Female,BCA,2,75.9,2.7,63.9,72.7,0,6.1,8.0,68.3,96.1,1,2,1,0,0,76.3,3,Yes,6.79,66.6,Good,Not Placed
STU100223,23,Female,BCA,4,75.2,5.4,88.7,57.1,0,4.5,7.0,67.2,83.2,1,1,0,0,0,67.5,0,Yes,7.12,70.2,Good,Not Placed
STU100224,18,Female,BCA,2,,3.2,84.1,55.3,0,5.1,6.4,59.7,53.5,2,0,2,1,4,65.9,1,No,6.96,68.9,Good,Not Placed
STU100225,21,Male,BTech CSE,3,100.0,2.6,89.0,45.4,1,6.6,6.5,38.4,36.8,0,1,3,0,2,87.0,2,Yes,7.03,69.7,Good,Not Placed
STU100226,22,Female,BCA,3,77.3,5.8,70.9,55.8,1,9.4,7.2,50.3,80.7,2,1,3,0,1,85.3,1,No,7.51,79.1,Good,Placed
STU100227,18,Male,BCA,3,96.1,4.0,100.0,57.7,0,7.4,7.1,75.7,72.7,5,1,1,1,1,87.8,2,No,8.07,82.2,Excellent,Not Placed
STU100228,20,Female,BCA,3,81.4,6.0,82.9,87.3,1,8.5,5.2,80.3,73.5,5,0,0,0,1,80.0,2,Yes,9.05,88.7,Excellent,Placed
STU100229,24,Female,BTech CSE,4,69.8,3.8,86.7,78.9,0,8.0,8.4,64.0,55.9,6,1,0,1,1,100.0,2,Yes,7.67,80.4,Excellent,Placed
STU100230,23,Female,BCA,4,73.9,4.7,88.9,96.0,1,7.1,6.9,56.7,55.2,2,0,1,0,1,87.0,3,Yes,9.1,88.6,Excellent,Not Placed
STU100231,20,Male,BSc Data Science,2,77.6,5.0,83.1,69.7,1,,3.3,44.4,67.5,2,1,0,1,0,55.2,5,Yes,7.68,77.1,Good,Not Placed
STU100232,18,Male,BSc Data Science,3,74.6,3.1,96.4,56.5,0,9.4,4.8,87.4,70.6,2,2,5,0,0,86.6,3,Yes,7.56,74.9,Good,Not Placed
STU100233,23,Male,BSc Computer Science,4,75.3,4.0,76.2,71.9,0,8.4,6.1,75.6,97.8,0,1,4,0,0,80.8,1,Yes,7.34,72.4,Good,Not Placed
STU100234,22,Male,BTech CSE,3,83.7,3.7,93.2,66.9,1,7.0,7.1,50.8,78.0,2,1,2,1,1,80.6,1,No,8.17,81.4,Excellent,Not Placed
STU100235,18,Male,BSc Computer Science,3,81.7,4.7,96.7,77.1,1,4.2,6.8,72.7,69.1,5,0,3,0,1,76.2,4,Yes,7.73,76.1,Good,Not Placed
STU100236,20,Female,BBA,3,84.9,1.9,93.4,54.9,0,3.9,5.7,69.0,20.6,1,1,0,0,3,65.7,5,No,6.62,65.1,Good,Not Placed
STU100237,19,Male,BBA,3,93.3,4.4,97.8,72.6,0,4.3,8.8,82.5,69.1,2,0,2,2,1,80.7,0,Yes,8.79,88.2,Excellent,Placed
STU100238,21,Female,BSc Data Science,2,73.3,4.9,74.0,88.2,1,5.3,8.0,70.4,67.3,0,0,0,0,2,74.8,4,No,8.22,81.2,Excellent,Not Placed
STU100239,24,Male,BTech CSE,4,89.1,2.5,87.5,88.4,0,7.2,6.7,66.7,47.0,1,0,2,0,2,85.7,5,No,9.22,90.7,Excellent,Placed
STU100240,20,Female,BTech CSE,4,91.9,2.2,86.6,86.3,0,6.1,4.3,76.6,74.9,6,1,2,1,2,81.0,1,Yes,8.08,80.4,Excellent,Placed
STU100241,23,Female,BTech CSE,3,90.9,1.0,82.8,78.6,1,6.7,6.3,81.7,86.0,1,1,2,1,2,84.2,1,No,6.79,65.8,Good,Not Placed
STU100242,18,Male,BSc Data Science,4,60.4,6.6,88.9,83.3,1,7.5,6.2,68.1,96.0,2,1,1,1,1,86.9,2,Yes,9.24,92.5,Excellent,Placed
STU100243,21,Male,BSc Computer Science,3,96.0,2.4,95.3,71.5,0,8.9,4.1,52.3,67.1,3,0,3,0,2,77.7,0,No,8.27,81.0,Excellent,Placed
STU100244,18,Female,BSc Data Science,2,71.6,5.6,74.1,77.0,2,5.4,7.6,76.1,56.4,3,1,1,0,1,75.1,1,Yes,7.55,77.4,Good,Not Placed
STU100245,23,Male,BTech CSE,4,59.6,3.2,68.7,70.5,0,3.5,7.1,76.7,84.7,3,1,3,1,2,86.6,1,Yes,6.43,62.9,Average,Not Placed
STU100246,18,Female,BCA,3,95.7,5.1,79.7,65.4,1,5.1,5.2,72.4,52.7,3,1,3,0,3,75.9,1,Yes,7.37,72.6,Good,Not Placed
STU100247,19,Female,BCA,3,83.1,4.4,54.7,75.1,1,7.6,7.2,73.9,67.9,2,0,2,1,1,76.8,0,No,7.29,74.0,Good,Not Placed
STU100248,21,Female,BSc Data Science,3,83.5,6.7,81.2,92.4,2,8.0,8.4,60.8,46.3,4,0,0,0,2,90.0,2,Yes,9.59,93.3,Excellent,Not Placed
STU100249,21,Male,BCA,4,74.7,5.7,97.7,75.3,0,8.0,7.6,69.9,83.1,1,2,0,1,1,84.7,2,No,9.32,95.4,Excellent,Placed
STU100250,23,Female,BSc Computer Science,4,79.8,3.8,66.3,77.8,0,5.2,5.9,81.4,55.5,2,1,1,1,0,68.3,4,No,7.35,75.0,Good,Placed
STU100251,24,Female,BCA,4,76.6,4.0,77.4,81.3,2,7.1,10.0,74.0,79.2,2,4,2,2,2,81.1,1,Yes,8.06,77.1,Good,Placed
STU100252,19,Female,BSc Data Science,2,71.8,4.5,69.5,75.9,0,9.2,7.5,81.2,66.2,0,0,2,1,2,86.2,1,Yes,7.83,79.1,Good,Placed
STU100253,20,Male,BBA,4,78.2,7.5,86.4,69.4,0,7.9,5.8,81.0,74.3,1,0,5,1,2,80.0,2,No,9.51,93.7,Excellent,Not Placed
STU100254,18,Female,BSc Data Science,2,79.1,3.6,89.0,81.4,0,3.3,9.4,93.5,60.4,2,3,1,1,0,70.4,1,Yes,7.96,80.1,Excellent,Not Placed
STU100255,22,Male,BTech CSE,4,64.8,1.6,82.2,63.2,0,6.4,3.9,84.0,70.3,1,0,2,2,2,75.2,1,Yes,7.19,73.1,Good,Placed
STU100256,18,Female,BCA,2,78.6,3.9,74.5,86.1,0,5.9,4.9,60.4,80.2,2,1,0,1,3,62.5,2,Yes,7.65,75.8,Good,Not Placed
STU100257,18,Male,BCA,3,60.1,2.5,84.1,87.1,0,3.8,6.0,61.7,57.4,1,0,1,1,2,67.8,2,Yes,5.91,61.3,Average,Not Placed
STU100258,20,Female,BTech CSE,3,97.2,3.8,95.6,71.4,1,9.1,8.4,42.3,71.1,2,2,2,0,0,81.4,3,Yes,9.36,92.2,Excellent,Placed
STU100259,18,Male,BTech CSE,4,77.0,5.2,91.8,64.1,1,4.0,5.7,56.8,85.1,0,1,5,0,2,72.5,2,Yes,7.49,76.1,Good,Not Placed
STU100260,19,Female,BSc Data Science,4,67.3,4.3,77.5,97.6,2,6.3,6.6,74.7,51.1,2,0,3,0,3,74.9,2,No,7.91,80.0,Excellent,Not Placed
STU100261,19,Female,BBA,3,83.1,2.6,,63.6,0,8.9,5.3,80.8,54.5,1,1,2,0,1,81.6,2,No,7.48,73.2,Good,Not Placed
STU100262,21,Female,BBA,3,70.5,3.2,78.1,68.5,1,4.9,7.9,54.9,53.6,2,0,3,1,1,86.4,0,Yes,6.9,69.2,Good,Not Placed
STU100263,23,Male,BBA,4,77.7,1.9,87.4,47.9,0,6.4,7.6,79.4,61.5,6,1,2,0,1,85.7,4,Yes,6.76,66.0,Good,Not Placed
STU100264,24,Male,BSc Data Science,2,82.6,5.4,66.8,88.5,2,7.4,4.5,70.1,41.7,7,0,0,1,1,82.3,2,Yes,7.95,79.7,Good,Placed
STU100265,22,Other,BCA,4,67.8,4.7,88.0,54.8,1,5.1,6.7,84.0,66.7,1,1,2,1,1,76.2,2,Yes,6.64,68.2,Good,Not Placed
STU100266,18,Male,BSc Computer Science,4,97.5,1.9,76.0,77.9,1,5.5,7.2,84.6,93.1,3,0,3,0,1,83.6,4,No,6.99,70.0,Good,Placed
STU100267,18,Female,BTech CSE,2,98.4,7.3,79.1,75.7,0,7.0,6.5,73.6,67.0,0,0,0,1,1,71.2,1,Yes,9.45,95.6,Excellent,Not Placed
STU100268,20,Female,BCA,2,72.7,3.2,74.0,71.1,1,7.6,6.7,63.4,98.4,0,0,1,0,1,66.8,2,Yes,7.19,72.5,Good,Not Placed
STU100269,23,Female,BTech CSE,3,66.8,3.9,90.0,65.5,2,7.9,5.7,72.3,40.3,3,2,2,0,1,95.9,3,Yes,7.6,75.3,Good,Not Placed
STU100270,19,Male,BCA,2,72.7,3.0,75.5,77.3,1,4.8,8.1,81.8,45.9,0,1,0,2,0,75.4,5,Yes,7.05,71.0,Good,Not Placed
STU100271,22,Female,BSc Computer Science,3,73.2,4.1,71.4,92.9,0,3.6,5.6,85.4,38.1,4,3,2,0,2,86.8,5,Yes,7.17,72.6,Good,Placed
STU100272,21,Female,BSc Data Science,4,89.1,3.6,75.6,69.0,1,8.0,8.3,64.1,23.5,1,1,2,0,1,98.0,0,No,6.94,69.9,Good,Not Placed
STU100273,19,Male,BTech CSE,3,72.9,1.4,70.1,52.1,0,8.7,6.8,86.3,66.6,2,0,6,0,2,92.4,0,Yes,7.17,72.3,Good,Not Placed
STU100274,23,Female,BSc Data Science,2,,5.3,91.5,50.3,1,10.0,6.0,66.0,46.9,0,0,1,0,1,78.6,3,No,7.92,78.6,Good,Not Placed
STU100275,24,Male,BTech CSE,3,79.0,2.3,69.9,69.7,1,10.0,6.7,100.0,30.1,2,0,1,1,2,83.6,4,Yes,7.63,76.7,Good,Not Placed
STU100276,21,Male,BSc Computer Science,3,63.1,4.9,81.5,66.5,2,9.7,6.9,61.0,59.6,1,0,0,1,2,77.0,4,Yes,8.42,83.1,Excellent,Not Placed
STU100277,24,Male,BTech CSE,4,88.7,3.2,74.8,69.9,3,4.6,6.2,56.1,65.4,3,0,6,0,2,81.1,1,Yes,6.2,62.8,Average,Not Placed
STU100278,20,Male,BBA,2,84.0,3.6,99.3,75.4,1,6.2,6.2,80.5,70.2,1,1,2,2,2,67.8,3,No,8.4,85.3,Excellent,Placed
STU100279,20,Female,BTech CSE,3,72.0,4.2,86.7,66.2,1,7.7,5.2,78.9,62.5,3,2,2,0,1,91.9,0,No,7.67,76.6,Good,Not Placed
STU100280,18,Male,BBA,4,73.1,3.7,75.1,100.0,0,7.3,9.1,51.5,74.1,3,3,2,0,3,96.6,3,Yes,9.01,88.5,Excellent,Not Placed
STU100281,24,Male,BCA,3,80.5,4.6,83.9,76.6,0,6.2,5.5,67.0,50.0,4,0,0,0,1,65.7,2,Yes,8.6,84.4,Excellent,Not Placed
STU100282,23,Male,BSc Data Science,3,67.0,2.4,72.0,82.8,1,8.9,4.9,76.3,48.8,2,1,2,0,1,82.0,2,No,7.48,73.7,Good,Not Placed
STU100283,22,Female,BCA,2,70.1,5.1,89.4,70.1,1,5.6,7.5,68.6,85.0,3,1,1,1,0,85.0,1,Yes,8.51,83.1,Excellent,Not Placed
STU100284,21,Female,BCA,4,75.7,2.0,83.8,70.2,0,6.9,3.8,81.3,91.3,3,1,0,1,1,73.2,1,Yes,7.97,78.8,Good,Not Placed
STU100285,19,Male,BTech CSE,3,64.8,2.1,86.6,64.9,0,6.6,6.8,73.8,43.6,1,0,3,0,0,78.4,1,Yes,7.49,74.4,Good,Placed
STU100286,23,Male,BCA,4,73.5,4.4,71.5,72.9,0,7.4,5.0,79.7,68.7,0,0,2,2,0,76.4,3,Yes,8.34,81.7,Excellent,Not Placed
STU100287,23,Female,BSc Computer Science,4,67.3,5.1,66.8,53.7,0,7.5,7.5,71.6,50.6,2,0,4,0,3,91.8,1,No,6.5,66.5,Good,Not Placed
STU100288,20,Male,BSc Computer Science,3,92.3,3.9,63.7,52.7,1,5.0,6.5,82.2,48.9,1,0,1,2,1,62.5,1,Yes,7.58,73.1,Good,Not Placed
STU100289,24,Male,BSc Computer Science,3,74.0,5.7,64.5,64.6,1,1.5,5.4,82.5,68.7,3,1,2,1,3,55.7,2,No,7.25,73.0,Good,Not Placed
STU100290,18,Male,BSc Computer Science,2,68.5,2.2,82.1,60.6,0,,6.5,70.6,69.3,1,1,1,0,1,79.4,2,Yes,7.01,68.9,Good,Not Placed
STU100291,18,Female,BTech CSE,3,84.7,1.8,100.0,64.6,0,6.9,7.5,67.8,57.9,1,0,0,4,0,73.3,4,No,7.23,72.2,Good,Not Placed
STU100292,21,Male,BCA,4,71.7,4.8,77.6,68.0,1,7.4,6.1,63.2,59.1,1,0,2,0,2,70.5,2,No,8.1,81.3,Excellent,Not Placed
STU100293,20,Male,BSc Data Science,3,67.0,3.7,75.6,68.5,0,5.4,6.2,64.3,47.2,2,1,0,0,3,70.9,3,No,6.63,65.7,Good,Not Placed
STU100294,23,Male,BSc Computer Science,3,86.9,4.7,81.4,81.8,0,7.0,8.3,72.5,82.9,2,1,4,0,3,81.2,2,Yes,8.81,87.5,Excellent,Placed
STU100295,22,Other,BTech CSE,4,74.8,2.0,73.4,81.3,1,7.0,7.5,78.3,63.7,1,1,2,1,1,76.3,3,No,7.29,70.9,Good,Not Placed
STU100296,20,Male,BSc Data Science,2,86.4,2.8,67.9,71.7,0,5.3,6.0,84.4,50.2,3,1,2,0,0,81.2,1,Yes,6.8,65.0,Good,Not Placed
STU100297,21,Female,BTech CSE,3,77.8,6.1,74.8,95.8,1,6.2,6.9,44.2,64.2,3,0,0,1,3,72.0,1,Yes,9.44,92.5,Excellent,Not Placed
STU100298,21,Male,BSc Data Science,3,79.3,3.2,79.5,66.4,1,4.3,6.3,36.0,59.9,2,0,0,0,3,78.5,1,No,7.9,81.5,Excellent,Not Placed
STU100299,20,Male,BSc Data Science,3,83.6,5.6,100.0,82.0,1,3.0,8.5,66.0,52.4,2,3,2,0,2,57.9,3,Yes,8.88,88.6,Excellent,Not Placed
STU100300,21,Female,BCA,4,71.7,4.7,76.6,78.1,1,8.7,4.1,69.9,50.9,3,1,0,0,1,74.4,2,No,7.97,80.3,Excellent,Not Placed
STU100301,20,Male,BSc Computer Science,3,69.9,3.1,84.1,69.4,0,6.9,7.7,40.7,49.1,4,2,3,1,2,92.1,2,No,7.08,71.6,Good,Not Placed
STU100302,19,Female,BTech CSE,3,90.0,5.6,66.9,70.4,0,5.9,7.6,71.2,47.3,0,0,3,0,0,83.8,1,Yes,8.9,88.0,Excellent,Not Placed
STU100303,20,Female,BCA,3,83.8,4.0,89.6,66.7,0,7.2,5.6,52.3,65.8,4,0,1,4,0,88.6,3,No,7.44,74.8,Good,Not Placed
STU100304,24,Female,BSc Data Science,2,77.3,3.5,73.9,81.1,2,7.3,5.3,69.9,59.5,3,1,3,1,2,78.7,0,Yes,7.94,78.2,Good,Not Placed
STU100305,20,Male,BTech CSE,3,86.0,3.4,69.6,87.0,0,10.0,8.6,41.2,97.7,1,2,0,0,3,84.3,1,No,8.47,86.0,Excellent,Placed
STU100306,21,Female,BSc Data Science,3,83.4,4.2,70.7,72.4,0,8.9,,60.2,75.4,5,0,1,0,0,89.0,2,Yes,8.55,86.9,Excellent,Not Placed
STU100307,24,Male,BCA,4,87.4,1.8,74.9,49.6,0,7.1,9.1,71.7,69.3,1,1,2,1,1,84.6,4,No,6.37,63.9,Average,Placed
STU100308,21,Female,BTech CSE,4,66.6,4.8,69.3,78.6,0,10.0,5.2,76.1,60.0,3,0,2,0,1,88.4,0,No,8.98,89.1,Excellent,Placed
STU100309,18,Female,BCA,3,77.4,4.2,85.2,69.9,0,6.3,6.7,69.5,59.9,3,0,2,0,1,83.5,2,Yes,7.77,76.6,Good,Not Placed
STU100310,18,Female,BTech CSE,3,89.3,2.6,70.1,59.3,0,8.7,5.9,52.8,41.6,2,0,1,1,5,81.8,3,No,7.69,76.3,Good,Not Placed
STU100311,24,Male,BCA,2,94.8,1.6,89.1,72.9,4,5.5,6.1,73.4,45.9,0,0,2,0,2,72.4,1,No,6.88,68.6,Good,Not Placed
STU100312,19,Female,BTech CSE,2,72.6,3.1,76.4,67.8,0,6.6,7.3,56.0,47.6,1,1,1,0,2,78.1,1,No,7.09,68.8,Good,Not Placed
STU100313,18,Male,BSc Computer Science,3,79.6,3.9,71.9,58.8,1,7.7,5.6,74.4,39.2,1,1,2,0,2,83.3,1,Yes,8.23,82.9,Excellent,Not Placed
STU100314,20,Female,BTech CSE,3,78.2,3.7,74.5,69.3,0,6.9,6.5,91.4,63.7,3,4,2,1,0,78.9,4,Yes,8.32,79.3,Good,Placed
STU100315,21,Male,BCA,3,65.6,3.7,70.8,88.9,1,7.0,5.6,63.6,39.1,4,0,0,2,1,69.6,3,Yes,8.06,82.0,Excellent,Not Placed
STU100316,18,Male,BTech CSE,3,75.1,4.5,82.2,73.7,0,7.0,7.8,97.2,69.9,1,1,0,0,2,79.9,3,No,7.86,77.0,Good,Not Placed
STU100317,18,Female,BSc Computer Science,4,62.2,1.8,76.0,72.3,0,8.8,9.9,76.6,62.1,1,1,2,1,2,83.9,1,No,7.71,76.4,Good,Placed
STU100318,19,Female,BSc Computer Science,3,76.3,3.4,94.2,77.4,1,6.7,8.9,64.6,90.2,1,2,1,1,0,88.0,3,No,8.77,84.7,Excellent,Placed
STU100319,24,Male,BSc Computer Science,4,67.6,3.9,56.6,74.8,0,5.4,5.3,94.6,69.4,3,0,3,1,2,75.1,4,No,6.1,63.3,Average,Not Placed
STU100320,24,Female,BTech CSE,2,79.7,4.2,94.8,68.6,1,6.4,6.0,68.0,47.0,5,0,2,0,0,77.5,2,Yes,7.46,75.0,Good,Not Placed
STU100321,23,Male,BBA,3,74.9,4.8,74.6,74.3,2,8.8,6.7,55.8,43.3,0,1,4,0,0,89.6,0,No,8.65,88.9,Excellent,Not Placed
STU100322,19,Male,BCA,4,74.7,3.2,99.6,73.0,1,8.0,3.5,59.4,88.9,2,2,5,1,5,89.3,0,Yes,8.89,87.2,Excellent,Placed
STU100323,20,Male,BCA,3,93.5,3.6,83.3,46.2,3,6.3,6.7,69.1,50.7,2,2,5,2,1,98.9,2,Yes,6.72,66.7,Good,Not Placed
STU100324,24,Male,BTech CSE,4,78.7,2.4,95.2,78.4,0,5.1,7.6,58.3,54.3,1,3,4,1,4,84.3,2,Yes,7.88,77.3,Good,Not Placed
STU100325,21,Male,BCA,2,96.8,4.1,81.2,72.5,1,5.5,6.8,62.9,58.8,2,1,2,1,2,89.2,3,Yes,7.23,70.6,Good,Placed
STU100326,19,Female,BBA,3,82.5,2.2,80.5,78.5,0,6.5,6.6,59.6,64.2,2,1,4,2,0,72.5,4,No,8.07,79.4,Good,Not Placed
STU100327,18,Male,BSc Computer Science,3,86.2,4.4,71.6,71.8,2,6.4,5.7,76.0,89.0,3,1,0,0,0,73.4,1,Yes,7.94,80.8,Excellent,Placed
STU100328,21,Male,BSc Computer Science,3,69.3,5.3,81.0,67.8,2,5.2,6.2,95.8,67.6,2,1,2,1,1,63.5,0,No,7.81,80.4,Excellent,Not Placed
STU100329,21,Female,BCA,4,71.1,4.2,71.0,60.6,0,8.2,6.0,66.2,66.1,2,1,2,0,3,88.9,1,Yes,8.16,80.5,Excellent,Placed
STU100330,18,Male,BCA,4,78.2,5.4,84.1,73.9,1,5.5,5.1,55.5,63.6,2,1,0,0,5,74.6,1,No,7.41,74.3,Good,Not Placed
STU100331,19,Male,BSc Computer Science,4,90.1,2.8,83.8,73.9,2,4.9,,67.0,66.0,2,1,1,1,2,79.4,3,No,6.57,66.5,Good,Not Placed
STU100332,18,Female,BBA,3,74.4,1.7,80.7,88.2,0,6.1,9.3,54.4,77.9,2,0,2,1,2,94.9,2,Yes,7.24,74.6,Good,Not Placed
STU100333,23,Female,BBA,3,63.7,3.3,95.6,66.2,0,7.3,5.8,100.0,56.7,1,1,1,0,0,84.5,0,Yes,6.95,68.3,Good,Not Placed
STU100334,21,Female,BCA,3,82.0,2.6,87.5,84.9,0,4.8,5.2,83.2,56.9,1,2,3,1,1,82.4,1,Yes,7.5,76.8,Good,Not Placed
STU100335,22,Female,BCA,3,78.6,2.8,71.9,81.5,2,6.6,5.6,89.7,80.6,4,1,3,1,2,77.6,2,Yes,6.9,69.7,Good,Placed
STU100336,22,Female,BCA,4,72.5,0.5,88.3,62.8,0,5.7,5.2,79.8,56.1,2,0,2,0,0,81.2,2,Yes,6.7,64.8,Average,Not Placed
STU100337,20,Male,BTech CSE,2,74.3,3.8,92.5,55.4,2,5.9,6.0,51.4,54.5,4,2,2,1,2,77.8,2,No,6.54,66.8,Good,Not Placed
STU100338,24,Female,BSc Data Science,3,69.3,3.5,55.7,84.2,0,6.5,7.2,73.8,84.7,3,1,4,1,0,89.6,4,Yes,7.8,77.2,Good,Placed
STU100339,18,Male,BCA,3,87.2,4.8,70.1,77.5,1,7.6,8.7,73.9,60.1,2,2,0,2,0,92.8,3,No,8.85,90.5,Excellent,Not Placed
STU100340,18,Female,BCA,4,78.2,4.3,76.8,81.8,1,6.5,,83.3,63.1,3,1,1,2,2,66.0,1,Yes,7.89,79.1,Good,Placed
STU100341,20,Male,BSc Data Science,4,80.4,3.2,73.0,73.8,1,10.0,8.3,73.1,59.4,2,2,4,1,2,100.0,1,No,8.95,85.1,Excellent,Placed
STU100342,20,Female,BBA,3,72.0,4.9,89.0,59.7,0,7.7,6.8,56.4,56.4,3,1,1,0,1,83.7,1,Yes,7.72,77.5,Good,Not Placed
STU100343,20,Male,BSc Computer Science,2,91.4,4.8,72.2,74.2,3,7.2,3.4,96.8,60.1,1,0,0,0,2,81.5,1,No,7.74,76.0,Good,Not Placed
STU100344,21,Female,BCA,3,80.2,2.8,71.1,79.8,0,6.0,4.8,80.0,60.5,0,0,1,3,1,66.1,2,Yes,7.09,71.9,Good,Not Placed
STU100345,23,Male,BSc Data Science,3,56.6,3.8,84.6,45.3,0,5.6,7.6,63.5,79.3,1,3,1,0,1,77.5,2,Yes,6.0,61.4,Average,Not Placed
STU100346,18,Female,BSc Data Science,4,82.6,5.8,79.5,77.8,0,8.3,5.4,68.1,50.7,4,0,1,2,1,85.8,3,No,8.73,86.8,Excellent,Not Placed
STU100347,21,Female,BCA,3,75.4,4.0,94.3,81.9,1,3.6,6.2,75.0,96.3,6,0,1,0,3,86.5,1,Yes,7.73,80.9,Excellent,Not Placed
STU100348,20,Male,BCA,3,76.4,2.3,86.1,83.2,0,8.5,6.6,63.5,54.4,1,0,0,0,0,82.2,1,Yes,8.28,85.6,Excellent,Not Placed
STU100349,18,Female,BTech CSE,3,87.9,1.8,100.0,77.5,1,8.6,8.7,69.8,78.9,3,0,2,1,2,92.4,1,Yes,7.92,78.7,Good,Not Placed
STU100350,21,Female,BCA,3,78.9,1.3,,66.9,1,6.3,4.8,72.8,42.2,3,1,0,0,3,72.9,3,Yes,6.63,67.4,Good,Not Placed
STU100351,23,Female,BCA,4,95.1,0.5,65.2,71.2,0,8.6,7.8,65.6,54.3,2,2,0,2,3,91.8,5,Yes,6.88,71.2,Good,Placed
STU100352,21,Male,BSc Data Science,2,79.1,2.8,97.1,54.3,0,6.0,8.8,78.3,61.5,5,0,2,0,1,100.0,1,No,7.81,77.0,Good,Placed
STU100353,23,Male,BTech CSE,3,73.3,3.2,100.0,84.6,2,6.3,5.2,63.7,51.1,2,2,4,2,2,80.2,2,Yes,8.34,82.7,Excellent,Not Placed
STU100354,20,Male,BSc Computer Science,4,59.9,2.0,79.5,81.5,0,7.4,8.0,59.4,74.3,1,1,3,0,1,95.7,1,Yes,7.8,76.1,Good,Not Placed
STU100355,23,Male,BTech CSE,2,70.8,2.5,78.5,68.0,0,5.8,6.0,82.0,74.0,1,1,2,1,4,82.7,0,Yes,6.92,69.5,Good,Not Placed
STU100356,18,Female,BSc Computer Science,4,74.8,2.1,83.4,79.2,1,7.8,5.7,77.0,53.7,1,0,1,1,0,79.4,6,Yes,7.86,79.0,Good,Placed
STU100357,20,Male,BTech CSE,3,92.7,1.1,72.6,79.5,0,5.7,6.3,67.7,36.0,1,0,5,1,0,74.9,2,Yes,6.2,62.6,Average,Not Placed
STU100358,18,Female,BCA,3,73.4,3.2,60.6,58.8,0,7.0,7.2,58.9,75.0,1,0,1,1,3,73.1,2,No,6.93,67.9,Good,Not Placed
STU100359,22,Male,BBA,2,94.4,4.5,84.7,96.4,2,10.0,5.6,80.0,66.3,4,2,0,1,1,95.4,4,Yes,10.0,99.3,Excellent,Placed
STU100360,19,Female,BCA,3,66.5,2.7,82.1,61.9,1,7.4,8.3,67.3,57.2,2,1,2,0,3,93.1,4,Yes,7.35,70.8,Good,Placed
STU100361,23,Female,BSc Data Science,3,70.3,5.2,66.8,46.6,0,8.5,6.1,64.8,55.7,1,0,3,2,2,84.9,1,No,7.02,69.8,Good,Placed
STU100362,19,Female,BTech CSE,2,89.3,3.7,75.2,76.8,1,8.1,3.5,60.0,53.7,2,1,3,2,0,84.3,3,No,8.84,85.2,Excellent,Not Placed
STU100363,19,Male,BSc Data Science,3,72.0,4.8,66.5,76.0,0,2.9,6.7,51.4,78.6,1,1,3,0,2,75.4,1,Yes,7.63,75.0,Good,Not Placed
STU100364,23,Male,BBA,2,89.0,3.5,86.1,67.3,2,6.3,4.8,82.2,59.6,1,0,3,0,1,77.7,2,Yes,8.37,84.3,Excellent,Not Placed
STU100365,20,Male,BSc Computer Science,3,69.7,4.5,81.7,74.5,1,9.0,6.4,55.8,87.1,1,2,2,0,1,100.0,3,Yes,8.52,86.5,Excellent,Placed
STU100366,22,Male,BTech CSE,4,70.7,1.4,83.8,62.6,1,4.4,7.4,48.8,100.0,3,1,2,0,0,67.9,4,Yes,6.06,60.8,Average,Not Placed
STU100367,18,Male,BTech CSE,2,84.4,4.8,87.7,51.5,0,6.2,5.7,66.8,75.6,4,0,0,1,3,77.9,2,Yes,7.87,75.7,Good,Not Placed
STU100368,21,Male,BBA,2,69.9,3.5,94.1,83.7,0,10.0,4.1,72.1,100.0,1,1,3,1,4,74.6,1,Yes,8.92,92.4,Excellent,Not Placed
STU100369,18,Male,BBA,4,75.3,5.1,84.0,75.7,1,4.5,5.2,89.2,76.3,2,0,0,3,1,59.6,1,Yes,8.11,83.5,Excellent,Not Placed
STU100370,21,Female,BTech CSE,3,81.9,3.1,88.8,67.5,0,8.6,8.9,72.4,59.2,4,1,5,0,3,100.0,3,Yes,7.76,75.0,Good,Placed
STU100371,18,Male,BTech CSE,2,75.5,6.1,100.0,92.9,1,4.9,7.1,39.7,91.2,3,2,3,1,1,71.4,1,Yes,8.39,82.9,Excellent,Placed
STU100372,23,Male,BSc Data Science,3,72.4,4.3,92.6,68.5,1,7.5,8.2,54.3,62.5,2,1,1,0,2,85.7,1,Yes,7.0,70.8,Good,Not Placed
STU100373,22,Male,BCA,2,65.9,2.1,84.4,79.1,2,7.8,9.5,89.3,100.0,1,1,0,0,3,87.2,5,No,7.25,70.3,Good,Placed
STU100374,21,Female,BTech CSE,2,92.5,5.2,83.7,60.2,1,8.0,10.0,67.7,56.9,4,0,2,2,3,98.9,1,Yes,8.35,85.0,Excellent,Not Placed
STU100375,24,Female,BBA,4,94.4,1.9,72.9,45.5,2,4.8,7.1,53.1,79.9,2,1,2,1,0,91.4,3,No,5.71,57.0,Average,Not Placed
STU100376,20,Female,BTech CSE,4,81.3,1.8,74.9,79.4,3,8.6,6.3,49.2,65.1,1,1,2,0,0,94.0,2,No,8.02,78.4,Good,Not Placed
STU100377,18,Female,BBA,3,75.7,5.4,80.9,79.0,1,5.2,5.8,76.3,47.9,0,1,1,0,2,69.0,1,Yes,8.92,88.1,Excellent,Not Placed
STU100378,18,Male,BTech CSE,2,76.2,4.0,78.1,95.0,0,3.7,7.0,55.1,50.7,1,2,2,1,1,77.5,1,Yes,7.58,73.8,Good,Not Placed
STU100379,21,Female,BCA,2,86.3,3.6,100.0,58.5,2,4.7,7.5,66.6,26.6,0,0,3,0,1,77.9,2,Yes,6.84,68.8,Good,Not Placed
STU100380,20,Male,BCA,4,88.3,2.7,86.1,51.9,3,5.0,7.9,62.6,63.9,2,2,1,1,1,71.3,3,No,6.58,64.0,Average,Not Placed
STU100381,20,Male,BSc Data Science,2,72.6,4.7,,64.6,1,7.9,5.2,92.7,73.3,3,0,0,1,1,77.3,2,Yes,7.51,76.5,Good,Not Placed
STU100382,23,Female,BCA,3,88.7,3.1,94.9,78.6,0,8.3,5.2,52.8,30.4,0,1,0,1,1,79.2,2,Yes,8.35,84.0,Excellent,Not Placed
STU100383,24,Female,BSc Computer Science,3,84.2,3.8,84.0,45.7,1,6.8,6.4,87.5,20.0,3,1,1,1,1,84.7,4,Yes,6.69,68.1,Good,Not Placed
STU100384,23,Male,BBA,3,88.6,1.8,79.0,73.0,0,4.8,6.8,99.4,50.7,3,1,1,0,3,79.2,2,Yes,8.36,83.1,Excellent,Not Placed
STU100385,23,Female,BTech CSE,3,62.0,3.4,84.8,66.5,0,5.5,9.4,53.3,66.6,3,0,1,1,1,99.5,4,Yes,7.29,70.8,Good,Not Placed
STU100386,23,Female,BSc Data Science,3,73.8,3.8,86.5,67.2,0,6.3,3.0,48.0,49.0,0,1,4,1,2,82.5,2,Yes,6.72,68.0,Good,Not Placed
STU100387,23,Male,BCA,4,76.3,4.3,97.4,61.5,1,4.3,5.8,72.3,67.5,1,2,5,1,3,80.4,2,Yes,7.21,71.4,Good,Not Placed
STU100388,23,Male,BSc Data Science,3,73.3,4.0,67.1,85.3,1,4.5,8.2,68.9,55.6,2,0,1,0,1,66.9,2,Yes,7.53,77.0,Good,Not Placed
STU100389,22,Male,BSc Computer Science,2,97.2,3.0,73.9,52.9,0,6.5,5.2,87.0,42.6,3,0,3,0,1,76.0,1,No,6.61,63.7,Average,Not Placed
STU100390,20,Male,BSc Data Science,4,73.9,3.9,81.2,83.4,0,6.1,6.8,51.3,76.5,0,0,3,1,1,84.0,2,Yes,8.28,80.8,Excellent,Not Placed
STU100391,23,Male,BCA,2,82.7,5.0,92.3,77.8,0,4.5,8.3,71.1,69.9,2,0,3,1,1,88.8,3,Yes,8.75,84.4,Excellent,Not Placed
STU100392,20,Male,BSc Data Science,3,79.5,1.3,90.7,66.3,1,8.8,7.9,74.2,59.0,2,1,0,0,2,82.3,2,Yes,7.12,74.3,Good,Placed
STU100393,20,Male,BCA,3,75.1,3.3,83.2,90.5,0,5.2,7.9,69.6,34.9,2,1,3,0,0,94.1,3,Yes,7.51,76.0,Good,Placed
STU100394,19,Female,BBA,3,70.9,3.8,93.2,49.3,2,4.4,6.5,62.3,56.3,1,2,2,1,5,75.8,0,Yes,6.69,67.8,Good,Not Placed
STU100395,22,Female,BCA,3,98.6,2.1,74.6,84.0,1,8.8,7.0,67.3,50.5,2,1,2,0,1,96.3,3,Yes,8.72,89.1,Excellent,Not Placed
STU100396,23,Other,BCA,4,75.8,4.9,100.0,58.8,1,7.1,7.1,100.0,56.0,2,1,5,2,0,88.5,2,Yes,7.87,80.1,Excellent,Placed
STU100397,18,Male,BCA,4,86.8,4.4,72.8,66.5,1,6.0,5.9,44.2,51.1,3,1,2,0,1,86.4,2,Yes,7.41,73.0,Good,Not Placed
STU100398,21,Female,BSc Data Science,3,77.9,5.0,63.1,75.7,0,5.2,8.1,100.0,59.4,2,1,5,0,3,82.5,1,Yes,7.78,77.7,Good,Not Placed
STU100399,24,Female,BTech CSE,2,73.4,6.7,88.7,84.6,1,5.8,4.7,61.1,59.3,1,1,0,1,0,62.4,3,No,8.49,84.6,Excellent,Not Placed
STU100400,18,Female,BTech CSE,3,79.1,4.0,66.2,60.5,0,5.2,5.7,52.0,78.8,2,2,1,0,4,76.2,2,No,7.11,72.5,Good,Not Placed
STU100401,22,Male,BSc Data Science,3,81.1,3.1,76.4,78.8,1,5.6,8.1,52.9,53.2,1,1,2,1,0,72.2,5,Yes,7.58,75.5,Good,Not Placed
STU100402,21,Female,BTech CSE,3,73.3,4.9,80.4,66.7,1,6.8,3.6,66.1,66.3,1,1,1,0,1,60.4,1,No,7.9,78.8,Good,Not Placed
STU100403,22,Male,BSc Data Science,3,70.4,2.6,86.6,61.7,0,4.9,7.0,69.9,50.2,3,0,3,0,2,69.2,2,No,7.56,74.4,Good,Not Placed
STU100404,20,Male,BTech CSE,3,82.8,4.2,93.1,52.3,0,1.9,8.6,69.1,53.3,2,0,1,0,3,61.0,1,No,6.65,67.0,Good,Not Placed
STU100405,21,Female,BCA,2,79.2,5.1,67.2,67.4,1,9.5,5.6,62.5,54.4,2,1,2,1,1,79.0,3,No,7.61,75.8,Good,Not Placed
STU100406,20,Female,BSc Data Science,3,71.5,4.7,69.6,56.6,1,4.3,7.5,90.6,79.3,2,1,4,0,1,70.6,4,No,6.19,63.1,Average,Not Placed
STU100407,18,Male,BTech CSE,3,68.6,5.6,100.0,57.3,0,3.6,7.0,52.1,58.8,1,2,4,0,0,84.7,1,Yes,7.96,79.3,Good,Not Placed
STU100408,18,Female,BTech CSE,3,81.5,3.1,79.7,66.2,2,8.7,,62.9,62.0,0,0,3,1,2,81.4,2,Yes,7.33,72.6,Good,Placed
STU100409,21,Female,BTech CSE,4,58.8,4.6,63.9,69.1,1,5.7,6.8,67.6,57.1,2,0,3,1,2,78.0,2,No,7.26,73.4,Good,Not Placed
STU100410,21,Male,BCA,3,75.4,3.6,70.9,65.4,0,7.1,8.6,67.4,62.6,2,2,1,0,2,80.9,0,Yes,6.93,71.3,Good,Not Placed
STU100411,23,Female,BCA,4,79.4,3.9,76.2,72.8,0,8.0,7.4,52.5,62.1,2,0,3,2,1,95.6,5,Yes,8.04,81.2,Excellent,Placed
STU100412,22,Male,BBA,4,95.4,3.9,82.1,92.2,0,8.2,8.2,69.4,56.2,2,0,2,1,1,80.1,3,No,9.46,96.2,Excellent,Not Placed
STU100413,23,Other,BCA,4,78.1,4.3,95.1,64.0,1,7.4,8.1,73.5,33.7,0,1,4,2,3,82.4,3,Yes,7.42,75.5,Good,Not Placed
STU100414,22,Male,BCA,2,75.0,3.4,100.0,61.3,1,5.3,9.0,73.7,55.3,3,1,0,1,2,79.2,1,Yes,7.36,72.8,Good,Placed
STU100415,23,Male,BCA,4,80.8,1.4,72.9,60.8,1,4.2,5.3,74.1,66.8,1,0,1,1,1,55.4,3,Yes,5.55,58.6,Average,Not Placed
STU100416,20,Female,BSc Data Science,2,70.8,3.7,75.8,38.6,1,9.7,4.8,57.7,75.8,0,1,0,0,1,76.7,3,Yes,7.77,77.7,Good,Not Placed
STU100417,21,Female,BCA,2,75.8,4.0,83.6,64.4,1,6.7,8.5,52.4,40.4,1,0,3,0,3,97.4,2,Yes,6.89,68.8,Good,Not Placed
STU100418,18,Female,BSc Computer Science,3,78.3,3.4,74.0,93.4,0,7.3,7.1,55.4,43.3,2,1,3,0,0,99.8,4,No,7.95,78.3,Good,Not Placed
STU100419,22,Female,BSc Computer Science,2,84.3,4.2,95.1,72.8,1,5.6,9.8,56.8,55.1,3,0,2,0,1,90.4,1,Yes,8.23,84.5,Excellent,Not Placed
STU100420,22,Female,BBA,2,71.3,3.3,100.0,67.1,1,7.1,3.3,35.2,57.3,3,1,1,0,1,73.6,1,Yes,8.85,88.7,Excellent,Not Placed
STU100421,18,Female,BCA,3,77.9,3.1,82.2,78.3,0,5.7,6.7,65.0,28.9,0,3,4,0,0,66.5,5,Yes,7.25,74.8,Good,Not Placed
STU100422,23,Female,BSc Data Science,2,60.1,5.6,85.6,66.8,2,6.0,6.8,66.1,64.6,0,1,6,0,2,89.3,2,Yes,7.6,76.7,Good,Not Placed
STU100423,22,Female,BSc Computer Science,3,83.2,6.9,75.6,86.9,1,4.1,8.2,53.6,79.8,1,0,5,0,2,81.8,3,No,8.35,84.6,Excellent,Not Placed
STU100424,24,Male,BSc Computer Science,2,75.7,4.8,85.7,70.5,2,7.3,9.9,74.9,52.2,2,2,0,0,0,82.2,3,Yes,8.02,85.0,Excellent,Not Placed
STU100425,20,Female,BSc Computer Science,3,96.8,2.6,70.3,88.8,0,2.3,6.8,64.6,61.7,0,0,1,0,2,58.1,0,Yes,8.18,81.2,Excellent,Not Placed
STU100426,21,Male,BTech CSE,4,81.5,3.8,71.6,75.2,1,8.5,7.5,74.6,69.1,1,1,2,1,1,90.4,2,Yes,8.38,82.9,Excellent,Placed
STU100427,18,Female,BCA,3,69.3,3.7,62.0,78.4,1,9.9,3.9,60.3,61.8,2,0,2,0,3,82.0,6,Yes,7.56,74.1,Good,Not Placed
STU100428,21,Female,BTech CSE,3,67.1,4.5,91.0,70.2,1,5.7,7.3,60.4,54.1,2,0,3,1,0,88.3,1,Yes,7.4,72.2,Good,Not Placed
STU100429,24,Female,BSc Computer Science,4,84.6,3.8,97.3,83.6,1,8.1,7.3,79.3,54.8,1,0,1,2,2,100.0,1,Yes,9.06,90.6,Excellent,Not Placed
STU100430,22,Female,BCA,2,96.0,4.4,93.3,92.4,0,5.8,5.9,46.7,63.6,0,1,1,2,0,62.9,1,No,9.75,94.2,Excellent,Not Placed
STU100431,22,Female,BTech CSE,3,92.9,6.2,83.0,78.4,0,6.5,7.3,67.8,75.1,1,1,5,0,1,79.2,0,No,8.57,85.1,Excellent,Not Placed
STU100432,24,Male,BSc Computer Science,4,65.9,0.7,78.6,69.8,0,5.5,7.2,73.9,64.3,2,0,1,1,0,85.8,1,No,6.22,64.1,Average,Not Placed
STU100433,18,Female,BCA,4,80.0,2.7,81.0,83.7,1,5.7,9.4,83.6,78.2,5,0,0,1,2,85.2,0,Yes,8.35,83.0,Excellent,Not Placed
STU100434,20,Male,BCA,3,89.3,4.9,70.8,66.3,0,5.7,5.6,72.5,61.2,2,0,2,0,1,75.3,3,Yes,7.53,75.4,Good,Not Placed
STU100435,19,Male,BCA,2,64.6,3.4,92.4,89.0,1,3.1,5.4,53.8,61.6,1,1,2,1,3,60.7,0,Yes,7.65,75.5,Good,Not Placed
STU100436,18,Male,BSc Computer Science,4,88.4,4.4,93.5,65.9,1,7.1,5.4,60.6,83.5,2,0,3,1,3,80.5,1,Yes,8.45,86.5,Excellent,Placed
STU100437,19,Female,BCA,2,71.0,3.2,70.3,71.1,0,3.1,6.1,42.4,49.8,6,1,0,0,2,69.5,0,Yes,6.02,60.6,Average,Not Placed
STU100438,24,Male,BCA,3,75.8,5.8,71.7,82.4,0,5.8,4.3,58.6,75.8,3,1,3,0,4,73.2,2,Yes,9.4,92.0,Excellent,Not Placed
STU100439,23,Female,BCA,3,80.8,5.2,67.4,47.5,2,3.3,6.4,83.0,68.1,3,0,1,2,1,70.1,1,Yes,6.72,68.8,Good,Not Placed
STU100440,19,Male,BTech CSE,3,88.7,3.9,79.2,75.8,0,5.8,6.9,86.4,54.6,1,1,2,0,5,74.2,2,Yes,8.26,79.5,Good,Not Placed
STU100441,20,Male,BTech CSE,4,93.3,6.0,81.8,73.9,0,7.0,,64.2,46.7,1,0,2,1,1,93.4,1,No,9.05,91.4,Excellent,Not Placed
STU100442,23,Male,BTech CSE,4,74.8,4.0,82.7,66.4,2,9.0,6.6,93.3,64.1,1,1,2,1,1,85.2,1,Yes,7.81,79.0,Good,Not Placed
STU100443,19,Male,BCA,4,73.2,3.6,67.3,68.1,1,6.4,,59.1,66.6,1,0,0,0,4,71.8,2,Yes,7.17,73.1,Good,Not Placed
STU100444,24,Female,BBA,2,72.5,5.7,73.9,61.9,0,6.0,8.1,70.7,86.4,1,0,2,1,0,84.6,3,Yes,7.75,80.4,Excellent,Not Placed
STU100445,23,Male,BTech CSE,3,85.8,1.4,74.0,60.5,0,4.5,7.0,38.8,66.8,2,0,3,1,0,81.6,7,Yes,7.41,71.4,Good,Not Placed
STU100446,24,Male,BTech CSE,4,88.0,3.8,90.0,67.0,0,4.9,6.6,66.9,38.8,1,0,0,0,1,62.8,3,Yes,7.8,75.8,Good,Not Placed
STU100447,19,Male,BSc Data Science,3,86.9,4.0,71.0,60.0,0,8.6,7.7,68.9,68.2,3,2,1,1,0,97.9,4,Yes,8.6,85.2,Excellent,Placed
STU100448,24,Male,BSc Data Science,4,80.7,3.2,82.6,78.1,0,7.3,7.8,58.9,84.4,0,0,2,0,0,65.9,2,Yes,8.61,85.3,Excellent,Not Placed
STU100449,20,Male,BTech CSE,4,81.7,2.4,74.2,63.4,0,4.9,6.0,84.0,65.8,3,1,1,1,2,68.2,1,Yes,7.39,73.9,Good,Not Placed
STU100450,19,Male,BCA,3,75.7,3.4,79.9,81.6,1,2.8,7.7,43.4,69.5,2,0,3,0,1,78.7,1,Yes,7.64,77.3,Good,Not Placed
STU100451,19,Female,BSc Computer Science,2,76.6,1.2,92.4,60.6,0,9.5,6.7,43.0,33.9,7,0,2,0,2,100.0,1,No,6.53,67.1,Good,Not Placed
STU100452,19,Female,BTech CSE,3,86.5,5.8,68.4,56.5,0,4.3,7.7,69.5,80.0,0,0,2,1,1,81.7,4,Yes,7.9,77.4,Good,Not Placed
STU100453,18,Female,BTech CSE,4,80.6,5.9,53.3,69.4,2,6.5,,36.9,51.0,4,1,3,0,2,95.5,2,Yes,7.45,72.8,Good,Not Placed
STU100454,18,Other,BBA,3,73.3,3.6,67.3,58.1,1,4.9,6.2,78.2,44.1,1,0,2,0,1,57.2,3,Yes,5.61,58.0,Average,Not Placed
STU100455,18,Male,BTech CSE,4,89.0,3.0,86.6,70.4,0,4.5,3.6,65.1,54.0,2,0,7,0,1,77.3,1,No,7.23,71.0,Good,Not Placed
STU100456,20,Male,BCA,3,71.9,1.3,68.8,62.5,0,,6.7,77.7,65.8,5,0,1,0,2,84.2,4,No,5.58,57.4,Average,Not Placed
STU100457,23,Other,BCA,3,79.5,2.5,74.2,56.9,0,8.0,5.1,69.1,52.2,3,0,1,1,5,93.6,2,Yes,7.25,72.7,Good,Not Placed
STU100458,24,Male,BSc Computer Science,3,65.6,5.7,87.0,57.0,2,7.7,7.2,72.4,74.7,1,2,1,0,1,89.2,0,Yes,7.67,78.3,Good,Placed
STU100459,22,Female,BSc Computer Science,3,68.5,3.5,90.8,86.1,0,7.6,5.2,66.7,43.2,3,0,4,2,1,85.3,2,Yes,8.45,83.5,Excellent,Not Placed
STU100460,19,Male,BCA,4,78.2,2.7,93.4,80.4,0,4.7,6.6,84.8,66.0,1,2,3,2,1,74.6,3,No,7.11,72.7,Good,Placed
STU100461,24,Male,BCA,2,71.0,3.6,88.1,56.3,0,6.8,9.4,82.9,49.8,4,2,2,2,1,95.1,1,Yes,6.74,69.0,Good,Placed
STU100462,19,Male,BSc Computer Science,3,75.7,2.7,69.6,62.5,0,7.1,9.7,73.4,59.4,2,1,1,2,4,85.5,2,Yes,7.39,72.2,Good,Placed
STU100463,20,Female,BTech CSE,4,90.1,1.1,99.7,89.8,0,4.0,7.4,72.1,84.5,0,1,0,0,1,62.6,3,Yes,7.96,79.9,Good,Not Placed
STU100464,19,Female,BBA,2,76.8,3.0,71.6,71.6,0,2.7,5.4,77.8,68.4,2,2,1,1,0,67.6,0,Yes,6.04,59.5,Average,Not Placed
STU100465,18,Female,BTech CSE,3,87.0,1.9,75.0,67.9,1,6.6,8.2,66.0,65.7,1,1,1,0,3,74.3,4,Yes,7.71,78.7,Good,Not Placed
STU100466,22,Male,BTech CSE,2,70.2,4.1,81.9,73.3,1,5.0,6.1,72.9,48.0,2,1,4,0,0,72.5,3,Yes,7.17,72.4,Good,Not Placed
STU100467,21,Male,BSc Computer Science,2,83.5,4.9,85.1,75.2,1,4.2,4.4,58.4,59.5,2,0,1,1,1,70.4,2,No,7.47,73.2,Good,Not Placed
STU100468,19,Male,BBA,3,68.0,2.4,97.8,71.9,0,2.9,9.9,49.7,54.0,3,2,3,1,3,84.7,0,No,8.35,82.3,Excellent,Not Placed
STU100469,24,Male,BSc Computer Science,4,75.5,3.8,75.0,62.4,0,5.2,6.8,66.5,30.7,1,1,1,0,2,70.0,2,Yes,6.95,72.8,Good,Not Placed
STU100470,18,Female,BTech CSE,2,83.9,3.5,86.2,48.1,2,9.3,7.7,82.1,69.2,0,2,1,2,0,90.1,2,Yes,6.18,65.8,Good,Not Placed
STU100471,21,Male,BBA,2,78.1,2.4,75.1,71.8,0,8.1,6.3,77.7,43.6,1,1,2,1,3,76.8,3,Yes,8.17,77.6,Good,Placed
STU100472,22,Female,BBA,2,87.4,0.5,99.7,49.8,0,9.1,7.7,52.9,58.6,1,2,1,1,3,89.1,1,No,7.42,74.5,Good,Not Placed
STU100473,21,Female,BSc Data Science,3,84.7,2.0,86.7,66.1,2,5.2,5.5,58.2,66.9,1,1,4,1,2,80.4,0,No,6.54,66.3,Good,Not Placed
STU100474,18,Male,BCA,2,74.9,2.3,96.2,64.1,0,8.4,6.6,62.5,52.7,2,2,2,0,2,98.6,3,Yes,8.48,84.1,Excellent,Placed
STU100475,23,Female,BCA,3,91.0,3.7,69.3,63.3,1,8.7,8.3,48.3,46.3,2,0,4,1,3,98.6,3,Yes,7.52,77.8,Good,Not Placed
STU100476,23,Male,BCA,4,82.4,3.9,75.8,77.1,0,9.2,6.5,57.5,72.2,3,1,0,0,3,82.9,0,No,8.75,87.8,Excellent,Not Placed
STU100477,21,Male,BCA,3,75.6,5.4,84.7,69.4,0,6.0,5.5,50.3,39.6,1,1,3,0,1,88.3,0,Yes,7.1,72.6,Good,Not Placed
STU100478,20,Male,BCA,3,79.5,1.9,96.4,77.7,0,5.6,8.3,63.1,49.9,0,1,2,0,2,84.3,2,No,7.99,81.9,Excellent,Placed
STU100479,24,Female,BSc Data Science,3,78.9,2.3,92.9,50.4,1,6.3,6.2,61.1,64.1,0,0,4,0,4,73.8,2,Yes,5.74,58.6,Average,Not Placed
STU100480,24,Male,BSc Computer Science,4,80.0,2.5,98.5,81.1,1,6.7,6.2,79.6,61.1,0,0,1,2,2,70.6,3,Yes,8.11,84.6,Excellent,Not Placed
STU100481,21,Female,BTech CSE,3,76.6,3.2,96.8,83.0,1,4.1,5.0,71.8,58.4,3,2,4,1,0,91.3,1,Yes,7.16,75.0,Good,Not Placed
STU100482,19,Female,BCA,3,81.7,3.8,90.6,71.4,0,5.5,9.3,83.0,85.8,0,0,3,0,0,94.7,2,Yes,7.86,78.4,Good,Not Placed
STU100483,19,Male,BTech CSE,3,85.9,4.1,83.7,95.2,0,8.5,8.5,38.1,72.2,0,2,2,0,2,75.7,2,Yes,9.29,96.2,Excellent,Placed
STU100484,24,Female,BTech CSE,2,82.3,0.7,69.7,80.1,2,5.5,6.4,52.8,75.4,4,0,1,1,4,77.4,4,No,6.9,67.9,Good,Not Placed
STU100485,24,Female,BSc Computer Science,3,81.9,5.3,58.4,71.6,0,6.6,5.4,72.8,52.3,1,1,4,0,1,88.0,2,Yes,8.31,82.1,Excellent,Not Placed
STU100486,23,Male,BBA,4,77.0,4.2,83.4,89.2,0,7.4,7.9,71.8,88.5,1,1,2,1,1,93.0,3,Yes,9.28,92.1,Excellent,Not Placed
STU100487,20,Male,BCA,3,69.1,4.8,90.8,73.0,0,8.7,7.4,63.4,53.4,2,1,1,1,0,83.9,2,Yes,8.84,87.0,Excellent,Not Placed
STU100488,18,Female,BCA,3,66.7,0.5,52.0,60.9,1,7.6,6.1,81.5,68.9,2,0,1,1,1,100.0,2,Yes,5.78,56.7,Average,Not Placed
STU100489,19,Male,BSc Data Science,3,70.9,4.7,69.1,81.7,1,8.2,6.7,67.3,68.2,1,1,2,1,1,80.3,1,Yes,7.56,77.2,Good,Not Placed
STU100490,24,Female,BCA,2,73.8,2.0,70.8,90.2,0,7.3,7.7,100.0,53.4,5,1,6,1,2,92.6,3,No,7.09,76.0,Good,Placed
STU100491,23,Male,BSc Computer Science,2,94.7,2.8,79.9,53.6,0,7.0,7.2,69.4,44.2,4,0,4,1,0,92.8,3,No,6.42,63.9,Average,Not Placed
STU100492,22,Male,BSc Data Science,4,90.5,5.7,83.1,66.4,1,8.1,7.4,59.2,59.8,4,0,0,1,1,95.9,1,Yes,8.9,89.8,Excellent,Not Placed
STU100493,23,Male,BSc Data Science,4,72.1,4.5,93.9,65.9,0,2.3,7.2,90.0,55.4,1,2,4,0,1,63.7,3,Yes,7.89,77.9,Good,Not Placed
STU100494,19,Male,BCA,4,82.5,2.5,67.5,56.7,0,7.8,8.0,68.3,43.0,0,0,4,0,2,72.5,1,Yes,6.41,66.2,Good,Not Placed
STU100495,19,Female,BSc Data Science,4,77.3,4.7,85.8,68.6,0,2.8,5.9,76.6,52.9,0,1,3,0,1,67.3,2,No,7.48,75.4,Good,Not Placed
STU100496,23,Male,BSc Computer Science,3,80.4,4.0,66.7,62.6,0,5.6,7.1,54.6,75.0,2,0,3,0,1,86.1,1,Yes,6.03,63.3,Average,Not Placed
STU100497,18,Female,BSc Computer Science,2,72.5,2.9,91.2,77.1,2,8.1,5.6,73.0,50.8,3,3,1,0,5,75.3,2,No,8.19,79.6,Good,Placed
STU100498,21,Female,BCA,3,100.0,4.2,76.7,77.9,1,6.2,5.8,67.3,74.0,2,0,4,1,1,78.1,2,No,7.73,74.6,Good,Not Placed
STU100499,19,Female,BCA,2,96.6,2.9,68.7,73.7,0,6.4,9.8,77.4,70.5,2,1,1,1,0,90.5,2,Yes,6.82,68.9,Good,Not Placed
STU100500,23,Female,BCA,4,75.1,4.1,74.6,74.5,1,6.9,4.5,63.1,68.6,3,0,6,0,1,95.2,1,Yes,7.75,77.4,Good,Not Placed
STU100501,24,Male,BCA,4,72.0,4.1,69.7,90.1,2,9.8,7.9,44.7,97.3,2,2,2,2,0,100.0,3,Yes,8.05,82.4,Excellent,Placed
STU100502,23,Male,BTech CSE,4,87.3,4.3,83.0,96.2,1,2.6,10.0,77.9,51.9,3,0,3,0,1,80.1,1,Yes,8.49,82.9,Excellent,Not Placed
STU100503,20,Female,BCA,3,65.9,6.4,88.9,79.3,0,5.2,9.6,67.8,69.5,3,0,4,0,2,83.0,4,No,7.48,73.6,Good,Not Placed
STU100504,21,Male,BTech CSE,3,86.5,4.9,93.3,65.9,0,9.0,7.7,58.7,62.5,0,0,2,1,3,81.4,0,Yes,9.12,88.4,Excellent,Not Placed
STU100505,22,Female,BTech CSE,2,79.3,5.0,76.3,75.4,0,6.0,9.9,69.9,63.0,2,1,2,0,1,84.2,1,Yes,8.2,83.5,Excellent,Placed
STU100506,18,Male,BCA,3,63.7,2.7,97.3,72.4,1,6.1,7.4,70.3,20.8,2,0,3,0,2,78.8,1,Yes,6.93,72.2,Good,Not Placed
STU100507,22,Female,BSc Data Science,3,76.5,1.2,81.7,80.2,1,7.7,6.3,74.1,52.3,3,2,2,0,1,84.4,4,Yes,6.89,66.2,Good,Not Placed
STU100508,21,Female,BBA,3,71.4,3.2,95.9,61.4,1,4.3,6.8,73.7,55.1,3,0,3,0,2,69.3,3,Yes,7.6,77.2,Good,Placed
STU100509,21,Female,BTech CSE,4,79.6,2.8,80.3,80.9,0,8.1,8.2,87.6,62.8,4,0,1,1,1,90.1,4,No,8.33,81.9,Excellent,Not Placed
STU100510,21,Female,BSc Computer Science,4,78.6,4.4,79.5,73.0,1,5.8,10.0,63.6,40.3,2,1,0,0,1,84.3,2,No,7.43,76.0,Good,Not Placed
STU100511,22,Female,BTech CSE,2,64.5,3.2,88.4,71.0,2,6.2,8.5,82.2,60.0,1,1,1,0,0,72.9,1,No,7.21,71.9,Good,Not Placed
STU100512,24,Female,BTech CSE,2,74.7,5.5,85.4,71.5,4,5.0,6.7,62.6,48.9,5,0,2,0,0,80.1,1,Yes,7.44,75.7,Good,Not Placed
STU100513,21,Female,BSc Data Science,3,83.7,0.9,75.9,88.2,2,7.4,5.8,46.5,47.0,6,0,2,0,1,100.0,2,Yes,7.81,77.2,Good,Not Placed
STU100514,23,Male,BTech CSE,2,85.5,3.1,94.7,100.0,2,5.9,3.7,85.9,33.2,4,0,3,0,0,74.4,2,Yes,8.28,83.7,Excellent,Not Placed
STU100515,22,Male,BSc Computer Science,4,,4.1,71.5,73.4,0,7.0,6.6,56.2,39.0,3,0,3,3,2,92.9,1,Yes,7.35,73.0,Good,Not Placed
STU100516,21,Male,BSc Computer Science,3,82.6,2.0,88.4,63.2,1,5.8,5.1,79.3,56.0,1,0,3,0,4,63.2,0,No,7.78,78.2,Good,Not Placed
STU100517,23,Female,BBA,2,80.7,4.9,87.9,71.9,0,6.4,8.3,69.1,77.3,1,1,3,1,0,82.6,2,No,8.55,88.0,Excellent,Not Placed
STU100518,24,Male,BTech CSE,3,77.5,4.8,93.7,75.7,0,5.5,,71.1,60.9,1,0,0,0,2,69.6,2,Yes,7.88,81.5,Excellent,Not Placed
STU100519,20,Female,BSc Data Science,3,82.6,2.9,93.9,73.9,1,5.9,8.4,83.7,62.5,3,1,2,1,2,89.8,0,No,6.81,67.2,Good,Not Placed
STU100520,24,Female,BCA,4,68.7,7.5,80.0,74.0,1,5.0,10.0,37.4,69.7,1,1,3,0,0,95.7,0,Yes,8.38,82.6,Excellent,Not Placed
STU100521,21,Female,BSc Computer Science,2,78.0,1.8,82.4,69.9,1,4.7,6.6,79.4,48.4,2,0,2,1,1,71.9,5,Yes,7.42,73.2,Good,Not Placed
STU100522,22,Female,BTech CSE,4,62.0,1.5,81.6,88.2,1,9.7,7.1,77.1,44.2,3,0,2,0,0,90.3,2,Yes,7.41,74.3,Good,Not Placed
STU100523,19,Male,BSc Computer Science,3,77.5,2.8,100.0,68.8,1,6.8,7.4,55.4,68.7,3,0,3,0,2,74.6,4,No,8.09,81.4,Excellent,Placed
STU100524,21,Female,BBA,4,92.3,3.8,89.2,81.7,0,2.7,6.3,68.1,59.5,1,0,1,1,1,74.0,2,Yes,7.52,74.0,Good,Not Placed
STU100525,19,Female,BTech CSE,2,74.8,1.1,93.5,53.9,0,6.3,7.0,80.2,73.1,1,2,0,1,0,77.2,2,Yes,6.58,65.8,Good,Not Placed
STU100526,23,Male,BSc Data Science,3,91.3,4.4,79.2,65.2,0,8.3,6.2,53.0,51.5,3,0,1,0,2,83.4,4,No,8.98,87.4,Excellent,Not Placed
STU100527,20,Male,BCA,3,75.0,7.2,69.6,75.5,0,3.5,9.0,65.3,76.9,2,0,1,1,1,68.6,0,Yes,8.09,78.3,Good,Not Placed
STU100528,18,Female,BSc Computer Science,3,67.2,1.4,71.7,71.6,1,7.5,6.5,83.3,47.6,1,0,1,0,0,73.9,2,Yes,6.55,66.4,Good,Not Placed
STU100529,24,Female,BTech CSE,4,84.7,3.8,93.1,86.6,1,6.4,4.8,48.3,65.2,2,1,1,1,1,80.0,2,No,8.91,88.4,Excellent,Not Placed
STU100530,20,Male,BSc Computer Science,3,82.6,4.9,74.0,75.2,1,3.3,4.9,71.7,72.7,5,0,3,0,0,80.2,1,Yes,7.57,71.5,Good,Not Placed
STU100531,21,Female,BSc Computer Science,4,100.0,4.6,100.0,87.9,2,5.4,5.5,71.9,48.7,2,0,2,1,1,62.6,1,Yes,9.16,88.5,Excellent,Not Placed
STU100532,19,Female,BSc Computer Science,2,68.2,6.7,77.5,77.8,1,6.1,6.1,70.9,40.8,3,1,2,0,2,88.3,1,Yes,8.4,85.2,Excellent,Not Placed
STU100533,24,Male,BSc Data Science,4,81.6,2.8,85.9,62.2,1,4.2,8.2,50.6,49.9,6,1,4,0,1,91.6,1,Yes,6.42,66.5,Good,Not Placed
STU100534,19,Other,BCA,2,81.9,6.5,,69.7,1,5.1,8.1,67.3,60.3,2,2,2,1,1,73.6,4,Yes,9.5,93.2,Excellent,Placed
STU100535,22,Female,BSc Computer Science,4,88.6,3.4,84.0,70.4,2,6.9,8.2,68.2,58.0,0,2,2,0,2,89.9,1,Yes,7.78,76.7,Good,Not Placed
STU100536,19,Female,BCA,4,83.3,2.7,68.6,87.3,2,6.9,6.8,65.6,83.5,4,2,2,1,1,94.4,0,Yes,6.7,67.8,Good,Placed
STU100537,22,Female,BSc Data Science,3,75.1,6.3,84.7,69.0,0,7.3,8.4,79.2,49.3,1,1,2,1,1,90.8,2,Yes,8.53,85.9,Excellent,Placed
STU100538,23,Male,BSc Data Science,3,67.3,2.9,84.6,70.4,1,5.3,6.4,67.9,79.9,3,1,2,0,0,77.1,2,Yes,7.46,75.6,Good,Placed
STU100539,24,Male,BSc Computer Science,3,81.5,5.1,78.7,67.2,2,8.4,3.9,71.0,78.1,2,1,0,0,0,62.1,1,Yes,8.42,83.0,Excellent,Not Placed
STU100540,24,Male,BCA,2,81.7,2.8,100.0,73.5,2,6.2,8.3,48.6,60.1,1,0,3,0,2,77.8,3,No,7.01,70.4,Good,Not Placed
STU100541,18,Male,BTech CSE,3,84.3,1.6,63.7,79.8,1,5.7,5.7,55.3,35.0,1,0,3,3,1,86.3,3,No,8.42,86.9,Excellent,Not Placed
STU100542,21,Male,BSc Computer Science,3,75.1,1.6,65.4,80.4,0,6.1,6.5,58.7,49.7,0,1,4,0,0,74.8,0,No,7.72,78.1,Good,Not Placed
STU100543,22,Female,BTech CSE,4,80.8,4.6,90.3,68.2,0,7.1,6.2,59.9,75.8,1,0,0,1,2,62.0,0,No,8.31,86.4,Excellent,Not Placed
STU100544,18,Female,BTech CSE,4,62.6,1.9,81.0,48.0,0,7.0,7.6,68.3,59.9,3,2,1,2,1,90.2,2,Yes,6.63,67.0,Good,Not Placed
STU100545,19,Female,BSc Data Science,4,67.7,3.2,72.3,75.3,2,5.7,7.1,55.6,81.0,1,1,1,1,2,56.5,0,Yes,7.07,71.7,Good,Not Placed
STU100546,19,Female,BSc Computer Science,3,87.4,2.5,84.1,73.2,0,8.2,6.4,50.7,61.7,5,0,4,1,2,98.3,2,Yes,7.33,76.7,Good,Placed
STU100547,18,Female,BBA,4,79.8,2.2,92.6,73.8,0,6.1,9.4,69.5,44.8,2,0,1,0,1,83.4,3,No,7.64,77.6,Good,Not Placed
STU100548,24,Male,BTech CSE,3,82.8,2.4,64.1,72.1,2,7.7,6.7,67.1,65.2,1,2,0,2,3,80.1,1,Yes,7.94,79.3,Good,Not Placed
STU100549,19,Male,BBA,3,72.0,3.8,90.0,75.7,1,8.9,6.4,72.2,93.5,1,1,2,0,0,83.7,3,Yes,7.92,77.2,Good,Placed
STU100550,23,Male,BTech CSE,3,70.7,0.5,85.6,47.8,0,5.6,8.1,98.0,53.1,4,1,0,2,1,72.0,0,Yes,4.52,50.3,Average,Not Placed
STU100551,23,Female,BCA,4,73.8,4.8,79.5,73.8,0,5.8,8.7,50.2,87.1,2,1,2,0,2,79.7,3,Yes,7.91,80.9,Excellent,Placed
STU100552,18,Male,BCA,4,80.4,1.6,84.7,60.1,1,4.5,8.2,68.5,100.0,3,0,1,0,2,67.0,2,Yes,6.12,60.0,Average,Not Placed
STU100553,22,Female,BSc Computer Science,3,84.9,1.7,84.9,86.2,0,4.8,5.8,67.3,50.4,5,1,2,0,0,75.1,0,No,6.93,71.2,Good,Not Placed
STU100554,22,Male,BSc Data Science,4,75.5,1.3,88.0,73.5,0,7.7,7.4,69.4,37.6,2,0,2,1,0,77.7,2,Yes,7.58,71.0,Good,Not Placed
STU100555,18,Female,BCA,3,61.4,3.9,71.2,63.3,1,7.7,6.9,97.6,47.6,0,0,1,0,0,75.4,3,No,6.59,69.2,Good,Not Placed
STU100556,22,Female,BTech CSE,4,82.0,5.7,94.0,57.8,0,3.2,6.5,31.5,47.8,2,1,2,2,2,73.3,0,Yes,6.86,69.1,Good,Not Placed
STU100557,24,Female,BSc Data Science,3,80.7,3.3,92.9,61.7,0,4.6,5.3,62.5,53.7,0,1,3,1,2,66.4,1,No,7.35,72.4,Good,Not Placed
STU100558,24,Female,BSc Data Science,3,82.8,4.2,93.2,64.3,0,9.0,7.2,67.9,65.9,0,2,1,1,1,97.0,1,Yes,6.9,69.1,Good,Not Placed
STU100559,22,Female,BTech CSE,3,86.6,4.3,63.0,72.5,1,5.0,8.5,75.2,32.5,5,1,0,0,2,87.8,2,No,7.79,76.3,Good,Not Placed
STU100560,23,Female,BTech CSE,3,85.8,4.6,94.6,57.7,1,6.0,9.4,77.7,61.5,1,0,4,0,0,72.2,0,Yes,8.18,81.8,Excellent,Not Placed
STU100561,22,Female,BSc Data Science,3,91.6,2.0,77.9,74.9,2,6.6,8.6,43.7,72.0,2,0,1,0,2,83.3,1,Yes,6.92,71.0,Good,Not Placed
STU100562,24,Female,BTech CSE,3,78.3,5.9,87.8,84.0,0,6.8,6.1,65.4,64.5,4,1,2,1,5,83.3,3,No,9.04,89.2,Excellent,Not Placed
STU100563,20,Female,BTech CSE,3,73.7,3.0,60.2,85.2,0,3.9,5.3,54.7,75.0,5,0,2,0,1,72.6,1,Yes,6.7,72.5,Good,Placed
STU100564,21,Male,BSc Data Science,4,88.4,3.9,74.5,67.4,0,6.8,4.4,73.0,71.7,4,0,2,0,2,83.2,4,No,8.47,86.7,Excellent,Not Placed
STU100565,19,Male,BCA,4,,3.3,91.2,71.7,1,1.3,8.5,70.1,88.1,2,0,4,0,0,76.8,2,Yes,6.83,68.7,Good,Not Placed
STU100566,20,Female,BCA,3,75.7,2.8,87.8,64.1,0,,8.1,59.7,50.6,0,1,0,1,0,68.2,1,Yes,7.53,75.8,Good,Not Placed
STU100567,22,Male,BSc Computer Science,4,89.1,4.9,70.1,57.5,2,5.8,5.9,92.9,100.0,0,0,0,2,1,65.5,4,No,7.49,73.3,Good,Not Placed
STU100568,23,Male,BSc Data Science,3,78.7,4.5,89.5,65.5,0,3.6,5.6,63.8,50.8,0,0,4,1,0,72.3,2,Yes,6.82,68.8,Good,Not Placed
STU100569,18,Female,BBA,4,90.8,0.5,73.0,50.3,0,7.7,8.8,63.4,48.0,4,0,3,0,2,91.9,0,Yes,6.43,65.9,Good,Placed
STU100570,22,Female,BTech CSE,3,95.3,4.1,79.1,48.3,0,4.8,8.4,55.3,62.1,1,0,3,0,3,94.6,5,No,7.42,71.6,Good,Not Placed
STU100571,23,Female,BTech CSE,2,100.0,6.6,69.1,75.6,0,9.5,8.9,26.1,66.6,2,0,2,0,1,100.0,5,Yes,9.3,94.5,Excellent,Not Placed
STU100572,21,Male,BBA,2,78.6,3.8,85.8,75.0,1,7.2,7.7,68.8,68.5,1,0,1,0,3,84.6,3,No,8.54,84.0,Excellent,Not Placed
STU100573,22,Male,BTech CSE,4,92.2,2.7,94.0,86.6,1,6.0,7.8,55.6,84.9,4,2,0,0,0,78.9,2,Yes,8.77,89.4,Excellent,Not Placed
STU100574,24,Male,BSc Data Science,3,86.5,2.9,91.7,89.2,1,7.8,3.5,70.6,98.0,2,3,2,1,1,91.0,4,Yes,8.0,82.7,Excellent,Placed
STU100575,18,Male,BCA,4,87.5,2.7,72.0,74.2,1,3.5,6.2,100.0,69.1,3,0,4,0,2,80.8,2,No,7.97,76.3,Good,Placed
STU100576,23,Male,BTech CSE,3,82.2,1.8,81.5,60.7,0,6.8,10.0,70.8,93.3,1,2,1,1,0,88.6,2,Yes,7.4,69.8,Good,Not Placed
STU100577,23,Male,BSc Data Science,3,87.5,3.2,64.7,60.6,1,4.2,5.9,70.6,82.6,3,0,0,0,2,64.2,2,No,6.66,65.6,Good,Not Placed
STU100578,23,Female,BSc Computer Science,3,64.3,3.2,97.0,59.5,2,8.0,7.1,81.9,32.7,1,1,3,1,1,93.0,4,No,7.24,72.8,Good,Not Placed
STU100579,21,Female,BSc Computer Science,4,77.7,4.4,82.2,75.0,1,5.7,9.3,86.8,74.3,1,2,2,0,0,94.0,3,Yes,7.6,75.1,Good,Not Placed
STU100580,22,Male,BBA,3,71.5,2.7,89.1,63.0,0,2.7,8.2,70.8,29.3,2,0,2,3,0,63.8,2,Yes,7.37,72.9,Good,Not Placed
STU100581,21,Male,BSc Data Science,4,70.6,6.5,84.2,55.1,2,4.0,5.3,70.6,81.8,0,1,3,0,3,68.6,1,No,6.48,64.5,Average,Not Placed
STU100582,19,Male,BTech CSE,3,63.6,2.1,75.1,77.1,1,6.5,4.9,60.3,73.9,2,0,2,0,2,84.9,3,Yes,7.18,72.1,Good,Not Placed
STU100583,19,Male,BCA,4,72.7,3.7,75.9,82.3,1,7.1,9.4,75.7,80.1,5,0,1,0,3,96.3,3,Yes,7.21,71.5,Good,Placed
STU100584,22,Female,BTech CSE,2,76.3,2.4,87.0,63.0,0,3.7,8.0,76.4,42.2,0,1,1,1,1,71.6,6,Yes,7.12,71.7,Good,Not Placed
STU100585,24,Male,BCA,2,79.8,2.7,100.0,71.6,0,3.1,7.4,68.5,73.8,1,1,2,1,1,70.6,3,Yes,7.2,71.5,Good,Not Placed
STU100586,21,Male,BTech CSE,3,77.9,3.1,78.2,89.5,0,5.7,7.6,51.2,69.0,2,2,2,1,3,85.9,2,Yes,8.55,84.3,Excellent,Placed
STU100587,18,Male,BCA,3,88.5,3.8,94.9,83.2,1,9.4,6.2,70.7,54.6,2,2,4,2,2,100.0,4,Yes,9.02,88.3,Excellent,Placed
STU100588,23,Male,BTech CSE,2,69.0,4.7,92.1,60.9,1,5.5,5.4,78.8,69.4,1,2,2,1,2,65.5,2,Yes,6.87,69.1,Good,Placed
STU100589,23,Female,BCA,4,58.6,2.8,78.5,90.6,0,,7.5,54.6,51.2,1,0,1,0,2,77.9,1,No,8.05,79.6,Good,Not Placed
STU100590,22,Female,BCA,3,83.3,1.3,94.1,80.6,0,1.7,5.8,71.6,55.3,4,0,4,0,1,74.3,0,Yes,7.08,68.9,Good,Not Placed
STU100591,24,Female,BSc Computer Science,3,77.5,5.6,93.2,91.5,0,10.0,5.9,78.6,79.7,1,0,4,1,3,79.6,0,No,9.5,92.9,Excellent,Not Placed
STU100592,19,Male,BSc Data Science,2,77.3,2.0,,69.8,0,,6.2,72.5,62.5,2,1,5,0,2,86.0,0,No,5.3,56.1,Average,Not Placed
STU100593,19,Female,BCA,3,70.9,3.1,89.7,61.7,0,6.7,8.1,93.3,69.0,0,0,3,0,1,93.2,2,Yes,8.18,81.1,Excellent,Not Placed
STU100594,23,Female,BSc Data Science,3,87.1,3.6,96.1,71.5,0,3.1,5.7,58.2,65.6,5,1,1,0,1,79.5,1,No,7.39,74.0,Good,Not Placed
STU100595,22,Female,BTech CSE,3,73.8,3.3,69.2,55.1,0,7.2,5.5,53.5,70.6,5,0,2,3,6,85.0,3,No,6.65,70.1,Good,Not Placed
STU100596,21,Male,BTech CSE,4,69.2,1.4,67.5,81.9,1,5.4,5.3,55.1,65.7,4,1,6,3,1,93.2,2,Yes,5.82,57.2,Average,Placed
STU100597,19,Male,BCA,3,94.7,4.8,84.3,65.4,1,6.9,6.6,60.0,30.5,2,1,1,1,3,81.4,2,No,8.46,82.9,Excellent,Not Placed
STU100598,21,Female,BTech CSE,4,84.9,0.5,99.4,76.7,1,5.9,8.4,58.2,50.6,4,0,2,3,1,86.6,2,No,7.24,73.2,Good,Not Placed
STU100599,24,Female,BCA,2,77.6,5.0,70.0,98.0,0,7.3,6.6,79.3,55.0,1,0,1,2,2,72.2,1,Yes,8.8,88.4,Excellent,Not Placed
STU100600,19,Male,BSc Computer Science,3,53.6,5.2,64.6,66.1,1,8.4,6.8,41.3,34.4,0,1,3,0,1,92.2,2,No,7.95,79.2,Good,Not Placed
STU100601,19,Male,BCA,2,75.6,4.9,77.0,72.0,0,3.9,7.1,58.0,65.6,1,0,5,0,1,65.2,3,No,7.48,76.1,Good,Not Placed
STU100602,20,Male,BSc Computer Science,4,77.8,3.0,75.5,66.4,1,9.5,6.3,81.3,51.1,2,1,1,0,0,87.6,2,No,8.17,82.2,Excellent,Not Placed
STU100603,19,Female,BCA,3,92.6,3.7,63.6,70.3,0,5.2,5.3,65.4,48.7,0,0,1,2,0,76.3,2,Yes,7.01,71.0,Good,Not Placed
STU100604,18,Male,BBA,4,60.5,2.5,75.6,69.2,0,7.3,6.1,50.5,32.8,5,0,0,0,3,84.8,3,No,6.11,63.3,Average,Not Placed
STU100605,22,Female,BSc Data Science,3,93.6,3.6,85.8,84.0,0,4.9,5.9,61.1,57.5,2,3,0,1,1,63.1,2,Yes,8.63,85.7,Excellent,Not Placed
STU100606,22,Male,BCA,4,82.4,4.4,100.0,82.7,0,6.7,6.7,86.1,68.3,2,2,0,0,1,69.3,3,Yes,8.87,89.4,Excellent,Not Placed
STU100607,21,Female,BCA,3,65.9,1.9,88.2,69.3,2,5.8,6.1,65.4,65.4,0,1,1,1,2,66.7,2,No,6.8,67.3,Good,Not Placed
STU100608,24,Female,BTech CSE,2,87.2,3.3,90.9,73.4,0,10.0,7.2,72.3,73.9,3,2,3,0,4,93.6,4,No,9.12,88.0,Excellent,Placed
STU100609,19,Male,BSc Computer Science,3,75.6,2.8,70.0,68.0,1,5.1,6.6,65.2,57.3,1,0,2,1,2,75.7,4,Yes,6.78,67.1,Good,Not Placed
STU100610,18,Female,BTech CSE,3,61.4,5.3,81.0,89.0,0,9.4,,90.4,79.5,4,0,3,0,0,85.8,2,Yes,9.33,91.6,Excellent,Placed
STU100611,21,Male,BBA,3,73.6,2.1,79.6,41.4,0,4.7,9.1,63.6,74.9,3,0,3,0,1,87.0,2,Yes,6.33,63.6,Average,Placed
STU100612,20,Female,BBA,2,80.5,4.4,85.6,62.6,0,9.4,7.6,60.0,60.4,4,2,1,0,1,87.0,3,Yes,8.85,87.3,Excellent,Not Placed
STU100613,21,Female,BTech CSE,4,78.6,3.4,88.6,77.1,0,8.2,6.5,78.0,59.8,2,0,3,0,0,90.7,1,Yes,8.63,87.6,Excellent,Placed
STU100614,21,Male,BCA,3,84.4,3.3,92.5,82.1,0,5.8,5.9,76.2,95.2,1,0,3,2,3,88.4,3,Yes,8.91,88.3,Excellent,Not Placed
STU100615,19,Female,BTech CSE,3,89.0,4.5,82.4,87.2,1,6.2,8.3,65.7,56.6,6,0,3,2,2,96.9,1,Yes,8.96,87.5,Excellent,Not Placed
STU100616,20,Female,BCA,3,67.0,2.9,76.2,72.0,0,6.8,5.4,70.7,92.1,1,0,1,0,0,68.0,0,Yes,7.18,73.3,Good,Not Placed
STU100617,21,Male,BTech CSE,3,77.8,3.7,95.5,64.9,2,6.5,9.0,77.7,76.0,3,1,1,0,0,86.3,0,No,7.95,80.3,Excellent,Not Placed
STU100618,18,Female,BTech CSE,2,71.9,5.2,90.0,71.7,0,7.2,4.5,60.1,50.3,0,0,1,0,1,73.0,2,Yes,8.34,80.8,Excellent,Not Placed
STU100619,18,Female,BTech CSE,2,65.5,2.3,88.8,83.6,2,6.7,10.0,79.2,64.0,2,0,1,0,1,74.3,3,Yes,7.65,76.3,Good,Placed
STU100620,22,Female,BSc Computer Science,4,77.5,3.9,81.6,64.6,0,4.7,6.1,69.2,56.3,2,0,2,0,3,70.8,3,No,6.65,67.8,Good,Not Placed
STU100621,20,Male,BSc Computer Science,3,82.3,4.8,95.4,71.3,0,5.5,4.7,72.0,52.1,0,0,2,1,3,76.4,2,Yes,7.56,77.2,Good,Not Placed
STU100622,20,Male,BBA,3,82.9,4.2,68.2,68.4,1,7.0,5.7,60.0,63.7,2,0,1,1,1,83.3,2,Yes,6.68,67.0,Good,Not Placed
STU100623,22,Male,BCA,2,74.0,5.4,91.8,87.0,0,4.6,6.3,67.9,52.1,3,0,1,0,0,61.2,0,Yes,8.23,84.5,Excellent,Not Placed
STU100624,21,Female,BSc Data Science,3,67.9,3.3,91.8,58.1,1,5.5,5.9,55.8,51.1,0,0,1,0,1,71.9,2,No,7.11,70.5,Good,Not Placed
STU100625,20,Male,BSc Computer Science,2,71.6,4.5,72.1,41.7,0,7.4,7.4,60.5,65.5,5,2,2,1,2,95.1,3,No,7.26,73.3,Good,Placed
STU100626,18,Female,BBA,3,59.2,5.2,74.5,70.5,1,6.9,7.3,83.8,80.7,4,1,0,0,5,72.4,1,Yes,7.11,71.2,Good,Not Placed
STU100627,18,Male,BCA,3,66.1,1.0,67.9,79.4,0,6.0,10.0,53.2,58.5,0,0,3,1,4,98.7,0,Yes,6.51,65.0,Average,Not Placed
STU100628,19,Female,BCA,3,67.0,2.9,87.6,65.9,1,8.3,6.9,59.8,67.5,3,1,5,0,1,100.0,1,No,7.65,77.4,Good,Placed
STU100629,20,Male,BCA,4,86.5,4.1,53.6,50.0,0,8.2,4.7,56.2,67.4,0,1,1,1,3,71.2,2,Yes,6.79,64.3,Average,Not Placed
STU100630,21,Male,BCA,3,86.4,4.9,84.5,79.8,1,5.4,6.5,73.3,50.2,2,0,0,1,0,73.0,2,No,8.38,82.2,Excellent,Not Placed
STU100631,22,Male,BBA,3,99.3,3.9,73.6,66.7,0,7.7,7.0,87.7,86.1,1,0,2,1,0,91.7,1,Yes,9.36,92.2,Excellent,Placed
STU100632,22,Male,BTech CSE,3,80.4,5.6,71.2,74.7,0,4.9,6.0,64.6,58.3,2,1,2,0,0,79.6,3,Yes,8.38,84.8,Excellent,Not Placed
STU100633,21,Female,BTech CSE,2,73.2,2.7,61.3,68.5,0,7.0,7.8,40.1,53.3,3,0,4,0,3,95.2,0,Yes,7.13,72.2,Good,Not Placed
STU100634,24,Female,BSc Computer Science,4,78.1,1.6,72.3,45.5,2,6.9,8.0,77.8,84.6,3,0,2,1,2,93.7,4,Yes,5.75,57.8,Average,Not Placed
STU100635,23,Female,BTech CSE,3,76.3,4.7,97.7,75.9,0,6.5,5.8,66.5,70.1,2,0,3,1,2,89.8,3,Yes,8.8,87.2,Excellent,Not Placed
STU100636,19,Female,BCA,2,71.7,3.3,74.1,78.8,0,6.0,6.2,74.4,79.1,0,0,0,1,1,63.9,1,Yes,7.9,78.2,Good,Not Placed
STU100637,22,Female,BSc Data Science,4,81.2,2.2,86.6,69.7,0,6.6,3.7,77.6,49.2,1,0,1,1,3,65.9,3,Yes,8.1,80.2,Excellent,Not Placed
STU100638,20,Female,BSc Computer Science,2,79.9,6.1,70.0,58.5,2,6.5,5.4,59.5,95.0,0,2,1,0,0,68.4,1,Yes,7.83,76.5,Good,Placed
STU100639,19,Female,BCA,4,77.2,4.6,93.3,94.1,0,2.4,6.4,52.2,44.4,1,3,4,0,1,51.0,2,No,7.68,77.6,Good,Not Placed
STU100640,20,Female,BSc Data Science,4,,4.5,88.7,76.7,0,9.0,7.0,51.5,77.7,2,2,2,1,1,84.7,1,Yes,9.15,90.2,Excellent,Not Placed
STU100641,24,Male,BSc Data Science,3,84.3,5.9,79.5,55.6,1,7.6,6.6,93.7,75.2,4,0,1,4,0,93.6,3,No,7.6,78.7,Good,Not Placed
STU100642,18,Female,BCA,2,72.5,2.9,84.5,99.6,0,5.7,5.5,60.7,62.2,3,0,2,0,2,87.6,2,Yes,7.94,77.2,Good,Not Placed
STU100643,19,Male,BCA,2,74.0,5.6,85.5,64.7,2,8.2,8.6,61.6,78.5,1,0,1,0,0,86.8,4,Yes,6.82,66.4,Good,Not Placed
STU100644,22,Female,BTech CSE,3,82.8,4.1,71.0,88.0,0,5.6,8.4,76.0,41.4,2,0,1,0,1,75.2,2,No,7.95,78.8,Good,Not Placed
STU100645,19,Female,BCA,2,88.1,2.6,73.1,79.9,0,1.7,8.6,67.1,64.4,0,1,4,1,0,78.7,2,Yes,6.73,67.3,Good,Not Placed
STU100646,19,Male,BBA,3,87.2,3.5,92.1,76.3,0,7.1,9.3,36.2,78.4,4,1,0,1,1,81.3,0,No,8.68,86.2,Excellent,Placed
STU100647,19,Male,BCA,4,75.4,3.8,99.0,88.7,1,3.6,5.2,53.0,82.1,0,3,4,0,2,85.7,1,Yes,8.21,83.3,Excellent,Not Placed
STU100648,23,Female,BTech CSE,3,65.4,5.2,83.6,50.1,1,4.1,7.5,70.7,78.4,1,1,1,0,2,66.7,2,No,7.03,71.5,Good,Not Placed
STU100649,19,Female,BTech CSE,3,75.1,1.5,89.6,78.9,1,,8.3,54.6,30.0,1,2,3,3,4,68.0,2,No,7.44,75.1,Good,Not Placed
STU100650,20,Male,BBA,3,78.7,0.9,95.2,67.9,0,6.7,10.0,90.0,77.8,4,0,1,0,1,100.0,1,No,7.07,71.5,Good,Placed
STU100651,18,Female,BTech CSE,4,66.9,2.3,78.4,100.0,2,6.8,9.2,50.3,68.8,2,0,2,1,1,100.0,3,Yes,7.9,78.7,Good,Not Placed
STU100652,24,Female,BSc Data Science,2,74.9,3.4,81.2,48.8,0,8.4,6.4,52.3,86.6,2,1,1,2,1,100.0,0,Yes,7.03,69.7,Good,Not Placed
STU100653,21,Male,BSc Data Science,3,90.1,4.6,89.9,75.7,0,4.3,4.3,53.3,64.0,3,1,0,0,1,60.0,2,Yes,8.03,79.0,Good,Not Placed
STU100654,19,Female,BSc Data Science,4,79.5,2.8,100.0,76.6,0,5.2,4.9,75.1,34.6,2,0,0,1,2,77.2,2,No,7.45,74.6,Good,Not Placed
STU100655,22,Female,BCA,4,72.6,4.1,90.2,64.8,1,8.8,7.9,50.9,64.4,2,1,1,0,0,98.3,4,No,8.09,80.9,Excellent,Not Placed
STU100656,19,Male,BCA,4,78.3,5.9,85.3,68.9,1,7.4,6.9,89.7,41.1,3,0,3,2,0,100.0,1,No,8.31,82.1,Excellent,Not Placed
STU100657,22,Female,BTech CSE,4,78.8,1.0,75.5,66.4,1,7.1,5.7,85.6,68.0,4,2,0,1,3,76.5,2,Yes,6.53,64.5,Average,Placed
STU100658,20,Female,BSc Computer Science,2,74.3,3.3,81.4,60.3,1,6.4,3.6,80.7,48.2,2,1,0,1,2,62.1,1,No,6.84,70.6,Good,Not Placed
STU100659,22,Male,BSc Computer Science,3,85.7,7.1,89.6,60.8,0,7.2,8.2,44.7,86.4,0,0,1,1,1,80.4,2,Yes,8.83,86.5,Excellent,Not Placed
STU100660,21,Male,BBA,2,59.7,2.4,88.4,70.1,1,6.6,5.0,71.6,66.5,1,0,2,0,2,76.6,3,No,6.58,66.5,Good,Not Placed
STU100661,18,Male,BTech CSE,3,82.7,2.3,75.4,80.1,0,6.7,9.1,37.7,32.0,0,1,1,0,1,73.1,2,Yes,6.86,70.2,Good,Not Placed
STU100662,22,Female,BTech CSE,3,72.3,4.3,96.4,64.1,0,7.3,5.2,87.9,86.7,1,0,0,1,1,69.4,2,Yes,6.91,68.1,Good,Not Placed
STU100663,22,Female,BTech CSE,3,88.5,2.7,96.4,43.9,2,4.9,6.1,72.3,100.0,3,2,0,1,0,81.5,1,No,6.36,65.4,Good,Placed
STU100664,18,Female,BCA,4,65.3,5.1,80.8,70.9,0,6.8,5.7,75.0,53.0,1,0,0,1,2,77.7,3,Yes,7.34,77.0,Good,Not Placed
STU100665,21,Female,BSc Data Science,3,87.4,7.2,85.1,75.4,0,3.0,7.8,61.9,44.3,1,0,1,1,1,69.5,1,Yes,7.88,76.5,Good,Not Placed
STU100666,19,Female,BBA,3,70.1,3.6,75.0,69.1,0,6.5,5.7,69.6,45.4,3,0,2,0,0,74.9,4,Yes,6.34,64.9,Average,Not Placed
STU100667,22,Male,BBA,2,81.2,7.6,73.1,72.5,1,5.6,6.5,68.4,30.6,1,1,0,1,1,64.7,3,Yes,9.06,90.1,Excellent,Not Placed
STU100668,18,Male,BTech CSE,4,73.4,2.8,85.8,83.1,0,8.0,6.2,70.9,72.5,2,1,1,4,1,72.5,1,No,7.77,79.8,Good,Not Placed
STU100669,20,Male,BSc Data Science,2,,3.2,73.4,71.2,1,4.0,5.4,76.1,53.7,3,1,2,2,0,68.2,4,Yes,7.76,82.0,Excellent,Not Placed
STU100670,18,Male,BTech CSE,2,76.1,2.1,89.1,81.8,2,6.8,6.8,46.7,52.6,4,0,3,0,3,80.7,3,Yes,6.56,69.4,Good,Not Placed
STU100671,20,Female,BCA,2,70.8,2.8,77.6,75.7,0,7.6,7.2,70.3,59.5,0,1,1,0,1,84.0,1,Yes,7.76,77.0,Good,Not Placed
STU100672,21,Female,BCA,3,92.0,3.1,93.6,60.7,1,7.8,7.9,86.6,86.0,0,0,1,2,1,77.2,0,Yes,8.17,81.1,Excellent,Not Placed
STU100673,19,Male,BSc Data Science,2,75.2,4.1,81.1,85.4,0,5.3,7.8,61.8,59.3,2,0,4,0,1,82.7,5,Yes,7.93,78.1,Good,Not Placed
STU100674,18,Female,BSc Computer Science,4,83.2,1.6,60.8,55.8,1,5.9,7.9,87.7,56.6,1,0,3,2,1,74.1,5,No,6.68,69.0,Good,Not Placed
STU100675,24,Female,BCA,4,87.4,2.7,77.9,46.9,0,7.2,4.0,46.1,48.3,6,1,0,2,1,70.7,3,Yes,6.83,69.9,Good,Not Placed
STU100676,24,Male,BSc Data Science,4,69.2,2.8,83.2,73.2,2,4.4,6.8,93.4,72.1,3,2,3,0,0,75.1,1,No,7.55,75.8,Good,Not Placed
STU100677,23,Male,BCA,2,82.2,4.8,62.9,79.2,0,5.7,5.4,50.3,48.8,3,2,3,0,3,86.9,1,Yes,7.62,75.4,Good,Not Placed
STU100678,22,Male,BSc Computer Science,4,83.6,3.7,63.9,78.4,0,4.9,6.8,69.5,56.8,4,0,1,0,3,71.3,1,Yes,7.32,72.9,Good,Not Placed
STU100679,21,Male,BTech CSE,4,62.5,3.7,79.9,57.5,0,3.2,7.0,72.1,82.0,4,1,3,0,2,74.0,3,Yes,6.71,64.5,Average,Not Placed
STU100680,18,Female,BTech CSE,4,81.2,3.6,93.1,73.8,0,9.1,7.1,68.8,42.4,2,0,2,2,1,97.1,3,Yes,8.95,90.3,Excellent,Not Placed
STU100681,24,Male,BCA,3,74.5,0.9,88.9,52.1,0,6.5,4.2,57.5,36.8,6,0,0,0,1,88.1,0,Yes,6.14,66.4,Good,Not Placed
STU100682,22,Male,BSc Computer Science,4,94.2,5.9,81.8,76.2,1,4.6,10.0,83.5,55.2,1,2,3,1,1,75.0,1,Yes,8.27,82.4,Excellent,Not Placed
STU100683,24,Female,BTech CSE,2,86.7,2.1,72.6,73.1,1,2.3,10.0,55.9,62.6,2,0,1,1,0,71.1,1,Yes,7.26,70.8,Good,Not Placed
STU100684,18,Other,BSc Computer Science,4,82.4,4.8,72.1,78.5,0,7.1,5.8,100.0,71.0,3,1,3,1,1,100.0,2,Yes,8.65,84.1,Excellent,Placed
STU100685,20,Male,BSc Data Science,2,57.6,3.2,89.1,81.5,0,3.7,5.0,54.0,62.8,0,0,1,4,1,61.6,2,No,7.84,77.1,Good,Not Placed
STU100686,18,Male,BSc Computer Science,3,82.4,2.6,84.2,78.4,5,5.3,10.0,82.5,65.4,1,1,3,0,2,85.7,3,Yes,7.42,75.8,Good,Not Placed
STU100687,23,Male,BBA,4,70.4,5.1,91.4,56.0,1,6.4,8.6,48.1,90.6,0,0,4,1,1,84.3,0,Yes,7.51,73.4,Good,Not Placed
STU100688,18,Male,BCA,3,86.7,1.7,95.2,65.9,2,4.3,8.0,57.9,72.4,2,0,3,0,0,78.8,1,Yes,6.56,63.5,Average,Not Placed
STU100689,18,Male,BSc Data Science,2,76.4,1.8,77.0,58.3,0,9.5,4.8,24.1,58.6,3,3,1,2,1,73.5,1,Yes,7.79,76.8,Good,Not Placed
STU100690,23,Female,BSc Data Science,4,72.8,3.7,86.8,41.5,2,4.7,9.4,85.6,63.6,3,0,4,0,0,81.6,3,No,6.33,61.1,Average,Not Placed
STU100691,21,Male,BSc Computer Science,4,73.6,3.8,88.3,80.9,0,4.3,5.4,76.3,60.8,2,1,3,2,2,80.6,3,No,7.81,77.9,Good,Placed
STU100692,18,Male,BCA,2,74.3,4.7,74.3,79.6,1,6.9,6.5,38.4,77.5,0,2,0,0,0,76.2,2,Yes,8.17,82.9,Excellent,Not Placed
STU100693,23,Female,BCA,4,64.5,4.6,74.9,60.9,0,5.9,9.0,50.7,86.6,1,2,1,0,3,75.8,2,Yes,7.66,78.7,Good,Not Placed
STU100694,22,Male,BSc Data Science,3,65.8,3.4,90.0,62.6,0,10.0,6.1,40.2,62.7,3,1,1,0,0,87.1,4,Yes,7.91,77.4,Good,Not Placed
STU100695,20,Male,BBA,3,74.6,3.7,82.0,71.6,0,9.0,7.2,63.4,44.7,2,1,1,0,1,84.9,4,Yes,7.46,73.9,Good,Not Placed
STU100696,20,Male,BTech CSE,3,93.6,3.3,72.4,65.4,1,9.2,8.7,62.9,83.7,5,0,3,1,2,85.7,6,Yes,7.61,75.5,Good,Placed
STU100697,18,Female,BTech CSE,2,85.1,5.6,73.0,85.2,0,7.5,4.9,82.7,50.6,0,1,1,3,1,66.0,3,No,8.78,90.0,Excellent,Not Placed
STU100698,21,Male,BTech CSE,3,86.0,2.0,67.9,67.4,1,7.7,8.7,66.1,66.4,3,0,2,1,1,81.6,5,No,8.05,79.6,Good,Not Placed
STU100699,21,Female,BCA,2,90.0,3.5,78.1,61.9,1,5.8,9.4,92.2,22.2,1,0,0,0,2,89.5,0,Yes,7.69,77.2,Good,Not Placed
STU100700,22,Female,BTech CSE,4,80.8,4.7,70.7,77.2,1,7.7,6.7,50.1,53.8,1,0,3,2,2,87.0,2,Yes,7.86,82.9,Excellent,Placed
STU100701,18,Male,BSc Computer Science,3,73.4,5.2,83.1,61.1,0,5.3,8.8,63.3,76.6,3,1,5,1,3,76.2,0,Yes,7.94,78.6,Good,Placed
STU100702,20,Other,BSc Data Science,4,73.9,2.5,100.0,80.5,1,6.3,5.6,59.5,75.1,0,0,3,0,0,83.6,2,Yes,8.0,78.2,Good,Not Placed
STU100703,21,Male,BTech CSE,4,69.7,2.0,87.1,71.3,2,4.0,4.3,59.9,48.6,1,0,1,0,2,64.7,3,Yes,6.66,68.8,Good,Not Placed
STU100704,18,Male,BTech CSE,2,86.1,1.6,93.7,82.9,1,5.7,3.6,78.9,70.6,0,0,1,1,2,67.7,3,Yes,7.44,76.6,Good,Not Placed
STU100705,24,Female,BTech CSE,4,68.6,3.0,86.4,84.0,1,7.5,7.6,76.8,25.1,5,0,0,0,0,89.6,3,Yes,8.32,80.9,Excellent,Not Placed
STU100706,21,Female,BCA,4,98.9,3.9,63.9,56.4,1,8.5,7.5,47.3,46.7,0,0,1,1,1,87.3,4,Yes,7.89,79.4,Good,Not Placed
STU100707,23,Female,BBA,3,69.0,2.8,83.4,72.8,1,7.3,5.9,66.3,50.5,2,2,0,1,2,77.0,4,Yes,8.02,78.3,Good,Placed
STU100708,24,Male,BBA,2,90.2,4.5,74.5,71.4,1,9.0,8.7,70.4,80.1,2,2,1,2,1,75.1,1,Yes,8.14,78.7,Good,Not Placed
STU100709,21,Male,BSc Data Science,4,90.3,3.4,72.9,70.6,0,3.9,5.8,87.2,59.8,0,1,2,0,1,69.5,1,No,7.48,72.0,Good,Not Placed
STU100710,20,Female,BCA,4,84.2,4.4,79.5,85.9,0,7.4,4.8,91.2,71.9,3,1,3,0,0,84.9,1,Yes,8.52,83.9,Excellent,Not Placed
STU100711,19,Male,BCA,4,94.2,3.7,88.9,71.8,0,4.9,5.3,74.0,76.0,3,1,0,2,0,80.9,2,Yes,7.6,78.3,Good,Not Placed
STU100712,24,Male,BBA,2,76.0,1.0,78.6,55.4,1,7.3,9.1,70.2,64.6,0,0,1,0,3,89.1,2,Yes,6.48,65.7,Good,Not Placed
STU100713,22,Male,BSc Computer Science,2,79.3,1.8,91.4,66.5,0,5.0,8.1,74.5,85.3,1,1,5,0,0,83.2,4,No,7.22,70.3,Good,Not Placed
STU100714,22,Male,BSc Data Science,3,80.2,5.2,84.0,63.6,0,5.5,6.5,53.9,51.1,1,3,0,1,4,77.5,5,Yes,7.75,76.5,Good,Placed
STU100715,20,Female,BSc Data Science,3,83.9,2.1,85.5,67.1,1,8.0,6.4,60.2,67.9,1,2,2,1,3,87.2,1,Yes,8.22,82.3,Excellent,Not Placed
STU100716,21,Male,BCA,2,59.8,4.8,81.3,71.8,0,6.9,5.9,54.6,31.4,4,1,1,0,1,80.2,0,Yes,7.09,70.1,Good,Not Placed
STU100717,18,Other,BTech CSE,3,76.9,3.7,96.1,63.6,0,5.0,2.9,83.7,75.2,2,1,5,0,1,75.2,3,No,7.54,73.0,Good,Not Placed
STU100718,21,Male,BSc Data Science,3,86.6,2.0,74.3,79.3,0,3.8,4.2,62.8,73.9,1,1,1,0,2,69.0,6,Yes,7.28,70.5,Good,Not Placed
STU100719,20,Female,BBA,4,74.3,4.6,74.9,90.2,0,4.9,6.6,64.5,58.1,3,2,1,0,3,63.3,0,No,8.41,81.7,Excellent,Not Placed
STU100720,22,Male,BTech CSE,3,97.6,2.8,78.5,74.1,0,6.4,7.7,70.6,55.2,2,1,3,1,1,91.7,3,Yes,8.48,85.9,Excellent,Placed
STU100721,21,Male,BTech CSE,3,79.3,3.7,87.5,81.5,0,4.3,6.3,74.6,82.0,4,0,2,0,1,75.1,2,Yes,7.73,76.1,Good,Placed
STU100722,22,Male,BSc Data Science,4,83.1,3.2,89.0,60.1,0,6.9,4.3,93.9,55.9,3,0,0,0,1,64.3,0,Yes,7.39,77.3,Good,Not Placed
STU100723,24,Male,BCA,4,93.5,0.5,75.8,82.3,0,4.5,9.4,69.4,80.3,1,0,1,1,2,72.2,2,Yes,7.5,75.1,Good,Not Placed
STU100724,18,Female,BSc Computer Science,2,79.3,4.5,91.9,88.4,0,6.2,4.6,66.4,56.6,2,2,2,0,2,82.6,2,Yes,8.74,88.5,Excellent,Not Placed
STU100725,24,Other,BSc Data Science,3,93.3,4.7,71.2,86.7,1,7.1,6.8,85.0,72.2,1,0,1,1,2,84.9,1,Yes,8.98,86.5,Excellent,Not Placed
STU100726,22,Female,BCA,4,83.8,2.8,89.8,65.0,0,5.6,7.1,67.1,44.2,3,0,2,0,2,72.5,2,Yes,6.61,67.0,Good,Not Placed
STU100727,22,Male,BBA,3,83.9,4.5,85.9,86.9,0,8.4,10.0,54.5,55.7,2,0,3,0,3,100.0,1,Yes,8.64,89.9,Excellent,Not Placed
STU100728,19,Male,BSc Data Science,4,69.1,2.2,82.2,93.1,0,7.2,5.3,37.3,66.7,2,0,0,1,3,82.1,2,Yes,7.91,83.8,Excellent,Not Placed
STU100729,19,Male,BCA,3,89.1,2.2,87.2,65.3,3,4.8,6.9,73.2,96.1,0,0,2,4,2,71.2,0,Yes,7.02,72.2,Good,Not Placed
STU100730,24,Female,BCA,3,71.9,3.9,80.7,80.4,1,4.5,7.1,66.1,84.3,3,0,2,2,2,72.7,3,Yes,7.46,74.9,Good,Not Placed
STU100731,23,Female,BSc Data Science,3,76.1,2.5,84.8,65.1,1,9.3,5.0,90.6,59.4,1,2,3,2,2,87.3,5,Yes,7.46,72.6,Good,Placed
STU100732,24,Female,BBA,3,,3.3,100.0,55.7,0,8.5,7.3,64.9,85.7,6,2,2,0,1,91.4,1,No,7.65,79.2,Good,Not Placed
STU100733,19,Male,BCA,3,74.3,2.1,91.8,69.4,0,5.9,6.1,53.5,61.5,1,0,1,2,1,65.1,1,No,6.61,66.4,Good,Not Placed
STU100734,22,Female,BSc Data Science,2,81.5,1.6,76.0,65.3,0,7.0,6.3,78.8,76.4,1,0,2,0,4,67.1,4,No,6.85,69.0,Good,Not Placed
STU100735,20,Male,BSc Computer Science,4,77.5,3.8,78.6,70.4,0,6.0,5.6,69.3,61.5,2,0,2,0,2,68.2,1,Yes,7.33,75.8,Good,Placed
STU100736,24,Female,BSc Data Science,3,77.8,3.8,95.3,41.0,0,7.7,8.7,79.9,52.5,1,1,1,0,0,86.0,1,No,6.83,68.2,Good,Not Placed
STU100737,22,Female,BCA,3,76.5,3.5,77.7,76.6,0,6.8,6.6,71.1,56.9,0,1,1,1,0,73.5,3,Yes,7.04,72.3,Good,Not Placed
STU100738,20,Female,BCA,4,67.6,3.1,100.0,69.2,1,2.9,5.5,71.4,35.6,3,0,0,0,3,62.3,1,Yes,6.46,65.3,Good,Not Placed
STU100739,20,Female,BSc Data Science,3,83.5,2.4,90.4,81.0,2,8.6,3.3,70.2,56.7,0,0,3,1,2,72.1,4,Yes,7.9,77.7,Good,Placed
STU100740,19,Male,BCA,4,84.3,1.9,67.1,66.5,0,8.9,9.8,59.9,45.9,1,2,2,0,1,93.0,0,No,6.46,63.9,Average,Not Placed
STU100741,24,Female,BCA,4,72.2,1.8,91.6,92.8,0,5.6,6.9,69.1,70.1,4,0,2,1,1,84.6,2,No,7.25,72.7,Good,Not Placed
STU100742,21,Male,BTech CSE,3,73.6,2.6,58.3,66.8,0,7.1,8.9,68.8,77.8,0,1,2,1,1,88.4,0,Yes,6.54,66.0,Good,Not Placed
STU100743,18,Female,BCA,3,87.1,5.0,78.2,73.4,1,8.5,8.8,91.3,58.0,2,1,3,1,5,82.5,2,Yes,8.25,83.6,Excellent,Placed
STU100744,19,Male,BTech CSE,4,75.4,3.8,91.4,60.2,1,10.0,7.4,68.6,43.0,3,1,0,0,1,89.7,1,Yes,7.84,76.7,Good,Not Placed
STU100745,19,Male,BTech CSE,2,78.9,4.0,61.5,73.2,1,7.4,8.3,64.0,81.2,3,1,1,0,1,82.5,1,No,7.2,71.7,Good,Not Placed
STU100746,21,Female,BSc Computer Science,2,69.2,1.6,100.0,75.2,1,7.1,8.8,83.1,58.8,4,0,1,1,3,88.6,1,Yes,7.69,74.1,Good,Not Placed
STU100747,18,Female,BSc Data Science,4,77.4,3.8,92.7,65.2,0,8.0,5.1,55.6,83.3,3,0,2,2,1,71.4,1,No,8.57,86.5,Excellent,Not Placed
STU100748,22,Female,BCA,4,69.2,4.0,71.2,81.1,0,8.2,8.2,75.4,69.6,1,0,2,1,1,89.9,1,Yes,7.8,78.4,Good,Not Placed
STU100749,23,Male,BTech CSE,4,72.0,5.9,98.7,65.3,0,7.5,7.3,51.9,94.9,2,0,1,0,1,90.2,1,Yes,8.25,83.8,Excellent,Not Placed
STU100750,24,Female,BSc Computer Science,2,70.4,3.5,61.0,85.6,1,4.2,5.4,42.9,61.7,2,1,5,1,2,83.0,0,Yes,7.46,71.2,Good,Not Placed
STU100751,23,Male,BSc Computer Science,2,86.6,2.9,70.9,55.6,0,6.8,8.2,83.9,32.2,1,0,4,1,0,87.5,0,No,6.55,62.6,Average,Not Placed
STU100752,22,Female,BCA,2,64.7,2.4,66.4,71.2,0,7.0,5.3,63.0,67.2,4,0,2,1,0,89.9,0,Yes,7.02,73.2,Good,Not Placed
STU100753,19,Male,BBA,3,80.7,3.6,60.3,100.0,0,3.9,7.7,37.8,49.5,1,1,3,1,1,82.2,1,No,8.37,80.8,Excellent,Not Placed
STU100754,18,Female,BCA,3,75.8,3.2,78.3,43.3,0,7.6,7.3,56.7,49.3,3,0,2,2,1,74.7,5,Yes,5.65,58.8,Average,Not Placed
STU100755,19,Female,BSc Data Science,3,92.0,5.2,84.1,83.4,0,4.5,5.8,65.4,85.7,3,0,1,2,0,73.8,0,Yes,8.31,81.9,Excellent,Not Placed
STU100756,20,Female,BSc Data Science,2,,4.9,83.8,75.8,0,8.9,9.8,100.0,69.4,2,1,1,0,2,81.8,3,Yes,8.78,86.2,Excellent,Placed
STU100757,19,Male,BCA,3,65.6,2.0,83.4,68.3,0,5.1,,34.4,53.6,2,3,1,0,0,98.1,4,Yes,5.2,57.4,Average,Not Placed
STU100758,19,Male,BSc Computer Science,3,72.4,3.5,82.6,85.2,1,8.2,5.5,80.1,65.5,5,1,0,0,0,94.3,1,No,8.27,84.4,Excellent,Not Placed
STU100759,22,Female,BTech CSE,2,77.9,7.2,69.0,77.1,0,5.3,8.8,60.6,65.4,2,2,0,1,3,75.2,3,Yes,8.06,80.9,Excellent,Not Placed
STU100760,22,Male,BTech CSE,4,72.4,1.3,76.5,68.5,0,8.8,6.2,67.4,34.8,2,1,2,1,1,82.8,1,Yes,7.9,78.9,Good,Placed
STU100761,22,Female,BTech CSE,2,87.1,3.2,51.7,63.2,1,9.0,6.2,57.6,78.7,3,1,1,2,0,89.0,4,No,7.1,68.6,Good,Not Placed
STU100762,23,Male,BSc Computer Science,4,79.7,4.6,93.9,66.9,0,7.5,8.3,82.0,76.8,1,1,4,2,1,91.6,3,No,8.18,81.2,Excellent,Not Placed
STU100763,20,Male,BSc Computer Science,4,76.1,3.1,83.0,69.0,0,5.4,7.8,71.5,59.1,2,0,1,0,0,81.7,1,No,7.27,73.3,Good,Placed
STU100764,22,Female,BCA,3,87.8,3.0,82.8,69.9,1,7.3,6.4,55.5,68.6,3,0,3,0,2,69.4,1,No,8.2,79.8,Good,Not Placed
STU100765,18,Female,BSc Computer Science,2,66.2,2.8,90.6,62.5,1,5.2,9.3,80.6,45.4,2,1,1,2,2,79.2,3,Yes,6.22,63.3,Average,Not Placed
STU100766,23,Female,BCA,3,75.3,1.9,91.4,73.8,0,4.4,5.5,88.0,95.6,2,1,2,0,1,72.5,2,Yes,7.42,77.8,Good,Not Placed
STU100767,21,Female,BSc Data Science,4,80.5,3.2,78.0,64.2,1,5.6,9.1,84.0,79.8,0,1,2,0,1,79.5,2,Yes,7.32,72.4,Good,Not Placed
STU100768,18,Male,BSc Data Science,3,76.6,5.0,80.7,73.6,0,6.4,5.6,100.0,56.6,2,2,3,2,2,85.9,2,No,7.25,73.3,Good,Placed
STU100769,24,Female,BSc Data Science,4,47.0,1.6,99.2,94.9,0,5.4,7.4,83.4,47.4,3,0,1,0,2,83.3,2,Yes,7.07,73.6,Good,Placed
STU100770,24,Male,BSc Computer Science,4,81.4,3.9,75.6,82.2,0,6.0,6.2,69.7,57.1,1,0,3,1,1,72.7,3,No,7.93,79.8,Good,Placed
STU100771,18,Female,BBA,4,83.0,5.1,99.1,71.5,1,5.5,8.1,59.8,52.7,0,0,0,0,1,78.7,1,Yes,8.65,85.3,Excellent,Not Placed
STU100772,22,Female,BSc Data Science,3,67.9,3.5,78.1,57.8,0,6.5,3.5,81.0,71.6,0,0,3,1,2,68.7,3,Yes,6.17,63.1,Average,Not Placed
STU100773,21,Male,BBA,4,56.2,2.9,61.0,73.7,0,6.1,5.1,58.7,57.3,1,1,1,1,2,65.6,1,Yes,6.28,59.3,Average,Not Placed
STU100774,21,Female,BTech CSE,4,71.2,4.5,83.0,93.4,0,3.8,7.7,85.1,36.5,1,1,3,1,3,69.6,1,Yes,8.07,78.5,Good,Not Placed
STU100775,23,Female,BSc Computer Science,3,76.0,2.1,78.1,59.9,1,6.4,8.2,65.3,58.0,2,2,2,1,0,76.5,3,Yes,6.84,67.5,Good,Not Placed
STU100776,21,Male,BSc Computer Science,3,76.9,4.1,67.2,45.7,1,5.1,5.8,73.2,53.3,3,1,4,1,4,88.8,3,Yes,5.83,59.1,Average,Not Placed
STU100777,24,Other,BCA,2,58.3,3.3,81.1,75.8,1,4.9,8.5,51.6,78.1,1,0,1,2,0,71.1,3,Yes,7.06,70.5,Good,Not Placed
STU100778,20,Male,BTech CSE,2,80.0,3.6,76.7,90.4,0,4.9,5.7,64.5,97.3,1,0,2,1,3,82.7,2,No,8.31,83.7,Excellent,Not Placed
STU100779,22,Male,BSc Computer Science,4,88.3,6.0,100.0,86.6,1,6.8,7.6,54.2,63.4,2,0,1,0,1,60.9,1,No,9.22,93.0,Excellent,Not Placed
STU100780,21,Female,BBA,3,87.6,5.2,92.7,91.9,1,7.2,6.6,91.6,66.6,0,0,3,0,2,84.1,0,Yes,8.72,87.4,Excellent,Placed
STU100781,23,Female,BSc Computer Science,4,90.2,5.7,71.4,56.5,0,6.7,4.4,64.0,52.2,4,0,1,0,3,76.7,1,Yes,8.33,82.3,Excellent,Not Placed
STU100782,24,Female,BTech CSE,4,65.9,2.3,73.9,67.2,2,7.8,9.6,67.1,75.7,2,0,2,0,0,100.0,2,No,6.55,67.4,Good,Not Placed
STU100783,20,Female,BTech CSE,3,86.8,2.0,93.0,76.4,1,6.5,5.9,53.0,61.5,1,2,2,3,1,78.8,3,No,7.6,75.2,Good,Not Placed
STU100784,19,Female,BSc Data Science,3,68.7,4.2,95.3,44.3,0,6.7,5.6,46.6,65.6,0,0,0,0,0,78.6,1,No,7.81,80.6,Excellent,Not Placed
STU100785,19,Female,BCA,2,85.9,4.0,78.3,71.7,1,5.0,6.2,55.8,78.3,1,1,0,2,1,69.7,4,No,6.91,70.8,Good,Not Placed
STU100786,20,Male,BSc Data Science,4,70.6,0.5,76.7,65.6,1,7.4,6.1,56.0,74.8,0,1,2,1,4,86.0,2,Yes,7.37,72.2,Good,Not Placed
STU100787,24,Male,BSc Computer Science,3,81.5,4.0,80.6,69.0,0,6.2,7.1,55.6,60.5,1,1,3,0,2,65.9,1,No,7.82,80.1,Excellent,Not Placed
STU100788,23,Male,BCA,3,93.4,6.6,85.2,75.2,1,7.6,6.0,55.3,77.6,2,1,2,1,6,84.0,3,Yes,9.05,93.2,Excellent,Not Placed
STU100789,20,Male,BTech CSE,2,87.3,6.3,90.0,68.0,0,6.3,6.0,78.4,92.2,2,2,0,0,3,84.1,3,No,8.47,85.6,Excellent,Not Placed
STU100790,22,Female,BSc Computer Science,4,68.8,2.5,90.6,58.9,1,6.5,7.6,61.6,69.9,2,1,2,0,1,93.1,6,No,7.1,72.5,Good,Placed
STU100791,22,Male,BBA,4,66.6,4.6,70.4,80.5,0,5.1,6.8,76.2,73.4,5,0,0,0,4,75.2,2,Yes,8.01,78.1,Good,Not Placed
STU100792,19,Male,BTech CSE,3,85.8,2.2,78.0,58.8,0,6.2,7.5,61.3,74.5,1,0,2,0,1,72.4,3,Yes,7.04,68.8,Good,Not Placed
STU100793,21,Male,BSc Computer Science,3,91.2,3.4,59.0,70.6,2,10.0,6.3,71.4,48.3,1,0,1,1,0,76.0,1,No,7.42,75.6,Good,Not Placed
STU100794,23,Female,BBA,4,82.3,2.3,81.7,62.0,1,3.2,7.3,77.4,72.7,3,1,3,1,3,70.0,0,No,7.11,69.2,Good,Not Placed
STU100795,19,Female,BSc Computer Science,3,72.9,1.7,66.7,80.2,2,5.7,4.4,57.9,62.8,2,1,2,0,5,76.0,2,No,7.23,74.7,Good,Not Placed
STU100796,21,Female,BTech CSE,2,78.4,4.8,74.0,53.1,2,7.9,8.5,85.3,85.1,0,1,3,1,2,86.2,1,Yes,7.67,77.6,Good,Placed
STU100797,21,Female,BSc Data Science,3,82.3,3.9,94.1,70.8,0,5.2,6.1,68.8,67.3,1,1,2,0,1,77.6,2,No,7.65,76.3,Good,Not Placed
STU100798,22,Female,BSc Data Science,2,77.1,4.2,86.3,75.7,1,6.7,6.5,51.4,56.9,6,1,0,0,3,79.1,1,Yes,7.85,77.8,Good,Not Placed
STU100799,24,Female,BSc Data Science,3,68.8,4.4,85.8,75.3,1,6.3,7.7,58.9,59.9,2,0,1,3,4,96.0,4,No,8.31,83.1,Excellent,Not Placed
STU100800,18,Male,BSc Computer Science,3,88.6,3.8,82.0,84.9,0,8.0,7.2,63.0,92.6,2,2,1,0,2,90.2,1,Yes,8.8,89.2,Excellent,Not Placed
STU100801,24,Female,BSc Computer Science,3,96.8,1.9,97.4,81.9,3,6.1,7.8,61.5,100.0,2,0,1,1,3,90.8,2,No,7.43,73.4,Good,Not Placed
STU100802,18,Female,BSc Computer Science,2,92.3,3.8,75.1,77.4,0,3.5,9.0,33.9,71.4,2,0,4,0,4,79.1,3,No,7.89,80.1,Excellent,Not Placed
STU100803,20,Female,BSc Data Science,3,56.3,3.2,83.8,48.1,1,9.5,6.4,52.0,53.9,1,1,0,2,2,71.0,4,Yes,7.52,72.3,Good,Not Placed
STU100804,22,Female,BBA,3,89.6,3.2,83.2,78.9,0,6.3,6.7,77.3,43.1,0,1,1,0,1,79.5,1,Yes,7.39,77.6,Good,Not Placed
STU100805,21,Male,BSc Computer Science,3,83.8,2.1,78.2,86.5,1,6.8,10.0,64.8,57.3,2,0,3,1,0,87.3,3,No,7.93,81.8,Excellent,Not Placed
STU100806,23,Female,BSc Data Science,3,71.4,1.2,100.0,62.7,0,5.7,6.0,71.8,65.9,3,0,4,0,2,89.1,2,Yes,7.38,68.5,Good,Not Placed
STU100807,18,Female,BSc Computer Science,4,58.4,2.6,68.6,85.9,0,6.8,5.7,71.2,56.7,2,3,2,0,3,83.5,2,No,6.97,71.6,Good,Not Placed
STU100808,24,Male,BTech CSE,2,76.9,4.3,61.7,82.9,1,8.3,8.1,64.6,45.6,0,0,3,1,1,87.8,4,No,7.58,76.2,Good,Not Placed
STU100809,21,Female,BBA,4,81.6,3.4,83.2,63.6,1,6.2,8.3,57.5,71.0,1,1,4,0,1,87.1,3,Yes,7.75,78.3,Good,Not Placed
STU100810,18,Male,BSc Computer Science,3,66.9,6.2,75.4,65.7,1,5.1,8.2,59.7,59.6,1,0,0,1,1,82.7,1,Yes,7.8,78.1,Good,Not Placed
STU100811,18,Female,BCA,3,90.3,3.4,56.5,60.5,0,4.2,5.7,70.1,61.0,1,0,1,2,5,62.0,4,No,6.99,74.2,Good,Not Placed
STU100812,18,Female,BSc Data Science,3,90.1,3.8,86.1,84.7,0,8.6,6.6,52.7,70.8,5,0,1,0,2,100.0,1,Yes,8.19,82.2,Excellent,Placed
STU100813,23,Male,BSc Computer Science,3,82.7,3.5,84.7,63.8,1,5.7,6.8,73.5,59.9,1,0,1,0,1,81.8,1,Yes,7.3,74.8,Good,Not Placed
STU100814,22,Female,BTech CSE,4,64.3,1.9,94.3,64.0,0,7.5,6.3,87.4,100.0,3,2,2,0,1,81.9,6,Yes,7.15,70.3,Good,Placed
STU100815,23,Male,BSc Data Science,3,75.4,3.5,75.9,69.2,1,7.7,7.1,36.4,74.2,7,0,3,1,1,92.3,3,Yes,8.42,85.1,Excellent,Not Placed
STU100816,19,Female,BBA,3,85.2,1.9,61.6,58.5,1,6.1,6.3,75.5,42.2,6,1,3,2,0,94.4,3,Yes,5.66,56.5,Average,Not Placed
STU100817,21,Male,BSc Computer Science,4,84.6,3.4,71.7,77.9,0,6.4,9.2,65.3,77.3,4,0,1,0,1,98.7,3,Yes,7.6,76.4,Good,Placed
STU100818,22,Female,BBA,2,71.0,0.9,,68.4,0,6.5,5.2,75.1,75.0,2,1,2,0,0,70.3,4,No,5.54,56.0,Average,Not Placed
STU100819,22,Male,BCA,2,72.5,3.4,98.5,85.2,3,8.0,9.6,60.0,70.9,3,0,2,0,2,82.8,1,Yes,8.95,88.3,Excellent,Placed
STU100820,22,Female,BTech CSE,2,70.8,3.7,93.1,82.2,1,5.0,4.8,87.3,87.8,4,0,3,2,0,76.4,3,Yes,7.35,73.9,Good,Placed
STU100821,24,Male,BBA,2,75.2,3.8,96.1,91.6,0,6.1,10.0,65.3,72.1,1,1,1,1,1,67.9,1,No,7.58,77.0,Good,Not Placed
STU100822,22,Female,BBA,3,73.1,1.3,89.3,53.2,2,7.0,8.3,70.5,49.7,3,1,2,0,2,86.3,0,Yes,6.55,63.1,Average,Not Placed
STU100823,23,Female,BCA,3,71.3,4.2,66.6,56.7,2,7.1,5.7,73.6,50.1,1,2,2,2,2,85.8,1,Yes,7.24,73.2,Good,Not Placed
STU100824,22,Other,BCA,3,76.6,4.5,77.6,72.0,0,7.6,6.8,69.9,59.3,1,1,2,0,1,88.0,2,Yes,9.08,88.1,Excellent,Not Placed
STU100825,20,Female,BSc Computer Science,2,78.4,2.1,90.7,73.4,0,4.1,7.9,70.5,79.2,0,0,3,1,0,68.2,3,Yes,6.19,67.2,Good,Not Placed
STU100826,21,Female,BCA,4,88.9,5.0,63.3,68.5,0,,7.9,71.9,51.8,1,0,2,2,2,76.5,3,Yes,8.2,77.9,Good,Not Placed
STU100827,22,Male,BCA,4,60.2,3.8,86.8,91.7,3,7.2,6.6,61.1,47.0,3,1,3,1,0,80.2,2,Yes,8.31,83.6,Excellent,Not Placed
STU100828,21,Male,BCA,4,90.2,3.4,90.6,67.2,0,4.2,5.2,64.0,100.0,1,2,3,0,1,71.3,3,No,8.51,84.5,Excellent,Placed
STU100829,20,Male,BSc Computer Science,4,70.5,4.4,100.0,77.6,2,9.7,8.5,82.5,65.3,1,2,1,1,1,80.2,3,Yes,9.64,96.4,Excellent,Placed
STU100830,20,Female,BSc Computer Science,4,96.6,5.9,92.5,76.0,0,3.7,7.2,46.4,55.0,1,2,2,0,4,66.9,3,No,7.74,79.5,Good,Not Placed
STU100831,21,Female,BCA,4,84.7,3.3,87.2,64.7,0,4.5,9.0,56.6,20.7,3,0,2,0,3,99.1,2,Yes,8.1,82.0,Excellent,Not Placed
STU100832,18,Male,BCA,3,83.5,2.8,82.3,77.6,1,5.2,6.6,44.0,50.7,1,1,0,1,3,76.4,3,Yes,7.11,70.5,Good,Not Placed
STU100833,19,Female,BSc Computer Science,2,77.0,6.6,88.0,72.0,0,5.0,7.1,44.3,52.2,1,0,0,3,3,64.8,1,Yes,8.47,85.7,Excellent,Not Placed
STU100834,24,Female,BSc Computer Science,3,98.6,3.2,88.7,86.9,0,7.4,9.1,54.1,64.6,4,2,5,0,2,100.0,2,Yes,8.91,92.2,Excellent,Placed
STU100835,18,Female,BCA,2,77.7,4.0,59.2,86.0,2,6.7,7.2,64.8,62.0,4,2,2,1,2,86.5,0,No,7.48,71.5,Good,Not Placed
STU100836,18,Male,BSc Data Science,4,93.1,3.2,84.3,41.8,1,4.9,4.7,75.4,71.7,2,0,4,1,2,59.0,3,Yes,6.89,68.6,Good,Not Placed
STU100837,23,Male,BBA,3,72.3,1.1,52.9,53.5,0,10.0,4.5,73.3,44.6,0,1,2,0,0,84.5,1,Yes,7.34,69.9,Good,Not Placed
STU100838,24,Female,BBA,3,85.2,3.0,57.2,70.3,0,7.9,4.0,76.6,87.0,0,1,1,0,0,70.4,1,Yes,7.1,69.0,Good,Not Placed
STU100839,24,Female,BBA,2,97.0,5.2,82.5,82.4,0,7.0,5.4,59.2,84.2,0,0,0,2,2,70.0,3,Yes,8.71,86.4,Excellent,Not Placed
STU100840,18,Male,BTech CSE,3,69.5,2.3,87.3,73.5,0,7.8,6.1,95.1,50.3,1,1,2,1,2,85.7,2,Yes,7.9,76.0,Good,Placed
STU100841,22,Female,BSc Data Science,3,82.9,5.5,67.4,77.0,0,7.2,8.2,67.5,94.4,1,3,2,0,3,75.3,0,Yes,8.24,82.0,Excellent,Not Placed
STU100842,23,Female,BTech CSE,3,70.9,4.6,94.0,100.0,0,6.9,8.4,86.9,44.4,1,1,4,1,0,72.5,0,Yes,9.22,91.8,Excellent,Placed
STU100843,23,Female,BSc Data Science,3,82.3,2.0,98.7,64.5,1,7.4,3.4,62.2,49.9,3,2,5,1,3,100.0,4,Yes,7.21,74.4,Good,Not Placed
STU100844,20,Female,BSc Computer Science,2,96.9,1.7,90.9,77.3,1,6.4,7.8,58.4,50.5,2,0,0,0,1,68.4,4,Yes,7.57,75.6,Good,Not Placed
STU100845,24,Male,BSc Data Science,3,68.7,1.7,81.7,74.0,0,7.7,6.2,71.9,54.9,0,0,1,0,1,74.8,4,Yes,7.33,74.0,Good,Not Placed
STU100846,18,Male,BSc Computer Science,3,79.6,2.9,85.4,82.3,2,6.6,7.4,50.1,49.8,1,0,4,0,0,80.0,2,Yes,7.53,73.7,Good,Not Placed
STU100847,20,Female,BSc Computer Science,4,69.7,1.9,83.2,83.4,1,6.0,9.9,49.9,57.7,2,1,1,0,2,87.2,5,Yes,6.89,67.8,Good,Not Placed
STU100848,21,Male,BCA,3,76.7,5.3,84.4,78.7,0,9.4,5.5,85.2,76.6,3,0,1,0,0,74.4,2,Yes,8.45,88.0,Excellent,Placed
STU100849,19,Male,BTech CSE,3,84.2,1.7,70.7,88.8,0,6.7,7.6,69.5,60.2,4,0,0,1,1,79.9,3,Yes,7.61,77.1,Good,Not Placed
STU100850,23,Male,BCA,4,75.0,2.2,77.9,88.1,0,6.1,8.5,63.7,100.0,2,3,3,1,0,73.6,2,Yes,7.54,75.5,Good,Placed
STU100851,21,Male,BSc Data Science,3,93.7,5.8,82.7,77.0,1,5.0,6.9,86.8,87.7,1,0,1,0,1,58.4,0,No,7.58,73.4,Good,Not Placed
STU100852,21,Male,BCA,3,82.8,3.1,85.7,70.7,1,4.7,5.8,57.8,85.6,2,0,3,0,1,76.1,0,No,7.82,78.4,Good,Not Placed
STU100853,22,Male,BSc Data Science,3,64.8,4.1,88.5,75.5,2,6.6,5.8,100.0,50.0,4,1,3,0,1,81.8,3,Yes,7.75,80.9,Excellent,Placed
STU100854,19,Male,BCA,4,81.2,4.2,71.0,52.1,1,5.8,6.0,65.7,59.6,3,1,0,1,0,75.4,2,Yes,6.21,63.7,Average,Not Placed
STU100855,21,Male,BBA,3,92.6,1.3,80.1,65.7,2,5.2,7.2,57.3,57.4,1,0,3,1,1,75.8,1,Yes,6.24,61.6,Average,Not Placed
STU100856,21,Female,BSc Data Science,3,83.4,4.7,79.0,60.4,1,8.8,5.7,82.1,47.6,2,1,0,3,2,75.8,1,Yes,7.77,79.1,Good,Not Placed
STU100857,19,Female,BSc Data Science,4,80.6,4.4,100.0,82.7,0,8.4,7.7,58.0,98.0,1,1,1,0,1,82.9,3,Yes,9.42,95.5,Excellent,Placed
STU100858,19,Female,BSc Data Science,2,75.0,4.5,84.7,88.2,1,4.7,7.5,69.0,82.3,1,1,2,0,4,68.0,1,Yes,6.65,67.9,Good,Not Placed
STU100859,21,Male,BSc Computer Science,4,77.0,2.5,89.4,79.9,1,5.9,4.1,96.4,62.0,0,1,2,1,2,69.1,4,No,7.58,76.3,Good,Placed
STU100860,19,Male,BTech CSE,3,78.1,3.9,93.0,70.4,3,3.6,8.6,63.2,71.7,4,1,2,0,0,68.4,1,Yes,7.66,75.8,Good,Not Placed
STU100861,21,Female,BSc Computer Science,3,53.5,3.2,91.4,63.1,1,,10.0,68.0,66.5,2,1,1,0,4,85.9,2,No,8.54,84.8,Excellent,Not Placed
STU100862,21,Female,BTech CSE,4,82.6,3.6,59.6,82.5,0,5.3,6.0,70.7,49.3,2,2,1,1,2,73.3,3,Yes,7.15,72.9,Good,Placed
STU100863,22,Male,BBA,3,88.0,2.3,80.0,84.5,0,6.2,8.3,85.0,77.5,2,2,3,0,0,83.9,3,Yes,7.46,74.2,Good,Not Placed
STU100864,18,Male,BTech CSE,4,70.5,3.2,89.5,70.9,0,4.9,9.0,64.6,66.6,4,1,3,1,1,100.0,2,Yes,7.53,76.7,Good,Not Placed
STU100865,21,Female,BTech CSE,4,80.3,5.0,83.4,72.7,1,3.3,7.9,90.5,56.6,4,1,3,1,1,86.2,0,Yes,8.0,81.2,Excellent,Placed
STU100866,20,Male,BCA,3,81.5,0.6,63.7,67.8,1,5.5,7.7,64.7,46.5,1,1,2,0,1,80.7,1,No,6.18,62.6,Average,Not Placed
STU100867,23,Male,BSc Computer Science,4,86.1,3.0,70.5,77.0,0,8.8,,79.3,74.5,5,0,4,0,1,87.3,4,Yes,8.26,81.0,Excellent,Not Placed
STU100868,24,Female,BSc Computer Science,2,78.1,4.5,72.2,67.3,0,5.4,6.3,60.1,63.8,6,0,2,0,2,88.6,2,Yes,6.73,67.5,Good,Not Placed
STU100869,18,Female,BTech CSE,4,83.4,1.9,85.6,71.1,0,10.0,6.6,70.7,51.3,0,1,3,2,2,91.3,3,Yes,7.12,73.4,Good,Placed
STU100870,18,Male,BTech CSE,3,66.4,4.1,84.6,58.0,0,5.0,8.9,75.9,84.3,3,0,3,0,1,89.4,2,Yes,6.79,71.8,Good,Placed
STU100871,18,Male,BTech CSE,3,67.9,4.2,98.8,75.1,1,6.6,4.8,68.0,67.3,1,2,2,0,3,67.5,1,Yes,8.08,82.9,Excellent,Placed
STU100872,22,Female,BTech CSE,2,82.3,3.3,82.1,93.0,0,7.1,9.9,55.7,36.8,6,1,2,0,2,95.1,2,No,8.64,87.5,Excellent,Placed
STU100873,21,Male,BCA,3,75.7,4.0,84.2,76.2,1,4.6,9.4,62.9,88.5,1,0,4,1,1,81.5,3,Yes,7.15,69.4,Good,Not Placed
STU100874,22,Male,BCA,2,62.2,5.9,67.3,84.5,4,3.5,5.2,81.4,41.1,5,0,2,0,0,71.5,3,Yes,7.05,71.1,Good,Not Placed
STU100875,21,Male,BCA,4,81.5,2.5,80.3,81.2,1,8.5,4.8,61.9,56.7,2,0,1,1,2,78.9,2,No,7.45,75.6,Good,Not Placed
STU100876,22,Female,BBA,4,65.3,1.4,100.0,70.5,0,8.5,8.5,97.2,65.6,4,1,3,2,2,87.8,1,Yes,7.48,75.5,Good,Placed
STU100877,22,Male,BTech CSE,2,100.0,2.9,85.8,71.8,0,9.0,6.3,70.1,46.3,3,1,3,0,4,90.9,2,Yes,7.55,76.4,Good,Not Placed
STU100878,23,Other,BTech CSE,2,56.2,2.0,75.8,65.4,0,5.0,6.4,70.1,62.5,2,0,3,0,0,64.6,4,Yes,6.52,69.0,Good,Not Placed
STU100879,20,Female,BTech CSE,4,78.5,4.1,86.6,83.7,1,7.2,8.4,72.3,90.2,2,1,3,1,0,100.0,1,No,8.29,83.5,Excellent,Not Placed
STU100880,22,Other,BTech CSE,3,66.8,2.8,93.5,77.6,0,6.6,4.9,70.0,87.1,1,1,2,1,2,66.8,4,Yes,7.75,76.3,Good,Not Placed
STU100881,23,Female,BBA,2,87.2,4.4,87.5,84.0,0,6.3,8.3,92.0,78.0,1,1,3,0,1,79.9,0,Yes,9.01,90.8,Excellent,Not Placed
STU100882,19,Male,BTech CSE,3,74.0,3.9,91.1,73.3,2,5.8,4.8,63.2,80.9,2,3,2,1,3,71.7,1,Yes,8.46,83.8,Excellent,Not Placed
STU100883,20,Male,BSc Computer Science,3,88.1,2.5,92.6,50.5,1,7.9,4.7,74.2,83.0,2,1,2,3,2,84.1,3,Yes,7.91,78.2,Good,Not Placed
STU100884,22,Male,BTech CSE,2,85.7,2.1,83.7,63.3,0,10.0,8.3,83.0,80.0,2,1,2,0,1,100.0,3,No,8.67,87.2,Excellent,Placed
STU100885,24,Male,BCA,4,67.3,1.4,85.6,84.0,0,7.0,7.9,91.5,68.1,4,1,2,1,1,82.7,4,Yes,7.89,77.5,Good,Placed
STU100886,18,Female,BSc Computer Science,3,70.7,5.1,75.4,69.6,1,6.8,3.3,73.4,59.5,3,1,2,0,1,72.9,1,Yes,8.92,86.9,Excellent,Placed
STU100887,19,Male,BSc Data Science,2,74.6,4.3,75.3,84.8,0,5.3,8.2,49.8,53.2,0,1,3,2,2,85.9,6,No,7.82,77.7,Good,Not Placed
STU100888,19,Male,BCA,4,77.3,2.9,81.1,88.9,1,7.7,9.9,48.1,55.7,0,0,2,1,1,83.6,0,Yes,6.88,69.0,Good,Not Placed
STU100889,23,Male,BTech CSE,3,76.0,4.4,67.4,83.2,1,2.1,7.0,74.0,33.0,5,3,2,0,1,62.6,1,Yes,8.02,80.5,Excellent,Not Placed
STU100890,19,Female,BSc Computer Science,3,85.3,1.8,86.1,82.7,0,5.9,8.9,75.1,76.6,7,0,0,0,1,93.2,2,Yes,7.49,75.4,Good,Placed
STU100891,20,Male,BBA,2,80.3,2.2,73.2,39.7,0,7.2,6.4,69.6,71.4,0,1,2,0,3,74.0,2,No,5.88,60.3,Average,Not Placed
STU100892,22,Male,BSc Data Science,2,71.9,2.0,84.0,69.2,0,6.9,8.5,64.4,67.0,0,1,2,0,1,71.1,4,Yes,7.92,78.2,Good,Placed
STU100893,22,Male,BSc Computer Science,3,,3.9,87.7,71.9,1,6.3,2.6,67.2,59.2,3,0,2,1,1,80.6,2,Yes,8.0,77.7,Good,Not Placed
STU100894,24,Female,BSc Data Science,2,69.8,2.6,67.5,82.7,1,3.2,5.8,66.9,71.4,1,0,2,2,1,53.4,3,Yes,7.33,74.7,Good,Not Placed
STU100895,18,Female,BCA,3,81.3,1.3,86.5,73.4,0,9.2,10.0,66.3,67.1,0,0,3,0,2,100.0,1,No,7.97,77.7,Good,Not Placed
STU100896,23,Male,BSc Data Science,2,76.1,3.6,59.3,54.1,1,6.9,9.2,73.6,62.6,0,2,2,0,0,81.9,2,Yes,6.22,62.7,Average,Not Placed
STU100897,18,Male,BSc Data Science,3,98.8,4.4,88.5,54.3,0,6.5,6.3,68.5,77.5,2,0,0,2,3,83.1,5,No,8.7,86.3,Excellent,Not Placed
STU100898,19,Male,BCA,4,78.0,3.3,88.6,66.2,1,8.8,6.8,58.3,64.0,1,0,1,0,3,76.0,2,Yes,8.55,85.4,Excellent,Not Placed
STU100899,24,Male,BSc Data Science,3,79.9,5.2,89.4,100.0,1,8.7,5.0,63.2,74.5,3,0,6,1,1,88.3,0,No,9.68,94.4,Excellent,Not Placed
STU100900,18,Female,BCA,3,60.0,4.7,85.8,75.4,0,6.1,6.8,48.8,79.9,1,0,1,0,1,76.1,3,Yes,7.8,76.4,Good,Not Placed
STU100901,20,Female,BTech CSE,4,64.6,5.2,76.3,78.1,2,6.0,4.0,38.5,47.7,0,1,1,0,0,71.3,1,No,7.71,76.2,Good,Not Placed
STU100902,22,Male,BCA,3,66.8,4.7,76.7,54.3,1,7.4,7.7,68.7,73.7,0,0,2,2,1,79.5,3,Yes,6.48,63.5,Average,Not Placed
STU100903,19,Female,BSc Computer Science,3,72.7,3.9,75.2,85.2,2,8.7,,71.7,23.8,2,0,2,0,0,79.3,2,Yes,7.83,77.4,Good,Placed
STU100904,24,Male,BTech CSE,3,63.2,1.6,93.3,68.2,1,8.3,7.9,52.0,77.6,2,0,1,3,1,76.3,2,Yes,7.48,72.4,Good,Not Placed
STU100905,18,Female,BSc Computer Science,4,66.5,3.0,100.0,90.1,0,4.8,5.9,74.8,80.2,1,0,1,0,2,62.6,6,Yes,8.01,80.5,Excellent,Not Placed
STU100906,23,Female,BBA,2,84.6,2.7,82.9,57.1,0,4.5,5.8,72.0,78.1,1,0,2,1,5,58.4,5,Yes,6.66,69.3,Good,Not Placed
STU100907,20,Male,BTech CSE,3,69.4,2.2,71.1,70.9,2,4.9,8.3,58.6,81.2,2,1,2,0,1,86.7,2,Yes,6.71,67.2,Good,Not Placed
STU100908,20,Female,BTech CSE,3,77.6,2.6,78.9,65.9,0,7.5,6.1,66.7,84.1,2,1,4,0,1,92.6,4,Yes,6.3,62.0,Average,Placed
STU100909,18,Male,BCA,3,83.9,1.3,92.8,79.6,0,5.8,6.2,49.5,63.6,1,1,3,1,1,74.8,2,Yes,7.22,71.6,Good,Not Placed
STU100910,22,Male,BTech CSE,4,87.5,4.8,88.1,83.8,0,7.4,9.2,76.1,75.3,1,1,4,0,5,86.7,1,Yes,8.56,84.3,Excellent,Not Placed
STU100911,18,Male,BTech CSE,3,80.9,1.9,82.4,64.4,0,4.2,9.2,40.1,79.8,0,0,3,1,2,73.1,1,Yes,6.6,65.9,Good,Not Placed
STU100912,19,Male,BSc Data Science,2,81.5,4.7,79.1,81.7,0,5.0,8.2,65.4,54.4,2,1,3,0,3,66.0,1,Yes,8.14,82.9,Excellent,Not Placed
STU100913,18,Female,BCA,4,87.8,5.5,63.4,89.0,0,7.4,,85.6,43.0,5,1,2,1,3,87.9,2,No,8.95,89.7,Excellent,Placed
STU100914,20,Female,BSc Data Science,2,82.1,2.4,79.6,83.8,0,3.7,10.0,67.5,73.3,4,1,2,0,1,81.1,2,No,7.41,75.1,Good,Not Placed
STU100915,24,Female,BTech CSE,2,88.4,2.7,77.7,65.1,1,9.7,9.0,61.1,77.2,2,0,3,0,1,100.0,4,Yes,8.55,82.5,Excellent,Placed
STU100916,18,Female,BSc Data Science,3,56.6,4.2,,66.9,1,8.5,5.8,48.9,83.1,3,2,1,0,0,79.0,3,Yes,7.45,74.1,Good,Not Placed
STU100917,22,Female,BTech CSE,4,77.2,2.8,85.1,69.4,0,9.0,8.0,98.0,65.3,2,1,1,0,1,94.7,3,Yes,8.17,77.9,Good,Placed
STU100918,24,Male,BCA,4,78.6,2.3,100.0,83.4,1,7.9,5.3,49.4,67.0,1,0,1,0,1,64.7,2,No,9.62,93.1,Excellent,Not Placed
STU100919,23,Male,BTech CSE,4,76.8,4.2,82.2,77.1,1,3.1,7.5,85.4,66.5,1,0,1,1,1,86.5,1,Yes,7.04,68.9,Good,Not Placed
STU100920,21,Male,BCA,2,79.2,2.4,88.6,56.9,0,8.5,6.5,62.3,56.4,2,0,3,0,3,79.8,0,No,7.89,76.7,Good,Not Placed
STU100921,18,Female,BCA,3,73.9,6.7,81.3,71.8,3,7.8,5.9,70.5,77.8,1,0,0,0,1,75.7,1,Yes,8.62,86.6,Excellent,Not Placed
STU100922,22,Female,BSc Computer Science,3,85.9,4.3,81.3,91.6,0,5.9,7.6,66.0,75.1,1,1,0,1,0,61.3,2,Yes,7.59,77.3,Good,Not Placed
STU100923,24,Male,BCA,4,72.6,4.5,94.5,83.8,1,5.7,5.4,50.9,63.5,3,3,2,0,4,83.7,4,Yes,8.56,84.4,Excellent,Placed
STU100924,22,Female,BCA,3,75.8,3.4,86.1,64.8,0,7.9,6.4,56.8,66.0,1,1,1,1,5,77.4,3,No,6.99,69.3,Good,Not Placed
STU100925,23,Female,BCA,2,92.4,6.3,90.6,53.6,1,3.6,7.6,85.8,62.5,3,0,3,0,1,79.1,0,Yes,8.31,81.6,Excellent,Placed
STU100926,20,Female,BSc Computer Science,4,,2.4,95.6,66.0,3,8.2,7.0,37.9,96.0,1,2,0,0,1,89.9,2,Yes,7.86,74.7,Good,Not Placed
STU100927,22,Male,BBA,3,79.6,4.6,86.0,72.0,0,5.3,6.5,65.6,74.5,0,0,3,0,0,72.5,3,Yes,7.92,78.8,Good,Not Placed
STU100928,24,Male,BTech CSE,3,71.6,1.5,84.7,67.1,1,6.8,6.3,92.2,42.7,1,1,3,2,1,76.7,1,Yes,6.55,66.9,Good,Placed
STU100929,22,Male,BSc Computer Science,4,61.7,6.9,90.1,60.2,0,6.9,6.4,74.4,65.1,2,0,3,0,0,72.2,0,No,8.14,81.9,Excellent,Not Placed
STU100930,22,Male,BCA,3,76.7,4.7,74.9,79.0,1,4.1,9.4,74.4,59.2,2,0,0,1,1,72.5,2,No,7.55,74.9,Good,Not Placed
STU100931,22,Male,BSc Computer Science,2,83.1,2.1,75.1,43.3,1,3.6,8.5,74.8,66.2,2,0,4,1,1,64.8,2,Yes,6.03,58.2,Average,Not Placed
STU100932,19,Female,BTech CSE,3,70.8,4.3,73.7,85.5,2,6.9,4.1,67.2,56.6,5,1,0,0,3,72.1,3,Yes,7.49,74.5,Good,Placed
STU100933,19,Male,BSc Data Science,3,78.1,5.1,76.6,81.1,0,6.4,5.2,62.1,80.3,1,2,2,1,1,83.2,0,Yes,8.36,84.4,Excellent,Not Placed
STU100934,20,Female,BCA,2,74.5,2.2,68.9,77.1,0,7.0,4.9,84.3,63.3,1,0,0,0,1,80.8,1,Yes,7.14,69.6,Good,Not Placed
STU100935,18,Female,BCA,3,60.8,2.8,63.8,79.1,0,4.7,6.1,51.7,66.4,1,1,5,3,0,82.1,0,Yes,7.28,73.3,Good,Not Placed
STU100936,22,Female,BTech CSE,2,79.2,2.0,73.0,68.6,3,8.1,8.8,75.2,69.4,2,0,1,1,0,74.9,3,Yes,7.91,74.3,Good,Not Placed
STU100937,23,Male,BSc Data Science,4,82.4,4.2,56.1,71.7,3,8.7,5.5,55.1,66.6,2,1,3,1,0,87.2,1,Yes,7.39,73.8,Good,Not Placed
STU100938,18,Female,BTech CSE,2,79.6,3.8,85.1,89.6,1,6.0,7.5,58.9,43.4,2,1,0,0,3,78.5,1,Yes,8.9,90.8,Excellent,Not Placed
STU100939,23,Female,BSc Data Science,3,94.1,3.5,83.1,70.2,1,4.4,8.6,84.1,50.7,4,0,0,0,0,78.0,3,No,8.19,79.9,Good,Not Placed
STU100940,18,Male,BCA,3,74.8,2.3,90.2,76.6,0,5.5,3.3,63.6,51.6,3,1,8,0,3,80.5,0,Yes,8.06,80.4,Excellent,Not Placed
STU100941,20,Male,BSc Data Science,4,74.0,3.2,71.7,78.3,1,7.0,5.9,59.2,69.3,1,0,3,0,0,71.7,0,Yes,6.76,69.7,Good,Not Placed
STU100942,22,Female,BSc Data Science,3,99.7,2.4,87.5,73.3,0,7.3,4.2,91.5,55.6,0,2,2,1,1,64.9,1,No,8.91,88.6,Excellent,Not Placed
STU100943,22,Male,BCA,4,65.5,4.2,73.1,69.4,3,10.0,5.8,54.0,53.3,0,0,3,0,3,80.5,0,No,7.55,75.4,Good,Not Placed
STU100944,21,Male,BCA,4,71.8,1.9,90.5,51.0,2,8.0,7.6,95.4,61.2,2,0,0,1,3,75.8,3,Yes,7.67,75.7,Good,Not Placed
STU100945,23,Male,BCA,4,81.6,2.3,62.0,81.8,0,6.0,4.0,71.4,73.7,2,1,2,2,0,74.4,2,No,6.66,64.3,Average,Not Placed
STU100946,18,Male,BCA,4,89.3,4.7,79.4,84.9,0,7.5,6.8,84.3,61.3,2,0,4,0,0,88.5,2,Yes,8.29,82.5,Excellent,Placed
STU100947,18,Female,BSc Data Science,2,87.3,2.8,77.6,72.9,0,7.1,4.0,57.4,66.1,2,0,2,0,1,90.0,3,Yes,7.73,75.9,Good,Placed
STU100948,19,Male,BBA,4,,6.1,90.8,86.9,1,6.6,4.8,81.4,61.9,4,1,2,0,0,78.5,1,No,8.86,88.5,Excellent,Not Placed
STU100949,21,Female,BSc Computer Science,4,94.3,3.8,90.6,76.6,1,9.5,8.7,80.5,100.0,1,2,1,0,1,96.6,2,No,9.68,96.0,Excellent,Not Placed
STU100950,24,Female,BSc Computer Science,4,82.6,0.8,95.4,48.5,1,5.4,7.9,60.0,65.4,6,0,4,0,0,93.4,2,No,7.92,78.1,Good,Not Placed
STU100951,24,Female,BSc Data Science,2,69.8,1.5,59.8,59.3,1,7.6,4.8,62.6,58.4,1,0,3,1,2,77.4,0,Yes,5.77,57.2,Average,Not Placed
STU100952,19,Female,BSc Data Science,3,70.6,2.6,98.5,66.1,0,7.5,6.8,46.7,26.2,3,2,2,1,3,84.4,2,Yes,7.15,71.3,Good,Not Placed
STU100953,19,Female,BCA,2,78.7,4.6,71.8,64.7,1,9.8,6.4,52.9,63.3,4,1,0,2,1,100.0,2,No,9.24,92.4,Excellent,Not Placed
STU100954,19,Male,BSc Computer Science,3,99.5,4.5,100.0,72.9,0,2.8,7.2,79.2,90.8,2,1,1,2,1,57.5,1,Yes,7.76,79.2,Good,Not Placed
STU100955,23,Female,BSc Computer Science,4,80.1,2.8,100.0,61.0,1,8.7,8.2,65.7,42.1,3,2,0,0,0,90.3,1,Yes,7.58,77.6,Good,Placed
STU100956,23,Female,BCA,4,99.4,5.3,95.1,92.4,2,4.5,10.0,49.1,52.4,1,1,3,1,3,75.7,2,No,9.12,92.7,Excellent,Placed
STU100957,20,Female,BTech CSE,3,86.8,4.0,72.6,46.2,0,3.7,6.3,74.4,100.0,2,1,2,0,2,68.2,3,Yes,6.26,63.5,Average,Not Placed
STU100958,20,Female,BSc Computer Science,4,65.4,3.0,68.3,71.0,1,4.8,10.0,87.0,42.1,2,2,1,0,0,79.3,4,Yes,5.9,59.1,Average,Not Placed
STU100959,19,Male,BSc Data Science,2,92.1,5.3,74.2,63.0,0,3.8,5.4,82.8,77.7,1,0,3,1,1,75.6,1,Yes,7.78,79.6,Good,Not Placed
STU100960,21,Male,BCA,2,68.6,2.3,88.3,56.4,0,8.6,6.6,83.7,61.0,5,1,1,0,0,76.5,6,No,7.78,77.3,Good,Not Placed
STU100961,18,Female,BSc Computer Science,3,71.8,4.3,70.3,79.1,0,9.4,6.0,41.2,46.3,2,2,4,2,0,90.2,1,Yes,8.85,86.7,Excellent,Not Placed
STU100962,23,Male,BTech CSE,3,80.8,4.5,61.6,59.9,1,5.2,6.1,74.5,74.2,1,0,2,1,0,63.7,1,Yes,7.35,73.3,Good,Not Placed
STU100963,21,Female,BSc Data Science,4,77.7,4.4,93.9,72.5,1,6.1,7.2,41.8,28.7,2,0,3,0,2,92.7,0,Yes,8.27,84.7,Excellent,Not Placed
STU100964,22,Male,BCA,3,86.9,3.3,75.4,60.6,2,8.5,8.0,50.8,79.0,3,0,3,1,4,82.2,0,Yes,7.91,81.0,Excellent,Placed
STU100965,23,Male,BSc Computer Science,3,83.0,4.8,92.1,49.1,0,9.5,7.4,81.3,52.9,2,2,3,1,2,77.8,0,Yes,7.36,78.2,Good,Not Placed
STU100966,23,Male,BCA,3,76.8,6.3,90.5,69.3,0,6.8,8.0,73.3,45.5,2,0,3,2,0,88.9,1,Yes,8.02,79.5,Good,Not Placed
STU100967,20,Male,BTech CSE,3,95.0,3.3,84.2,75.7,0,5.7,7.9,86.9,86.2,3,0,1,1,1,80.4,5,No,8.53,82.0,Excellent,Placed
STU100968,18,Female,BSc Computer Science,4,73.3,3.6,91.2,64.8,2,3.9,7.3,65.7,61.7,3,1,2,1,1,73.3,1,Yes,7.77,78.3,Good,Not Placed
STU100969,18,Male,BCA,3,68.0,4.9,98.3,87.8,1,4.3,6.6,85.4,78.9,4,1,3,1,3,81.1,1,Yes,8.71,86.0,Excellent,Not Placed
STU100970,24,Other,BCA,3,82.6,3.1,90.4,75.5,2,9.4,5.8,72.1,91.7,1,2,0,2,3,80.4,4,No,8.28,85.6,Excellent,Not Placed
STU100971,24,Female,BSc Computer Science,4,77.8,3.1,90.7,80.7,2,4.4,6.1,55.3,49.4,1,0,1,0,2,67.7,2,No,6.62,65.3,Good,Not Placed
STU100972,24,Male,BSc Data Science,3,80.5,1.8,86.3,64.1,0,7.2,9.0,81.6,25.5,3,0,0,1,1,87.7,2,Yes,8.45,83.4,Excellent,Not Placed
STU100973,24,Female,BCA,4,85.4,0.9,77.2,64.4,0,,6.0,67.9,73.9,2,1,0,1,2,71.8,1,Yes,7.69,76.0,Good,Placed
STU100974,22,Female,BTech CSE,2,76.1,1.8,85.4,67.9,0,5.9,7.7,71.7,60.9,3,1,3,1,2,88.8,0,Yes,7.4,75.4,Good,Not Placed
STU100975,22,Female,BSc Data Science,2,96.6,4.8,84.3,67.8,0,3.7,9.2,83.5,72.9,2,0,3,2,1,80.5,0,No,8.02,80.0,Excellent,Not Placed
STU100976,23,Male,BSc Data Science,4,80.6,2.0,87.4,66.5,0,6.1,7.6,100.0,92.5,3,1,1,1,3,82.3,3,No,6.44,67.0,Good,Not Placed
STU100977,19,Female,BCA,4,73.5,4.2,85.7,58.7,0,9.4,7.2,63.2,34.5,1,0,3,0,0,85.2,3,Yes,7.28,72.8,Good,Not Placed
STU100978,20,Female,BSc Computer Science,3,83.9,5.7,77.0,81.5,0,6.5,9.6,76.4,55.6,3,1,4,0,3,96.8,2,Yes,8.82,89.2,Excellent,Not Placed
STU100979,20,Male,BSc Data Science,3,77.1,3.7,94.5,54.4,1,7.5,7.1,66.4,69.3,4,1,3,0,0,89.5,3,No,7.53,74.4,Good,Placed
STU100980,24,Male,BBA,4,79.1,2.2,,79.5,0,3.9,6.2,58.5,66.3,3,2,3,1,1,67.2,2,No,7.03,70.8,Good,Not Placed
STU100981,23,Female,BTech CSE,2,66.9,3.3,86.3,82.0,0,6.3,9.5,66.4,57.9,2,0,1,1,3,77.6,4,Yes,8.36,82.4,Excellent,Not Placed
STU100982,21,Male,BCA,2,68.1,4.1,87.7,68.6,0,6.2,6.2,79.4,84.9,2,1,0,0,1,71.0,4,Yes,8.07,80.5,Excellent,Not Placed
STU100983,19,Female,BSc Data Science,3,88.6,4.1,70.5,100.0,1,6.3,6.9,78.9,20.0,1,0,7,0,4,91.9,3,Yes,9.0,91.1,Excellent,Not Placed
STU100984,23,Male,BSc Data Science,2,65.7,3.7,99.2,72.1,1,7.3,6.0,47.5,39.5,1,0,2,0,2,77.8,0,Yes,8.03,79.2,Good,Not Placed
STU100985,19,Female,BSc Computer Science,2,76.8,4.4,81.5,68.5,2,6.9,3.4,64.3,75.8,2,3,2,0,0,62.8,2,Yes,6.45,61.3,Average,Not Placed
STU100986,19,Female,BTech CSE,4,81.3,5.0,71.1,69.0,1,4.7,4.3,91.7,57.5,4,1,2,0,2,59.3,2,No,7.29,73.3,Good,Not Placed
STU100987,19,Male,BSc Computer Science,2,92.1,2.8,82.0,85.0,0,5.2,,46.9,78.2,3,1,2,1,3,67.0,3,Yes,7.93,80.7,Excellent,Not Placed
STU100988,23,Male,BCA,4,73.2,5.6,71.3,68.8,1,6.5,6.9,49.3,91.2,1,1,0,0,3,67.8,0,Yes,7.24,69.0,Good,Not Placed
STU100989,24,Female,BSc Computer Science,3,85.6,4.0,75.6,79.6,1,10.0,7.1,84.2,40.6,0,2,4,0,1,100.0,2,Yes,7.68,76.5,Good,Not Placed
STU100990,20,Female,BCA,3,76.8,0.5,75.4,55.8,3,5.1,7.4,64.3,58.8,6,0,3,1,2,84.7,1,Yes,6.5,61.1,Average,Not Placed
STU100991,20,Female,BTech CSE,3,56.2,3.2,80.5,73.8,0,5.7,5.7,40.3,44.7,2,1,2,0,1,78.9,2,Yes,7.4,74.9,Good,Not Placed
STU100992,24,Male,BTech CSE,3,78.5,3.2,97.0,83.8,2,5.9,5.6,65.4,75.8,1,1,0,0,3,70.3,2,No,8.1,81.7,Excellent,Not Placed
STU100993,19,Male,BSc Data Science,2,77.3,5.1,83.2,71.5,0,,10.0,59.9,49.9,1,0,4,2,5,100.0,3,Yes,8.32,84.1,Excellent,Placed
STU100994,21,Male,BSc Data Science,2,82.3,2.6,83.8,62.9,0,8.2,5.7,56.2,88.9,1,1,5,1,3,88.3,2,No,7.87,78.2,Good,Not Placed
STU100995,18,Female,BTech CSE,4,71.6,3.7,,68.6,0,7.2,7.5,100.0,54.6,0,1,0,0,1,80.3,2,Yes,7.56,76.7,Good,Placed
STU100996,23,Male,BTech CSE,2,72.6,1.4,85.1,54.9,0,4.6,8.6,43.0,53.3,2,0,1,0,2,73.2,3,Yes,6.19,62.7,Average,Not Placed
STU100997,18,Male,BSc Data Science,2,90.0,2.3,81.6,82.9,0,7.6,7.5,58.8,79.6,1,0,1,0,0,90.0,5,Yes,8.42,84.0,Excellent,Placed
STU100998,24,Female,BSc Data Science,4,74.6,4.7,81.1,86.6,0,9.2,6.4,70.6,64.8,3,0,2,0,0,87.3,2,Yes,9.06,91.2,Excellent,Not Placed
STU100999,21,Female,BSc Computer Science,4,58.9,1.7,89.8,70.5,2,6.6,5.0,45.9,78.7,1,2,1,1,1,66.7,1,Yes,7.05,71.7,Good,Not Placed
STU101000,23,Male,BCA,3,82.9,4.9,71.6,90.2,0,6.0,4.9,84.9,44.7,2,1,2,0,3,76.2,2,Yes,8.33,84.5,Excellent,Not Placed
STU101001,24,Male,BCA,2,86.6,5.2,95.9,80.9,1,9.7,6.1,56.4,64.3,0,2,2,1,2,86.3,2,Yes,9.64,97.4,Excellent,Placed
STU101002,19,Female,BCA,4,86.5,5.4,52.3,72.2,0,4.1,6.6,51.4,85.9,2,0,1,1,1,70.2,5,Yes,5.96,60.2,Average,Not Placed
STU101003,20,Female,BCA,4,71.8,5.8,,88.1,1,6.7,6.7,76.8,64.6,2,3,4,2,0,80.5,0,Yes,8.26,85.4,Excellent,Placed
STU101004,18,Male,BSc Computer Science,2,78.0,4.7,96.9,80.6,0,7.1,5.6,76.2,40.5,2,2,0,0,2,71.5,3,Yes,8.54,86.9,Excellent,Not Placed
STU101005,22,Female,BBA,2,83.3,4.1,95.3,86.3,1,7.0,6.0,67.8,92.9,0,0,2,0,0,69.1,0,Yes,8.93,89.4,Excellent,Not Placed
STU101006,22,Female,BSc Computer Science,4,87.6,4.4,83.7,88.7,0,7.7,9.0,54.5,45.6,5,0,3,1,2,100.0,4,Yes,7.72,76.8,Good,Not Placed
STU101007,21,Male,BCA,4,83.0,3.6,73.1,69.1,0,4.4,5.2,61.1,52.3,2,1,1,0,2,74.7,2,No,6.94,68.4,Good,Not Placed
STU101008,19,Male,BSc Computer Science,4,85.8,2.9,80.5,80.3,0,6.0,5.7,68.4,43.3,1,0,4,0,3,80.3,2,Yes,7.86,76.9,Good,Placed
STU101009,18,Male,BSc Computer Science,2,70.7,4.7,100.0,48.8,2,5.8,4.7,56.0,81.3,1,0,0,0,2,66.4,2,Yes,7.43,76.7,Good,Not Placed
STU101010,19,Female,BCA,3,55.1,4.2,89.8,58.1,1,4.5,10.0,87.6,100.0,1,1,4,0,1,76.6,0,Yes,6.38,63.8,Average,Placed
STU101011,18,Male,BBA,3,88.5,4.8,63.3,78.1,0,3.9,3.7,93.5,61.9,1,1,3,2,2,66.1,1,Yes,7.54,74.5,Good,Not Placed
STU101012,21,Female,BSc Data Science,2,68.5,3.2,82.9,76.4,0,8.8,6.2,49.0,96.9,2,0,0,1,2,73.8,4,No,8.4,85.9,Excellent,Placed
STU101013,21,Female,BBA,2,76.3,3.3,75.4,60.6,1,6.8,9.7,91.1,100.0,3,0,7,0,3,100.0,0,No,7.78,79.4,Good,Placed
STU101014,22,Male,BSc Data Science,3,86.1,3.8,68.0,67.5,1,4.8,9.0,65.1,66.8,2,2,1,0,3,84.4,2,No,7.83,77.5,Good,Placed
STU101015,19,Female,BSc Computer Science,3,78.3,3.3,87.3,76.3,0,4.8,7.3,48.5,61.8,1,0,2,0,1,78.7,5,Yes,7.28,73.6,Good,Not Placed
STU101016,23,Female,BCA,3,85.0,7.8,71.3,71.9,1,6.4,7.6,74.8,59.2,1,1,2,0,2,73.0,3,Yes,8.85,85.4,Excellent,Not Placed
STU101017,22,Male,BSc Data Science,4,100.0,6.4,99.0,69.3,1,8.1,5.1,63.5,67.5,1,0,5,2,1,71.4,1,Yes,9.15,90.6,Excellent,Placed
STU101018,19,Male,BCA,4,83.5,3.5,96.8,55.1,0,4.9,4.4,73.8,96.0,0,0,1,1,0,58.8,3,Yes,8.08,77.5,Good,Not Placed
STU101019,22,Male,BTech CSE,4,70.7,3.3,74.0,76.2,2,7.5,5.8,80.9,67.8,1,1,1,1,0,72.2,1,Yes,7.53,75.4,Good,Not Placed
STU101020,23,Female,BTech CSE,4,63.5,4.2,73.3,69.7,0,9.1,6.0,77.4,60.9,1,1,1,0,0,75.4,3,No,7.57,76.3,Good,Not Placed
STU101021,20,Female,BTech CSE,3,84.8,2.9,89.4,98.1,0,7.5,7.6,57.8,64.6,3,2,1,0,1,89.5,1,Yes,7.28,73.9,Good,Not Placed
STU101022,20,Male,BTech CSE,3,78.8,2.8,93.2,88.9,0,5.1,6.7,92.5,72.8,3,1,4,0,1,80.7,0,Yes,8.17,82.2,Excellent,Placed
STU101023,20,Female,BTech CSE,3,64.2,3.6,79.2,73.6,1,6.3,9.5,63.0,57.6,4,1,3,1,0,94.0,0,Yes,7.17,72.6,Good,Placed
STU101024,20,Female,BCA,2,89.8,2.9,92.8,48.7,0,6.0,7.2,79.0,60.4,2,0,3,0,0,84.5,3,Yes,7.15,70.9,Good,Placed
STU101025,24,Female,BSc Data Science,4,85.2,3.8,100.0,100.0,2,5.6,4.2,78.4,54.7,1,4,0,0,1,71.6,5,No,8.63,88.4,Excellent,Not Placed
STU101026,18,Male,BTech CSE,2,77.9,4.1,85.6,81.8,0,6.5,4.5,73.1,48.9,1,1,1,0,0,71.9,1,Yes,8.62,87.2,Excellent,Not Placed
STU101027,24,Male,BSc Computer Science,3,99.9,0.5,70.7,65.4,0,5.6,6.2,74.0,74.2,2,0,4,2,2,82.5,1,Yes,6.36,66.3,Good,Not Placed
STU101028,24,Male,BTech CSE,3,88.2,0.6,90.6,82.6,1,,5.7,54.4,49.4,2,3,5,0,2,75.2,2,Yes,7.58,73.4,Good,Not Placed
STU101029,24,Female,BCA,3,68.1,2.2,83.6,81.5,0,7.3,6.8,63.1,64.0,1,2,4,0,2,80.7,2,Yes,7.88,77.6,Good,Not Placed
STU101030,20,Male,BCA,3,89.7,3.9,78.5,64.1,0,8.2,8.1,53.8,59.6,2,0,1,0,3,91.7,5,Yes,6.74,71.6,Good,Not Placed
STU101031,23,Female,BBA,3,80.5,2.3,90.3,60.8,0,8.4,7.8,81.1,79.5,1,0,1,0,0,89.0,2,Yes,7.47,76.8,Good,Placed
STU101032,21,Male,BSc Computer Science,2,96.9,7.0,95.3,80.9,0,4.7,5.0,61.1,60.2,2,1,2,0,2,72.7,2,Yes,8.87,90.9,Excellent,Placed
STU101033,21,Male,BCA,2,87.4,4.8,84.0,84.9,0,8.3,8.7,62.3,74.3,4,2,2,0,1,100.0,2,Yes,9.49,92.5,Excellent,Not Placed
STU101034,18,Male,BTech CSE,4,82.8,6.4,56.9,75.9,1,9.4,6.3,60.4,39.4,2,1,1,2,1,75.8,1,Yes,8.44,86.0,Excellent,Not Placed
STU101035,20,Female,BBA,3,82.3,4.9,83.3,75.1,1,4.6,6.9,61.0,84.1,3,0,3,0,2,85.5,1,No,7.51,76.6,Good,Placed
STU101036,20,Male,BCA,3,66.1,1.1,84.5,88.2,0,4.9,5.4,66.0,73.9,1,0,3,1,0,71.3,2,No,7.58,76.2,Good,Not Placed
STU101037,20,Male,BTech CSE,3,72.9,1.8,100.0,70.2,1,4.2,7.5,62.9,85.7,2,0,3,2,1,72.3,1,Yes,7.85,77.8,Good,Placed
STU101038,22,Female,BBA,2,80.1,2.7,83.4,37.3,0,4.5,7.4,70.6,69.5,4,3,1,1,1,70.8,2,Yes,7.06,70.4,Good,Not Placed
STU101039,19,Male,BBA,3,64.3,1.7,80.1,78.4,0,,9.2,65.3,68.8,2,0,1,1,1,84.8,2,Yes,8.08,79.5,Good,Not Placed
STU101040,22,Male,BBA,3,82.7,5.1,89.6,85.8,0,4.9,5.8,49.2,57.4,1,1,2,1,1,64.0,0,No,8.52,88.9,Excellent,Not Placed
STU101041,19,Female,BSc Computer Science,4,70.6,3.3,78.7,77.7,0,7.8,7.0,79.0,68.9,6,0,2,2,2,93.2,1,Yes,8.02,81.1,Excellent,Placed
STU101042,20,Male,BSc Data Science,4,74.1,3.8,74.5,56.7,1,3.7,7.4,71.9,47.0,1,0,1,1,1,82.6,3,Yes,6.07,62.1,Average,Not Placed
STU101043,20,Male,BCA,2,85.1,5.6,64.5,64.3,1,4.0,7.3,78.2,52.1,2,2,1,0,0,71.1,1,Yes,7.27,70.4,Good,Not Placed
STU101044,22,Male,BCA,3,72.4,6.4,75.4,70.3,2,5.1,8.9,68.6,54.1,0,1,2,1,2,72.7,3,Yes,7.39,72.9,Good,Not Placed
STU101045,22,Male,BSc Data Science,2,82.7,3.1,61.0,56.1,1,7.5,5.5,74.6,59.5,4,0,1,0,0,85.1,1,Yes,6.73,68.5,Good,Not Placed
STU101046,19,Male,BSc Data Science,2,79.4,1.5,85.1,65.1,1,6.1,7.6,51.4,23.3,1,1,4,1,4,92.5,1,Yes,6.67,67.6,Good,Not Placed
STU101047,21,Male,BCA,3,67.4,1.7,84.4,88.7,0,6.4,7.7,61.6,46.6,1,1,2,0,0,73.0,3,Yes,7.69,78.3,Good,Not Placed
STU101048,19,Male,BSc Data Science,3,86.8,5.2,89.7,60.1,0,5.1,6.2,76.2,40.3,4,0,0,0,0,70.6,0,Yes,7.62,78.5,Good,Not Placed
STU101049,22,Male,BCA,3,87.3,3.9,70.7,68.4,1,5.5,7.2,61.6,89.8,0,0,2,1,0,68.8,0,No,7.66,75.0,Good,Placed
STU101050,23,Female,BTech CSE,4,87.9,2.2,66.2,80.6,1,4.4,7.1,86.6,47.4,2,0,1,1,3,74.5,3,Yes,7.06,70.2,Good,Not Placed
STU101051,22,Male,BSc Data Science,4,97.1,4.6,100.0,52.7,1,7.7,7.5,88.4,49.6,5,0,0,1,4,83.8,0,Yes,8.32,81.0,Excellent,Placed
STU101052,23,Male,BSc Computer Science,4,73.9,1.9,81.1,88.3,2,7.1,6.3,71.8,63.0,4,2,4,1,2,94.7,1,No,7.1,70.6,Good,Not Placed
STU101053,18,Female,BSc Computer Science,2,58.5,0.8,89.7,64.6,0,6.0,5.5,68.9,67.9,1,0,4,0,3,82.1,1,No,5.5,56.4,Average,Not Placed
STU101054,22,Female,BCA,3,71.4,0.5,83.5,59.4,0,5.9,7.1,96.6,71.3,3,1,5,0,1,89.6,0,No,6.98,69.4,Good,Placed
STU101055,18,Male,BBA,3,87.6,1.3,90.2,88.7,2,7.0,7.9,32.3,54.7,0,0,2,1,2,85.2,3,Yes,8.38,86.2,Excellent,Not Placed
STU101056,21,Female,BSc Computer Science,3,77.2,5.2,84.5,82.5,0,8.2,5.3,72.9,62.1,2,1,6,0,0,99.3,2,Yes,9.21,92.2,Excellent,Placed
STU101057,19,Male,BSc Data Science,2,64.0,3.2,73.2,59.7,0,5.3,8.2,82.3,88.7,1,0,5,0,2,87.5,2,No,6.36,63.5,Average,Not Placed
STU101058,23,Male,BCA,2,61.2,3.4,88.0,67.4,0,7.7,7.1,43.9,63.6,3,4,3,2,3,100.0,1,No,7.63,78.2,Good,Placed
STU101059,19,Female,BSc Data Science,3,92.2,3.8,85.3,75.4,2,5.3,6.6,56.1,66.6,3,1,2,1,1,76.7,2,Yes,6.9,69.7,Good,Not Placed
STU101060,18,Male,BCA,4,84.1,2.0,63.5,68.1,0,6.1,6.7,81.4,79.5,1,0,3,0,1,79.2,0,Yes,7.9,80.0,Excellent,Not Placed
STU101061,23,Male,BSc Data Science,4,73.0,2.8,85.2,87.4,0,6.1,5.0,65.9,77.5,3,1,2,1,2,78.4,0,Yes,7.43,74.2,Good,Not Placed
STU101062,19,Male,BSc Computer Science,3,96.8,2.9,77.7,82.4,0,8.5,,75.0,36.0,4,4,3,2,2,87.8,3,Yes,8.44,82.4,Excellent,Placed
STU101063,22,Female,BTech CSE,3,100.0,2.1,74.7,36.0,2,5.6,6.5,40.4,71.0,3,0,1,0,1,90.4,6,No,4.7,48.2,Needs Improvement,Not Placed
STU101064,20,Male,BTech CSE,3,88.3,2.8,92.7,62.1,0,2.8,7.2,47.5,65.3,1,2,4,0,6,82.7,2,Yes,6.41,65.5,Good,Not Placed
STU101065,18,Female,BCA,3,85.6,3.3,81.2,65.5,2,4.8,6.6,61.0,92.0,1,1,1,0,0,74.9,2,No,6.93,70.7,Good,Not Placed
STU101066,19,Male,BCA,2,83.3,3.1,81.5,66.4,0,10.0,6.0,85.5,47.6,4,1,2,1,2,93.0,5,Yes,8.42,85.4,Excellent,Placed
STU101067,18,Female,BSc Data Science,4,86.6,4.1,83.0,77.4,0,3.5,5.0,77.8,50.3,2,1,1,2,1,55.2,5,No,7.73,75.7,Good,Not Placed
STU101068,24,Female,BCA,3,97.6,2.8,81.6,85.6,0,3.1,4.0,54.6,58.3,1,0,5,0,4,61.6,3,Yes,7.84,78.9,Good,Not Placed
STU101069,18,Female,BCA,2,68.3,5.8,80.9,64.3,0,8.0,6.2,56.2,77.5,1,0,3,1,0,75.5,1,No,8.39,83.9,Excellent,Not Placed
STU101070,23,Female,BTech CSE,2,74.6,2.0,98.0,58.5,1,7.7,2.8,76.6,83.5,2,2,1,0,2,67.9,5,Yes,7.07,70.9,Good,Not Placed
STU101071,24,Female,BCA,2,77.5,2.7,74.5,68.1,1,5.8,4.5,69.5,59.9,4,1,3,0,0,73.1,1,Yes,8.03,78.6,Good,Placed
STU101072,23,Male,BTech CSE,3,83.7,4.1,62.9,46.0,0,7.5,8.2,73.6,75.0,3,0,1,2,4,95.3,3,No,7.09,73.9,Good,Not Placed
STU101073,20,Male,BCA,4,93.7,4.4,82.5,80.4,1,5.7,5.4,61.9,55.1,2,3,2,1,1,72.6,1,Yes,8.46,86.9,Excellent,Not Placed
STU101074,24,Male,BBA,3,82.1,1.7,71.7,70.5,1,4.7,7.8,60.4,64.3,3,1,4,1,1,86.2,4,Yes,6.37,63.9,Average,Not Placed
STU101075,22,Female,BSc Computer Science,3,84.3,3.3,69.9,67.0,0,9.6,7.7,67.4,72.6,5,2,6,0,0,100.0,2,No,8.99,88.9,Excellent,Placed
STU101076,18,Female,BTech CSE,4,84.8,4.7,81.8,74.6,0,5.3,5.6,57.4,95.5,2,0,2,0,3,65.0,1,Yes,8.57,83.5,Excellent,Not Placed
STU101077,19,Male,BCA,2,78.2,1.1,85.0,61.0,1,4.1,8.3,57.4,81.3,3,0,3,0,4,77.7,4,Yes,6.42,65.0,Average,Not Placed
STU101078,21,Male,BTech CSE,2,73.8,3.4,80.1,67.8,4,3.5,9.0,42.7,83.6,3,0,3,1,1,77.4,3,Yes,5.94,60.3,Average,Not Placed
STU101079,18,Male,BTech CSE,3,78.7,1.3,77.0,63.9,1,8.9,4.4,60.7,60.3,3,0,1,0,3,64.6,3,Yes,6.85,68.9,Good,Not Placed
STU101080,18,Female,BSc Computer Science,4,71.5,2.3,79.8,49.3,0,6.8,8.2,51.3,37.3,3,1,1,1,0,78.6,3,Yes,6.9,68.7,Good,Not Placed
STU101081,20,Male,BSc Computer Science,3,71.6,3.6,81.4,71.9,0,8.0,5.8,58.6,100.0,5,1,2,1,0,84.1,0,No,8.08,82.4,Excellent,Not Placed
STU101082,22,Female,BTech CSE,3,81.7,3.2,82.0,100.0,3,9.8,4.3,65.9,38.7,2,0,2,1,3,90.3,2,Yes,9.76,96.6,Excellent,Placed
STU101083,21,Other,BCA,4,73.2,1.8,62.3,72.3,2,5.6,7.2,78.9,58.2,1,0,1,0,2,71.8,2,Yes,5.9,60.8,Average,Not Placed
STU101084,24,Male,BSc Computer Science,4,96.5,5.3,91.6,62.7,0,10.0,7.7,64.3,62.2,0,4,3,1,0,88.2,4,No,9.9,94.5,Excellent,Placed
STU101085,24,Male,BTech CSE,2,79.5,3.0,66.0,72.7,0,6.3,6.7,69.1,85.3,0,0,1,2,1,78.8,0,Yes,7.44,75.4,Good,Not Placed
STU101086,24,Male,BSc Data Science,4,91.6,4.3,74.6,58.9,1,6.6,9.7,62.4,83.5,4,1,1,0,1,77.7,4,Yes,8.09,78.6,Good,Placed
STU101087,23,Male,BCA,2,65.5,5.8,64.9,64.8,1,9.0,8.0,70.0,55.1,1,0,2,0,3,79.8,2,Yes,8.06,80.5,Excellent,Placed
STU101088,23,Male,BSc Data Science,3,65.9,2.5,83.8,66.9,2,6.6,6.7,66.5,68.1,2,0,0,2,1,71.7,0,Yes,7.73,77.2,Good,Placed
STU101089,19,Male,BTech CSE,2,76.9,4.4,74.2,65.3,0,8.0,7.1,39.5,53.4,3,1,3,1,6,91.6,0,Yes,8.44,85.7,Excellent,Not Placed
STU101090,21,Female,BCA,3,87.4,4.1,80.0,68.5,1,5.6,10.0,65.2,52.3,2,1,2,0,3,79.5,3,Yes,8.26,80.9,Excellent,Placed
STU101091,24,Male,BCA,3,73.1,1.4,73.8,80.3,0,7.2,7.6,66.4,76.3,1,0,2,1,1,70.5,0,No,7.61,78.7,Good,Placed
STU101092,23,Male,BCA,4,77.0,5.3,70.4,67.1,0,9.0,9.0,72.0,42.0,2,2,2,0,3,100.0,1,Yes,8.1,81.4,Excellent,Placed
STU101093,19,Female,BTech CSE,3,88.0,3.7,54.4,68.4,1,7.6,8.3,56.7,68.6,4,1,0,1,1,90.4,2,Yes,8.2,81.1,Excellent,Not Placed
STU101094,22,Female,BCA,3,74.1,2.7,75.5,49.0,0,5.8,5.0,62.5,54.7,2,2,1,0,0,73.3,4,Yes,6.81,66.2,Good,Not Placed
STU101095,19,Male,BTech CSE,3,70.4,1.1,68.7,56.1,0,6.6,5.1,78.0,30.3,1,0,1,0,2,59.5,2,No,7.06,70.6,Good,Not Placed
STU101096,23,Female,BSc Data Science,4,85.1,1.6,87.7,73.0,1,5.8,6.8,57.3,61.5,4,0,4,1,0,92.0,0,No,6.76,67.8,Good,Not Placed
STU101097,20,Male,BTech CSE,4,65.0,3.3,100.0,85.7,1,6.4,6.6,59.6,80.5,1,0,3,2,3,76.8,0,No,8.35,83.8,Excellent,Not Placed
STU101098,20,Female,BBA,2,74.3,1.5,100.0,69.7,2,9.2,7.3,87.3,69.3,3,1,2,0,0,87.8,3,No,7.14,72.2,Good,Placed
STU101099,24,Female,BCA,4,79.1,4.4,81.1,71.1,2,6.7,8.8,54.2,45.8,4,2,0,1,1,93.7,2,No,7.36,76.1,Good,Not Placed
STU101100,20,Female,BSc Data Science,3,83.3,2.9,73.3,55.0,0,8.0,8.1,42.5,67.5,1,0,2,0,0,86.8,0,Yes,7.97,78.4,Good,Not Placed
STU101101,24,Male,BTech CSE,3,86.2,1.2,60.6,62.2,1,7.4,4.4,79.9,37.3,3,0,4,1,3,84.1,3,Yes,6.66,68.9,Good,Not Placed
STU101102,24,Female,BCA,4,87.8,2.5,77.4,74.9,1,8.8,5.8,46.1,99.5,4,1,4,1,3,100.0,2,No,7.4,74.6,Good,Not Placed
STU101103,23,Male,BCA,2,75.0,1.9,72.0,86.4,1,4.6,9.4,64.9,67.1,0,1,6,0,4,86.4,2,Yes,7.42,73.7,Good,Placed
STU101104,20,Male,BTech CSE,4,87.6,1.7,73.9,74.4,0,6.9,7.8,72.7,75.1,5,1,4,0,2,86.3,1,No,7.42,72.3,Good,Not Placed
STU101105,24,Male,BBA,3,83.1,0.5,64.0,70.4,1,9.8,4.3,79.7,88.0,0,1,1,1,3,70.3,4,No,7.04,71.5,Good,Not Placed
STU101106,21,Male,BSc Computer Science,2,85.2,3.6,89.7,75.1,0,5.3,6.5,75.9,67.5,1,1,3,0,3,66.7,5,Yes,7.96,76.5,Good,Placed
STU101107,22,Male,BCA,4,71.7,2.1,87.6,59.9,1,10.0,3.8,53.9,67.3,1,1,2,0,1,86.6,2,Yes,7.39,72.9,Good,Not Placed
STU101108,19,Female,BSc Data Science,4,84.7,6.3,71.9,60.8,0,5.0,8.5,89.5,50.9,2,0,3,0,2,83.0,3,Yes,6.64,68.6,Good,Not Placed
STU101109,19,Female,BCA,2,76.5,5.0,91.4,69.2,1,6.0,7.7,63.1,31.4,2,1,2,2,1,61.5,3,No,6.94,69.7,Good,Not Placed
STU101110,23,Male,BTech CSE,2,78.5,5.9,82.7,58.1,0,8.0,6.5,56.0,53.4,2,1,5,1,1,88.1,0,Yes,8.27,84.6,Excellent,Placed
STU101111,20,Male,BTech CSE,4,,4.6,87.8,80.4,2,6.8,6.7,80.9,67.3,0,0,4,0,4,75.7,4,No,8.49,87.4,Excellent,Not Placed
STU101112,20,Male,BTech CSE,2,99.1,2.6,90.5,83.3,1,2.9,7.7,54.6,66.4,3,0,1,1,1,74.0,2,No,8.65,88.6,Excellent,Not Placed
STU101113,24,Male,BCA,4,68.9,4.0,86.0,68.7,0,7.2,8.8,73.0,69.2,7,0,2,0,1,100.0,1,Yes,8.17,83.3,Excellent,Not Placed
STU101114,18,Male,BSc Computer Science,4,89.9,3.0,73.0,81.1,2,6.7,7.5,62.7,45.6,2,0,4,2,1,86.9,3,Yes,7.69,75.3,Good,Not Placed
STU101115,24,Female,BCA,3,92.3,4.0,93.5,89.8,2,5.5,8.0,62.8,54.1,0,0,2,2,1,86.8,2,No,8.39,78.9,Good,Not Placed
STU101116,22,Male,BSc Data Science,3,86.3,4.8,90.5,76.8,2,6.0,7.4,100.0,79.8,2,4,3,0,1,87.0,1,Yes,8.52,84.9,Excellent,Placed
STU101117,21,Male,BTech CSE,3,72.6,4.4,90.7,82.8,0,2.8,9.0,69.7,68.1,0,1,4,2,1,74.8,2,Yes,7.57,77.6,Good,Not Placed
STU101118,19,Male,BCA,3,95.0,3.5,67.4,71.1,1,5.5,9.7,36.5,42.8,1,2,3,0,2,92.2,1,No,7.54,75.5,Good,Not Placed
STU101119,24,Female,BSc Computer Science,4,74.7,3.6,65.9,82.8,2,7.8,5.7,46.0,83.2,5,1,1,0,1,80.7,4,Yes,7.99,81.0,Excellent,Not Placed
STU101120,18,Female,BSc Computer Science,4,84.9,3.8,98.6,70.5,2,6.8,6.5,71.4,90.6,3,1,3,0,1,96.2,2,Yes,7.49,74.4,Good,Not Placed
STU101121,18,Female,BBA,3,79.2,5.2,75.0,63.6,1,8.3,6.9,47.9,49.7,3,1,0,1,0,81.9,3,Yes,8.14,82.0,Excellent,Not Placed
STU101122,24,Female,BTech CSE,3,74.3,2.8,84.8,80.3,1,9.8,5.7,59.1,64.4,2,3,3,1,1,97.7,2,Yes,8.45,84.9,Excellent,Not Placed
STU101123,23,Male,BTech CSE,2,83.5,3.1,95.3,74.6,1,5.0,6.2,79.2,61.4,2,0,2,1,2,82.2,3,No,7.5,73.7,Good,Not Placed
STU101124,19,Male,BSc Computer Science,3,96.8,2.7,100.0,81.4,1,4.9,6.7,65.5,46.9,1,1,1,2,2,55.6,2,Yes,8.0,78.4,Good,Not Placed
STU101125,23,Female,BCA,3,80.6,3.7,88.3,63.1,1,8.2,6.8,77.9,64.4,1,0,3,0,1,78.6,1,Yes,8.11,81.0,Excellent,Not Placed
STU101126,21,Male,BSc Data Science,3,97.8,4.5,76.3,75.8,0,6.2,6.1,85.2,71.0,5,1,4,1,1,92.3,1,Yes,9.06,89.0,Excellent,Placed
STU101127,18,Female,BSc Computer Science,2,76.2,3.9,78.8,83.3,0,6.2,5.9,77.6,68.4,3,1,2,1,1,88.7,0,Yes,8.89,86.9,Excellent,Placed
STU101128,18,Male,BTech CSE,4,78.8,3.4,86.1,66.6,1,10.0,6.9,54.8,97.1,2,0,1,0,1,93.8,1,No,8.49,84.9,Excellent,Placed
STU101129,22,Male,BSc Computer Science,3,65.7,5.1,83.9,81.6,1,8.7,5.5,79.5,49.2,2,4,0,1,2,72.8,1,Yes,8.88,90.7,Excellent,Placed
STU101130,21,Female,BSc Data Science,4,72.4,2.3,74.1,90.9,1,6.8,7.4,79.1,46.9,1,1,4,1,1,76.5,4,No,6.83,70.6,Good,Not Placed
STU101131,18,Female,BCA,4,75.8,1.3,52.8,64.9,0,7.4,4.8,67.1,82.5,2,0,1,0,1,75.1,4,Yes,6.39,62.9,Average,Not Placed
STU101132,21,Female,BCA,3,74.7,4.0,73.9,75.2,1,6.9,6.8,55.2,80.4,3,0,1,1,2,82.2,3,Yes,8.45,82.5,Excellent,Not Placed
STU101133,19,Male,BTech CSE,3,68.4,3.4,79.7,93.1,0,4.1,9.5,68.3,30.7,4,2,2,0,0,93.8,1,Yes,9.0,90.1,Excellent,Not Placed
STU101134,20,Male,BSc Computer Science,3,70.4,3.2,81.9,54.8,1,7.1,6.4,70.0,51.0,0,0,3,0,3,74.1,3,Yes,7.17,70.3,Good,Not Placed
STU101135,18,Male,BTech CSE,2,75.1,1.5,100.0,76.9,2,6.2,8.2,51.5,36.4,2,1,1,0,0,81.0,2,Yes,8.43,83.3,Excellent,Not Placed
STU101136,22,Male,BSc Data Science,4,89.9,3.8,93.7,80.3,2,5.3,5.0,80.1,81.1,5,1,1,0,5,66.1,3,Yes,9.06,89.4,Excellent,Placed
STU101137,19,Male,BCA,2,63.0,6.2,76.9,72.2,0,5.8,6.1,62.5,80.0,2,1,5,2,2,84.2,1,Yes,7.93,81.5,Excellent,Not Placed
STU101138,24,Male,BTech CSE,3,57.2,1.5,87.5,98.8,2,4.3,7.9,67.5,64.1,2,0,0,0,1,71.5,2,Yes,6.46,65.9,Good,Not Placed
STU101139,21,Male,BTech CSE,2,60.4,3.3,52.7,77.9,0,3.7,2.8,73.1,83.0,1,0,4,1,3,68.1,0,No,6.75,70.7,Good,Not Placed
STU101140,24,Male,BSc Data Science,4,69.5,3.6,95.5,88.1,0,5.3,7.8,70.6,75.8,7,0,2,0,1,78.5,2,Yes,8.88,89.2,Excellent,Placed
STU101141,23,Male,BSc Computer Science,3,84.4,2.8,76.5,82.0,1,5.0,6.7,66.4,71.0,2,1,4,0,1,86.0,0,Yes,7.83,78.4,Good,Not Placed
STU101142,19,Male,BSc Data Science,3,74.4,3.7,84.1,89.9,1,10.0,6.3,54.2,56.9,3,1,5,1,2,94.9,0,No,9.74,100.0,Excellent,Not Placed
STU101143,24,Male,BTech CSE,3,74.3,2.8,82.3,74.1,0,9.0,9.1,88.7,41.9,1,1,0,1,2,89.0,3,Yes,7.68,77.2,Good,Not Placed
STU101144,18,Male,BTech CSE,4,74.1,3.7,93.3,56.3,1,5.7,4.5,87.3,60.5,3,0,1,1,0,86.0,4,Yes,7.51,74.5,Good,Not Placed
STU101145,21,Male,BTech CSE,2,59.2,3.1,78.2,78.6,1,7.5,7.4,83.1,64.7,1,0,2,0,2,85.9,4,No,8.1,79.7,Good,Not Placed
STU101146,20,Female,BSc Computer Science,3,86.6,2.7,91.1,51.8,0,,8.1,68.0,74.0,1,0,3,1,1,78.2,3,Yes,8.03,80.4,Excellent,Not Placed
STU101147,19,Male,BSc Data Science,3,91.1,3.4,,68.0,0,5.5,5.6,75.6,68.1,1,1,1,0,2,69.1,1,No,8.67,86.6,Excellent,Not Placed
STU101148,18,Male,BSc Computer Science,2,74.6,4.2,83.3,66.4,1,4.8,3.5,52.9,64.1,4,1,3,0,0,68.7,1,Yes,7.14,69.7,Good,Not Placed
STU101149,22,Male,BTech CSE,2,78.9,1.2,80.8,67.3,1,5.9,7.3,67.6,69.4,1,1,3,1,4,87.1,1,Yes,6.83,67.3,Good,Not Placed
STU101150,23,Female,BSc Computer Science,3,79.2,4.5,76.4,87.2,0,5.6,8.1,43.9,48.8,4,0,4,0,2,81.7,2,Yes,7.54,77.8,Good,Not Placed
STU101151,21,Female,BSc Computer Science,2,67.3,2.4,80.2,71.7,1,6.2,9.2,59.7,56.7,2,3,3,0,0,96.3,2,Yes,5.7,59.7,Average,Not Placed
STU101152,19,Female,BCA,3,73.6,4.4,77.8,96.7,2,10.0,,75.6,78.2,2,0,1,0,0,87.5,1,Yes,8.91,90.1,Excellent,Placed
STU101153,19,Female,BBA,2,95.9,2.5,86.6,71.2,0,6.3,6.4,82.0,58.0,1,0,0,0,0,67.1,3,Yes,7.13,72.0,Good,Not Placed
STU101154,20,Male,BTech CSE,3,78.0,4.6,69.5,46.3,0,4.3,10.0,54.8,60.8,2,2,0,0,1,81.8,1,No,6.34,61.8,Average,Not Placed
STU101155,20,Female,BSc Data Science,2,80.2,3.4,82.8,64.9,0,6.1,7.2,56.8,73.4,7,0,2,2,1,81.8,5,Yes,7.51,72.5,Good,Not Placed
STU101156,22,Female,BSc Computer Science,3,71.1,2.1,98.7,82.2,0,8.6,7.3,73.4,52.9,1,3,4,1,0,95.4,2,No,7.7,76.6,Good,Not Placed
STU101157,23,Male,BCA,4,73.7,2.8,77.2,55.8,1,10.0,7.7,42.6,57.3,1,0,2,1,1,85.4,2,Yes,7.53,74.0,Good,Not Placed
STU101158,22,Male,BCA,3,84.5,5.3,86.8,67.7,1,4.1,6.8,88.1,36.9,2,1,0,0,2,86.8,2,Yes,8.08,81.7,Excellent,Not Placed
STU101159,18,Male,BCA,3,69.6,3.6,56.4,81.8,1,6.6,6.3,55.3,82.4,4,0,1,0,3,76.6,3,Yes,8.23,84.3,Excellent,Not Placed
STU101160,18,Female,BTech CSE,3,94.2,2.8,64.6,68.2,0,7.1,6.5,65.6,85.0,1,0,3,0,0,89.6,1,Yes,7.8,78.6,Good,Not Placed
STU101161,22,Female,BTech CSE,2,61.8,5.2,80.5,65.3,0,8.3,9.1,77.1,80.0,1,1,3,0,1,91.5,2,No,7.82,79.9,Good,Not Placed
STU101162,23,Female,BSc Computer Science,2,71.7,4.8,81.2,87.1,0,6.2,8.0,64.8,67.8,2,2,3,1,1,82.5,3,Yes,8.39,83.5,Excellent,Placed
STU101163,22,Male,BSc Computer Science,2,63.2,2.2,82.5,69.3,0,6.5,7.4,62.6,46.2,1,0,5,1,1,86.3,4,Yes,7.32,70.8,Good,Not Placed
STU101164,23,Male,BSc Data Science,4,,3.2,100.0,59.5,1,5.7,3.8,74.3,57.3,0,0,2,0,0,75.0,2,Yes,7.32,75.7,Good,Not Placed
STU101165,23,Male,BCA,4,77.6,0.9,75.6,82.0,1,4.2,6.0,60.6,50.8,2,2,1,2,2,64.9,0,Yes,6.42,67.1,Good,Not Placed
STU101166,24,Male,BCA,4,75.1,4.8,82.9,85.6,1,8.2,10.0,71.7,52.1,3,2,1,1,3,98.2,3,No,8.82,88.5,Excellent,Placed
STU101167,21,Female,BTech CSE,4,82.0,3.5,74.1,74.2,0,4.8,5.5,67.4,58.8,4,2,0,0,2,65.5,3,Yes,7.61,75.4,Good,Not Placed
STU101168,23,Female,BBA,4,92.0,4.5,90.1,65.0,0,3.7,6.9,50.7,58.1,2,0,2,0,1,66.1,2,Yes,7.66,78.5,Good,Not Placed
STU101169,20,Male,BSc Data Science,4,80.2,0.6,69.3,61.4,0,5.7,6.6,85.2,82.1,1,0,2,0,6,77.8,0,Yes,6.32,63.0,Average,Not Placed
STU101170,23,Female,BSc Computer Science,3,89.4,3.1,74.3,65.4,1,3.5,4.5,62.6,65.6,0,0,4,0,2,78.3,1,Yes,6.58,66.8,Good,Not Placed
STU101171,23,Male,BBA,3,75.1,3.8,72.1,56.9,1,5.8,5.3,74.2,86.5,0,0,3,0,3,67.0,1,No,7.7,75.6,Good,Not Placed
STU101172,23,Female,BCA,2,68.4,0.5,91.1,66.1,1,5.7,4.3,56.2,53.4,2,0,2,2,2,81.9,1,Yes,5.35,53.9,Average,Not Placed
STU101173,24,Male,BTech CSE,3,80.3,4.5,83.4,78.6,0,6.3,4.1,40.9,70.9,2,1,2,0,1,64.3,3,Yes,8.8,86.7,Excellent,Not Placed
STU101174,24,Male,BSc Computer Science,3,71.0,3.0,85.1,80.8,0,5.6,7.6,82.8,61.3,2,0,2,2,1,61.4,1,Yes,7.61,76.7,Good,Not Placed
STU101175,18,Male,BSc Computer Science,4,84.9,0.9,79.9,72.3,0,6.6,5.6,67.8,73.0,3,2,3,2,2,69.2,1,Yes,7.81,73.0,Good,Placed
STU101176,24,Male,BSc Data Science,3,73.9,2.7,95.3,76.6,1,9.9,9.8,70.2,78.4,1,1,3,2,1,98.4,2,No,7.4,76.2,Good,Not Placed
STU101177,20,Male,BTech CSE,3,77.2,4.2,80.3,69.2,0,2.0,8.1,68.5,83.1,3,0,4,1,0,80.2,2,Yes,5.44,54.6,Average,Not Placed
STU101178,20,Female,BTech CSE,3,55.6,2.1,100.0,63.2,0,9.3,6.7,97.4,59.3,1,0,2,1,3,100.0,2,Yes,8.31,81.0,Excellent,Not Placed
STU101179,24,Female,BCA,2,76.8,3.4,96.0,67.9,0,,8.1,78.6,64.9,1,1,0,1,1,63.3,2,Yes,7.82,79.9,Good,Placed
STU101180,22,Female,BSc Computer Science,3,75.6,2.9,65.8,85.5,0,7.3,3.3,76.8,79.8,3,0,0,1,0,72.9,7,Yes,8.61,84.8,Excellent,Not Placed
STU101181,21,Male,BCA,3,89.6,0.5,89.0,44.7,1,8.8,6.6,59.7,95.2,4,1,3,1,2,91.6,1,Yes,7.04,70.1,Good,Placed
STU101182,24,Female,BTech CSE,3,86.7,4.4,,58.2,0,6.2,8.5,65.4,66.3,4,1,2,1,2,81.0,0,No,7.66,76.8,Good,Not Placed
STU101183,23,Male,BSc Computer Science,3,78.2,4.7,77.5,66.3,1,6.9,4.7,67.9,62.1,5,2,2,1,3,71.8,1,Yes,7.83,77.9,Good,Not Placed
STU101184,19,Male,BTech CSE,2,61.7,5.2,86.5,58.7,0,7.8,7.9,76.4,63.3,2,0,4,1,1,98.0,1,No,8.01,78.7,Good,Placed
STU101185,21,Female,BSc Data Science,3,73.6,3.5,65.7,77.3,1,,7.2,63.9,33.2,3,0,1,0,2,89.1,0,Yes,7.36,73.7,Good,Placed
STU101186,21,Female,BCA,3,89.6,4.2,71.0,53.6,1,4.4,4.3,63.0,70.1,0,2,2,1,1,59.8,3,No,6.89,67.4,Good,Not Placed
STU101187,20,Male,BCA,3,76.0,1.1,79.2,86.4,0,7.3,9.3,79.1,54.8,2,0,0,1,2,88.2,3,Yes,7.26,73.7,Good,Not Placed
STU101188,21,Male,BSc Data Science,3,67.3,3.9,67.1,95.5,0,6.4,8.6,90.1,47.0,3,0,2,0,1,95.0,5,No,8.4,83.5,Excellent,Not Placed
STU101189,24,Other,BCA,2,89.5,3.0,,75.0,1,7.4,7.8,37.5,74.0,2,0,1,1,2,89.6,1,Yes,7.36,73.4,Good,Not Placed
STU101190,23,Male,BSc Computer Science,2,61.8,3.4,89.2,64.6,1,7.4,4.6,79.9,63.7,0,1,1,0,3,58.9,1,Yes,6.95,70.8,Good,Not Placed
STU101191,23,Male,BCA,3,76.9,1.8,71.9,83.1,2,6.4,5.4,64.1,78.9,2,0,1,1,2,81.0,3,No,7.53,73.3,Good,Not Placed
STU101192,18,Male,BSc Computer Science,3,83.6,5.2,67.3,68.6,0,6.5,6.6,76.3,64.5,2,1,1,0,0,73.5,2,No,7.82,80.1,Excellent,Not Placed
STU101193,23,Male,BSc Data Science,3,79.3,1.0,64.6,61.7,1,7.5,,65.8,45.7,0,2,6,0,0,100.0,4,Yes,6.74,70.7,Good,Not Placed
STU101194,23,Male,BSc Computer Science,4,65.6,3.9,95.3,72.6,1,5.7,6.4,62.6,67.6,4,2,1,2,0,75.8,0,No,7.4,75.8,Good,Not Placed
STU101195,20,Male,BTech CSE,2,68.7,2.1,62.8,53.1,1,7.9,7.1,69.2,34.2,2,2,2,1,2,87.4,2,Yes,5.8,57.3,Average,Placed
STU101196,23,Female,BSc Computer Science,2,71.0,6.7,85.3,63.1,0,5.2,5.6,48.0,77.4,4,0,1,0,1,76.1,1,Yes,7.94,76.6,Good,Not Placed
STU101197,18,Male,BBA,3,85.8,4.5,96.4,62.8,0,10.0,9.6,53.5,87.1,2,0,0,0,0,92.9,2,Yes,9.24,94.7,Excellent,Placed
STU101198,19,Female,BCA,3,79.7,3.5,71.2,70.9,0,7.4,5.2,61.4,60.4,0,2,3,0,2,84.0,0,No,6.27,61.8,Average,Not Placed
STU101199,24,Other,BSc Data Science,3,74.1,2.0,72.7,52.9,1,7.0,7.1,68.4,68.1,2,1,1,0,3,92.7,1,No,6.04,62.7,Average,Not Placed
STU101200,20,Female,BSc Data Science,4,82.1,4.8,83.9,60.9,0,5.5,8.9,85.1,86.5,2,1,3,0,3,91.8,1,Yes,7.39,74.1,Good,Not Placed
STU101201,19,Male,BSc Data Science,4,70.5,0.5,84.6,65.8,1,6.3,5.9,78.9,64.7,1,1,3,2,2,77.7,2,Yes,6.39,64.8,Average,Not Placed
STU101202,20,Male,BTech CSE,2,85.4,4.1,76.5,77.7,1,7.3,6.4,64.9,37.7,1,1,1,2,1,83.2,0,Yes,8.15,79.6,Good,Not Placed
STU101203,22,Female,BSc Computer Science,4,82.5,4.3,78.7,72.0,1,8.7,5.4,52.0,87.5,2,0,2,0,1,100.0,1,Yes,8.33,81.4,Excellent,Placed
STU101204,21,Female,BSc Computer Science,2,75.8,4.2,83.0,91.6,0,4.4,4.6,68.4,56.9,2,0,3,0,3,65.1,0,No,8.35,81.7,Excellent,Not Placed
STU101205,22,Male,BSc Data Science,3,76.4,4.8,77.6,61.1,1,4.1,4.8,74.3,61.3,1,0,4,0,0,77.8,3,Yes,6.6,67.8,Good,Not Placed
STU101206,23,Female,BBA,3,74.6,2.7,77.9,82.6,1,5.7,9.3,61.2,90.7,5,1,3,1,1,99.5,2,Yes,7.84,78.0,Good,Placed
STU101207,19,Male,BBA,3,88.0,4.3,100.0,82.6,0,,4.2,64.1,100.0,1,1,2,2,2,60.6,2,No,8.91,89.9,Excellent,Not Placed
STU101208,23,Male,BSc Data Science,3,80.2,2.5,93.1,74.2,0,5.7,5.6,84.3,53.3,1,0,3,0,2,82.1,1,Yes,7.15,69.7,Good,Not Placed
STU101209,21,Male,BCA,3,75.8,2.3,94.0,73.7,0,7.4,4.6,70.2,80.9,1,1,3,1,4,93.5,2,Yes,7.73,74.6,Good,Not Placed
STU101210,20,Male,BTech CSE,3,68.3,2.0,78.2,75.2,0,6.9,5.5,68.1,69.6,3,1,0,1,0,88.0,1,Yes,5.92,63.3,Average,Not Placed
STU101211,21,Male,BBA,2,83.9,3.1,63.1,60.7,3,6.1,6.3,67.3,93.5,2,0,2,1,2,72.7,3,No,5.82,58.1,Average,Not Placed
STU101212,18,Female,BSc Data Science,2,83.4,5.2,100.0,83.5,0,9.0,7.1,86.2,60.8,4,2,1,1,3,89.8,1,No,10.0,99.6,Excellent,Placed
STU101213,21,Female,BSc Data Science,3,72.7,6.1,75.2,72.9,0,10.0,9.1,41.6,70.6,3,0,2,0,2,96.3,1,Yes,7.74,75.3,Good,Placed
STU101214,18,Male,BBA,3,73.8,3.1,85.4,57.6,1,7.5,8.3,73.8,57.2,4,1,0,0,0,91.3,3,No,7.12,69.4,Good,Not Placed
STU101215,21,Male,BTech CSE,3,76.8,2.5,90.6,86.3,1,7.3,7.9,41.7,94.3,2,1,4,0,1,100.0,3,Yes,7.23,73.2,Good,Not Placed
STU101216,24,Male,BSc Data Science,2,66.5,5.5,75.6,70.7,0,6.6,8.0,61.2,56.7,3,0,2,0,1,95.9,5,Yes,7.68,78.3,Good,Placed
STU101217,18,Male,BSc Computer Science,4,78.7,4.2,91.9,72.6,3,4.5,4.0,44.1,56.9,0,1,2,0,0,59.4,3,Yes,7.47,74.7,Good,Not Placed
STU101218,19,Female,BBA,2,61.5,3.5,82.1,41.9,0,8.3,6.9,73.4,76.1,2,1,1,0,1,82.3,1,No,6.74,67.4,Good,Not Placed
STU101219,23,Female,BTech CSE,4,65.2,1.8,79.1,71.0,0,6.1,8.9,38.6,52.1,3,0,3,1,3,88.6,2,No,7.53,74.8,Good,Not Placed
STU101220,23,Female,BTech CSE,3,72.9,5.6,75.6,87.2,0,6.4,9.9,46.4,70.7,3,0,3,3,1,92.8,4,Yes,7.66,77.2,Good,Not Placed
STU101221,22,Female,BTech CSE,3,71.7,3.6,71.0,64.5,1,6.7,8.8,67.1,59.7,2,0,1,1,4,88.9,1,Yes,6.21,62.0,Average,Not Placed
STU101222,23,Male,BCA,4,82.5,3.5,61.5,56.5,2,4.3,6.0,68.2,55.4,2,2,2,2,0,65.0,0,Yes,6.1,62.0,Average,Not Placed
STU101223,20,Male,BTech CSE,3,80.8,4.3,100.0,77.5,0,8.9,8.0,89.9,62.8,3,3,0,1,0,93.3,1,Yes,9.38,94.0,Excellent,Placed
STU101224,24,Male,BCA,2,91.8,3.5,98.0,51.1,0,8.0,5.4,91.3,47.7,5,0,3,0,1,86.1,2,No,7.58,74.8,Good,Not Placed
STU101225,21,Male,BBA,3,78.9,5.7,83.1,79.2,0,5.0,9.0,48.1,45.8,3,0,2,2,3,84.2,3,Yes,8.7,86.1,Excellent,Not Placed
STU101226,22,Female,BSc Data Science,2,80.1,5.0,99.2,69.6,0,4.6,5.3,59.5,56.0,1,0,1,2,2,75.0,2,Yes,8.57,86.0,Excellent,Not Placed
STU101227,20,Male,BTech CSE,3,66.4,2.7,97.7,73.0,0,5.1,5.2,61.7,99.5,0,0,2,0,1,84.8,5,No,7.54,75.7,Good,Not Placed
STU101228,20,Male,BCA,3,66.4,3.6,88.6,100.0,0,5.1,8.6,81.8,54.4,0,2,1,1,3,85.8,0,Yes,8.56,82.2,Excellent,Placed
STU101229,18,Female,BSc Computer Science,4,78.6,2.6,78.2,75.0,1,4.5,6.8,62.7,93.7,1,0,3,0,2,74.7,4,Yes,7.11,71.7,Good,Not Placed
STU101230,23,Female,BCA,3,78.8,6.3,93.8,55.9,0,,8.0,41.1,75.3,1,1,3,0,3,85.9,2,No,8.17,84.1,Excellent,Not Placed
STU101231,19,Female,BTech CSE,2,80.9,2.4,92.0,73.4,0,7.0,8.1,79.1,61.2,1,1,3,0,2,76.5,2,No,8.2,84.1,Excellent,Not Placed
STU101232,19,Male,BTech CSE,4,90.7,3.3,90.7,80.9,0,4.3,4.9,60.6,56.1,2,0,4,0,1,70.2,1,No,7.75,77.8,Good,Not Placed
STU101233,22,Male,BTech CSE,3,66.8,4.0,78.3,47.8,0,10.0,6.9,89.8,66.7,3,2,2,2,1,96.9,0,Yes,7.75,76.6,Good,Placed
STU101234,24,Male,BSc Computer Science,3,94.9,4.3,86.2,71.8,2,4.7,5.5,73.6,95.6,0,0,4,0,0,82.4,2,Yes,7.6,77.2,Good,Not Placed
STU101235,19,Male,BCA,3,63.1,4.5,85.0,51.2,0,2.9,3.7,79.2,43.4,4,1,1,0,1,43.0,1,No,6.91,67.1,Good,Not Placed
STU101236,21,Male,BBA,3,81.7,4.7,77.8,72.3,0,7.7,6.6,77.6,59.8,3,0,2,2,3,80.6,4,Yes,8.34,83.6,Excellent,Not Placed
STU101237,19,Male,BTech CSE,3,65.5,4.5,86.1,90.5,0,6.5,5.7,53.8,79.5,1,1,3,0,1,75.3,1,Yes,8.41,80.9,Excellent,Not Placed
STU101238,22,Female,BTech CSE,3,85.2,2.9,95.8,66.8,3,5.8,7.8,38.7,62.9,1,0,1,0,0,79.4,1,No,7.67,78.2,Good,Not Placed
STU101239,19,Male,BTech CSE,2,63.2,2.7,98.8,72.9,0,6.7,8.6,90.9,67.1,0,0,1,1,2,90.4,3,Yes,7.48,75.5,Good,Not Placed
STU101240,21,Female,BTech CSE,4,50.7,3.6,87.5,75.4,0,6.4,5.6,77.4,29.5,2,1,2,0,0,65.6,3,Yes,7.18,73.9,Good,Not Placed
STU101241,18,Female,BSc Data Science,4,79.5,2.7,80.2,76.1,0,7.8,5.0,53.1,68.3,2,0,3,2,4,80.5,2,Yes,6.2,62.7,Average,Not Placed
STU101242,24,Male,BTech CSE,3,76.8,2.5,91.4,73.8,1,6.1,6.7,31.5,72.3,0,1,1,2,1,63.7,2,No,7.54,79.5,Good,Not Placed
STU101243,22,Female,BSc Computer Science,4,89.1,2.9,72.4,47.9,0,5.6,7.3,87.9,63.3,1,0,3,2,0,75.0,1,No,6.96,68.4,Good,Not Placed
STU101244,18,Male,BTech CSE,3,78.8,6.7,77.9,74.2,0,6.9,7.6,70.9,60.3,0,0,2,2,5,92.9,0,Yes,7.97,79.2,Good,Not Placed
STU101245,18,Male,BTech CSE,2,70.6,5.8,96.0,64.4,0,7.9,10.0,84.9,84.9,0,1,1,0,0,87.8,4,No,8.55,83.3,Excellent,Not Placed
STU101246,18,Female,BCA,2,72.6,3.1,100.0,58.3,0,6.3,8.7,74.1,74.5,2,2,2,0,2,78.5,6,No,6.61,68.8,Good,Not Placed
STU101247,20,Male,BSc Data Science,2,100.0,0.5,94.5,74.4,2,6.4,6.8,58.9,71.3,0,1,7,0,0,85.3,0,No,7.73,76.9,Good,Not Placed
STU101248,24,Other,BCA,4,69.3,2.6,81.1,73.7,0,8.8,10.0,59.3,98.9,2,0,3,0,4,91.9,0,No,7.24,74.7,Good,Placed
STU101249,23,Male,BCA,3,83.2,4.8,57.9,50.7,1,6.6,8.2,66.8,59.9,1,0,3,0,0,84.7,2,Yes,7.24,72.5,Good,Not Placed
STU101250,24,Female,BSc Computer Science,3,82.0,1.2,90.6,67.2,1,3.9,8.4,67.0,65.2,4,0,4,0,0,80.8,5,No,6.97,68.5,Good,Not Placed
STU101251,20,Male,BTech CSE,2,83.5,4.4,87.8,88.1,3,6.6,10.0,53.1,92.7,2,0,3,0,1,100.0,3,No,9.2,95.2,Excellent,Not Placed
STU101252,23,Male,BCA,3,82.7,4.3,88.1,56.9,0,6.5,7.5,66.2,58.7,2,1,1,0,2,77.0,1,Yes,7.95,80.4,Excellent,Not Placed
STU101253,24,Male,BSc Data Science,3,75.3,3.5,66.2,74.0,0,7.0,7.1,79.3,95.6,0,2,0,0,1,74.8,1,Yes,7.01,70.0,Good,Placed
STU101254,18,Female,BBA,4,60.4,3.4,78.4,57.5,0,6.9,7.3,68.1,63.6,4,1,2,1,0,88.0,4,Yes,7.24,72.1,Good,Not Placed
STU101255,22,Female,BTech CSE,4,79.6,2.1,100.0,91.7,0,6.5,6.7,76.7,83.9,1,0,0,1,2,70.7,2,Yes,8.79,86.6,Excellent,Placed
STU101256,23,Female,BSc Computer Science,3,77.9,4.5,70.7,80.4,0,7.1,6.0,72.4,77.5,0,3,2,1,1,71.3,0,Yes,7.97,80.8,Excellent,Not Placed
STU101257,21,Male,BTech CSE,3,79.2,4.0,88.4,62.0,0,4.3,4.9,84.5,51.8,2,0,3,1,1,75.4,2,No,7.66,77.1,Good,Not Placed
STU101258,21,Female,BSc Computer Science,3,83.7,2.8,74.8,74.6,1,10.0,8.6,74.7,71.5,0,0,1,0,1,90.1,2,Yes,7.39,72.6,Good,Placed
STU101259,19,Female,BCA,4,73.9,2.3,87.6,55.6,1,6.6,8.7,54.8,72.4,0,0,1,1,2,83.1,1,Yes,7.65,76.2,Good,Not Placed
STU101260,23,Female,BCA,2,71.8,1.7,79.8,50.2,0,4.6,6.0,47.6,73.4,3,1,2,0,1,51.6,2,Yes,6.34,64.6,Average,Not Placed
STU101261,22,Male,BCA,3,87.0,4.1,95.3,70.9,0,3.8,6.9,93.8,99.7,2,1,2,0,2,61.2,3,Yes,7.84,78.6,Good,Not Placed
STU101262,20,Female,BSc Data Science,4,74.7,3.2,82.5,62.9,1,7.3,5.8,54.6,75.3,3,1,2,0,6,77.7,0,Yes,7.49,76.0,Good,Not Placed
STU101263,18,Female,BBA,2,73.1,3.2,92.9,74.4,0,5.8,7.7,64.3,63.1,2,0,2,0,0,73.9,1,Yes,7.06,70.1,Good,Not Placed
STU101264,19,Male,BTech CSE,3,72.2,1.2,100.0,51.9,0,7.0,7.7,67.2,47.9,3,0,4,3,3,84.0,4,Yes,7.15,66.6,Good,Placed
STU101265,21,Female,BSc Data Science,3,83.9,1.9,92.8,65.3,1,10.0,6.3,59.3,66.4,2,0,1,1,1,82.0,2,Yes,8.51,82.6,Excellent,Not Placed
STU101266,20,Female,BSc Computer Science,2,75.9,1.7,88.3,90.4,0,6.5,6.4,83.4,56.7,3,1,4,1,2,69.8,3,No,7.58,78.7,Good,Not Placed
STU101267,20,Male,BCA,3,100.0,4.7,94.7,89.2,0,8.5,6.5,68.4,51.5,4,0,3,2,0,93.5,2,Yes,9.49,94.5,Excellent,Placed
STU101268,18,Male,BTech CSE,3,78.6,3.8,88.2,92.1,1,4.7,5.9,46.2,63.4,2,2,0,1,0,61.9,3,No,7.64,77.8,Good,Not Placed
STU101269,23,Male,BTech CSE,3,65.9,3.1,75.3,99.1,1,7.0,7.4,72.2,42.2,3,0,1,0,4,79.9,3,No,8.23,83.7,Excellent,Not Placed
STU101270,21,Female,BCA,2,73.6,5.2,72.7,67.2,2,5.0,3.4,65.6,32.6,2,1,0,1,1,63.2,0,Yes,7.7,77.0,Good,Not Placed
STU101271,22,Female,BCA,4,84.6,4.9,89.6,38.6,0,4.4,6.9,75.4,69.4,1,0,1,1,2,78.9,3,Yes,7.88,77.7,Good,Not Placed
STU101272,20,Male,BSc Computer Science,2,72.0,5.2,75.1,85.2,1,6.8,9.6,95.0,100.0,4,0,3,0,0,89.7,1,Yes,8.59,85.0,Excellent,Not Placed
STU101273,18,Female,BSc Computer Science,4,77.8,3.1,74.1,58.6,2,9.2,,57.5,80.0,2,1,3,1,1,98.2,3,Yes,7.62,77.4,Good,Not Placed
STU101274,22,Female,BSc Data Science,2,87.8,1.4,79.9,96.7,0,8.2,5.3,50.0,51.1,3,1,2,0,2,81.7,1,No,9.19,90.6,Excellent,Placed
STU101275,23,Male,BSc Computer Science,3,89.3,6.1,63.0,73.0,0,10.0,5.3,100.0,79.0,1,3,2,1,1,77.6,1,No,8.41,82.3,Excellent,Not Placed
STU101276,21,Female,BSc Computer Science,2,72.8,4.3,74.8,91.6,0,6.4,6.0,51.9,100.0,2,0,2,0,1,80.4,2,Yes,8.64,89.4,Excellent,Not Placed
STU101277,23,Other,BCA,2,75.4,4.3,73.9,70.1,0,,5.8,94.4,57.2,4,0,2,1,2,85.6,1,No,7.2,70.7,Good,Not Placed
STU101278,20,Female,BSc Data Science,2,79.0,4.5,100.0,63.8,0,7.7,7.9,96.6,44.6,3,0,1,0,1,86.3,2,Yes,8.89,85.9,Excellent,Not Placed
STU101279,22,Female,BSc Data Science,3,91.4,7.6,90.3,80.7,0,6.7,5.6,63.2,74.8,3,3,4,0,0,83.7,1,Yes,9.7,95.7,Excellent,Placed
STU101280,22,Other,BTech CSE,3,67.0,3.3,77.4,77.9,2,8.1,7.9,84.6,96.7,2,1,1,0,1,81.1,1,Yes,8.34,80.6,Excellent,Not Placed
STU101281,22,Female,BBA,2,81.6,5.7,,58.3,1,5.5,6.6,53.2,70.3,2,0,5,1,1,85.2,4,Yes,8.02,81.9,Excellent,Placed
STU101282,20,Male,BTech CSE,4,78.6,2.2,55.2,71.6,1,5.3,7.3,75.7,64.2,2,1,2,0,2,77.6,2,Yes,6.95,73.4,Good,Not Placed
STU101283,20,Female,BTech CSE,3,69.0,4.7,65.9,65.1,2,5.6,7.9,81.5,57.4,3,2,1,1,1,78.5,1,Yes,7.14,73.8,Good,Not Placed
STU101284,23,Female,BSc Computer Science,3,90.4,6.2,63.7,74.5,0,4.7,7.6,53.4,49.3,1,1,1,1,0,72.3,2,Yes,8.12,79.5,Good,Not Placed
STU101285,19,Female,BTech CSE,2,87.9,3.4,71.3,71.6,0,3.5,9.5,85.9,54.3,1,1,3,0,0,65.0,3,No,6.87,70.4,Good,Not Placed
STU101286,23,Male,BBA,3,93.4,0.6,81.9,73.6,4,6.2,9.0,81.2,62.4,3,0,2,2,0,92.1,1,No,7.39,70.5,Good,Not Placed
STU101287,21,Female,BCA,4,89.8,4.4,79.9,72.2,0,2.5,5.6,92.4,95.9,2,2,2,0,3,60.6,1,Yes,7.04,71.2,Good,Not Placed
STU101288,18,Male,BSc Computer Science,3,78.1,3.2,72.2,67.8,1,5.8,10.0,71.2,24.7,0,2,2,0,1,85.3,2,No,7.41,73.9,Good,Not Placed
STU101289,22,Female,BTech CSE,3,84.2,4.8,81.4,76.3,0,2.8,7.1,35.0,100.0,4,0,3,1,1,71.5,4,No,7.88,75.1,Good,Not Placed
STU101290,19,Male,BTech CSE,2,81.3,2.8,66.2,62.9,1,9.4,7.5,71.3,81.7,1,0,0,1,1,93.5,1,Yes,8.07,82.0,Excellent,Not Placed
STU101291,18,Male,BCA,4,68.9,7.1,86.9,91.8,0,5.8,8.3,66.2,60.1,3,1,4,2,0,89.1,1,Yes,8.8,91.4,Excellent,Placed
STU101292,19,Male,BSc Computer Science,2,65.0,3.7,90.4,71.8,1,1.4,5.3,83.9,73.6,1,0,2,0,3,61.1,0,No,7.02,69.7,Good,Not Placed
STU101293,24,Male,BTech CSE,3,81.7,4.7,87.4,82.1,1,6.6,9.6,50.5,52.4,3,3,1,0,3,78.2,2,Yes,7.62,75.4,Good,Placed
STU101294,23,Female,BSc Computer Science,2,79.0,2.0,94.0,65.6,1,7.0,7.3,100.0,98.4,0,0,0,1,1,65.6,1,No,6.3,64.2,Average,Not Placed
STU101295,20,Female,BTech CSE,3,74.6,1.7,65.3,66.9,0,5.4,9.1,71.1,42.5,1,2,0,2,3,81.7,1,No,6.3,61.1,Average,Not Placed
STU101296,22,Female,BSc Data Science,2,77.1,1.6,82.4,83.1,0,9.4,6.8,89.2,41.5,1,0,2,1,3,90.8,2,Yes,7.76,80.9,Excellent,Not Placed
STU101297,23,Male,BBA,4,95.7,1.6,71.5,81.1,0,7.6,5.5,44.4,76.1,2,0,4,1,6,90.4,2,No,8.39,82.2,Excellent,Not Placed
STU101298,18,Male,BSc Computer Science,4,56.2,4.5,69.3,70.5,0,6.1,,65.2,67.2,1,0,4,1,2,85.5,2,Yes,7.09,70.4,Good,Not Placed
STU101299,24,Female,BSc Computer Science,3,84.4,2.6,66.4,50.6,0,7.4,5.4,94.5,66.4,2,0,1,0,3,64.5,0,Yes,6.94,69.8,Good,Not Placed
STU101300,24,Female,BCA,2,86.4,1.6,100.0,65.7,0,9.3,6.3,56.7,60.5,3,0,1,1,0,86.0,3,No,8.44,85.0,Excellent,Not Placed
STU101301,24,Male,BCA,3,87.7,2.5,92.0,70.9,0,4.3,2.9,49.6,53.6,2,1,1,0,2,67.2,1,No,7.49,73.4,Good,Not Placed
STU101302,18,Male,BSc Computer Science,3,64.2,4.6,99.8,63.8,0,5.0,9.2,68.5,59.6,0,1,5,0,4,92.4,2,Yes,7.68,76.8,Good,Not Placed
STU101303,18,Male,BSc Data Science,3,75.1,4.5,85.9,56.7,0,6.5,6.2,82.2,84.3,1,1,6,0,1,83.0,1,No,7.34,72.4,Good,Not Placed
STU101304,18,Female,BSc Computer Science,2,74.6,5.0,72.9,82.2,0,3.5,6.5,63.0,85.5,2,1,2,0,0,63.4,0,Yes,8.57,87.5,Excellent,Placed
STU101305,18,Female,BCA,4,80.9,3.1,89.4,69.8,0,7.0,7.1,66.1,79.6,3,0,0,0,0,70.0,2,Yes,8.41,83.1,Excellent,Not Placed
STU101306,24,Male,BTech CSE,3,66.7,6.5,100.0,93.7,0,9.5,7.9,69.4,55.1,1,0,1,1,1,83.0,1,No,9.51,96.4,Excellent,Not Placed
STU101307,24,Male,BTech CSE,4,81.8,5.1,87.8,70.0,0,6.3,5.0,63.8,46.3,2,1,3,0,1,77.4,1,No,8.25,86.4,Excellent,Not Placed
STU101308,19,Female,BCA,2,69.2,1.7,80.8,74.1,1,3.6,4.7,76.1,93.9,3,1,2,0,1,75.1,0,Yes,5.91,56.0,Average,Not Placed
STU101309,23,Male,BSc Computer Science,2,75.0,4.7,85.0,64.9,0,7.9,8.8,49.5,38.9,1,1,2,4,1,87.8,3,No,8.13,82.7,Excellent,Not Placed
STU101310,22,Male,BTech CSE,2,91.5,3.5,94.3,90.1,1,9.5,6.1,51.0,61.5,2,1,0,3,1,89.7,2,No,9.92,99.8,Excellent,Not Placed
STU101311,20,Female,BSc Computer Science,4,86.4,3.3,81.8,68.4,0,1.6,7.5,73.2,67.7,2,0,2,1,0,53.1,1,No,7.22,73.6,Good,Not Placed
STU101312,24,Male,BSc Data Science,3,79.2,3.5,80.7,69.6,0,7.5,6.2,60.1,100.0,2,0,1,0,2,77.1,0,Yes,8.64,84.8,Excellent,Placed
STU101313,20,Male,BSc Computer Science,4,64.1,2.5,74.5,60.6,2,7.7,8.0,82.9,65.2,2,1,2,0,1,74.4,1,No,6.49,65.3,Good,Not Placed
STU101314,23,Female,BCA,4,81.3,5.0,85.9,76.6,0,7.4,6.2,62.2,76.1,5,1,1,0,3,84.2,1,No,8.72,85.5,Excellent,Not Placed
STU101315,23,Female,BSc Data Science,3,82.0,2.6,68.0,68.0,0,6.9,7.3,75.3,73.7,2,3,5,2,1,82.3,1,Yes,7.21,72.2,Good,Placed
STU101316,20,Female,BCA,3,57.0,2.7,77.8,60.4,0,6.7,7.8,76.1,86.1,3,2,3,0,1,89.8,4,No,6.52,63.0,Average,Placed
STU101317,24,Female,BSc Computer Science,4,81.5,4.6,80.6,71.4,2,6.0,7.3,61.8,80.0,4,1,4,1,1,86.0,3,Yes,7.36,71.1,Good,Placed
STU101318,20,Female,BCA,3,67.2,6.8,70.3,80.7,1,9.2,7.5,67.3,75.0,0,0,1,1,0,87.0,2,Yes,8.59,89.4,Excellent,Not Placed
STU101319,19,Female,BBA,3,63.2,2.8,81.8,91.8,0,6.7,6.8,69.1,71.0,0,4,2,0,0,65.5,3,Yes,8.03,76.6,Good,Not Placed
STU101320,21,Male,BSc Data Science,3,66.8,1.6,92.5,74.8,1,10.0,4.6,54.0,77.2,5,0,0,1,1,86.2,0,No,8.37,85.2,Excellent,Not Placed
STU101321,24,Female,BCA,4,56.4,5.2,98.0,65.4,0,8.2,4.3,82.9,59.9,2,1,1,0,2,74.4,1,Yes,8.45,82.4,Excellent,Placed
STU101322,24,Other,BSc Computer Science,3,73.9,3.8,79.4,77.5,0,6.7,4.9,61.7,20.0,2,1,0,0,1,75.1,2,Yes,7.61,74.3,Good,Not Placed
STU101323,22,Male,BCA,4,67.9,4.3,77.0,70.3,1,4.8,5.7,55.4,54.2,4,2,4,0,3,82.6,1,Yes,8.26,85.6,Excellent,Placed
STU101324,18,Male,BSc Computer Science,2,89.4,3.6,79.1,72.7,0,7.5,8.3,70.0,73.7,4,0,0,0,4,77.8,3,Yes,7.04,73.5,Good,Not Placed
STU101325,21,Male,BSc Data Science,3,74.4,4.4,88.9,72.0,1,5.0,3.5,86.5,54.5,2,0,4,0,3,66.0,1,No,7.91,77.3,Good,Not Placed
STU101326,23,Male,BCA,2,70.8,4.0,75.1,77.5,0,5.3,7.6,66.8,63.9,3,0,0,1,1,77.5,1,Yes,7.93,80.0,Good,Not Placed
STU101327,24,Male,BCA,2,62.1,2.7,75.1,79.1,2,5.8,5.8,65.8,61.2,2,1,2,2,1,79.0,1,Yes,7.62,73.6,Good,Not Placed
STU101328,20,Female,BSc Data Science,4,73.7,4.6,85.0,71.4,0,4.2,7.6,70.4,59.4,2,0,1,0,3,64.7,0,No,6.52,65.9,Good,Not Placed
STU101329,21,Female,BCA,4,91.5,4.3,87.7,100.0,0,9.7,9.3,64.7,76.0,2,3,2,1,3,100.0,4,Yes,9.39,94.3,Excellent,Placed
STU101330,22,Male,BTech CSE,4,93.5,2.9,84.2,83.0,0,4.3,7.1,56.4,68.4,2,0,1,1,1,67.3,2,Yes,8.37,85.0,Excellent,Not Placed
STU101331,23,Male,BSc Computer Science,4,74.4,3.2,83.4,47.0,0,7.0,8.3,69.8,65.1,2,0,0,1,2,81.0,2,Yes,7.09,71.3,Good,Not Placed
STU101332,18,Male,BSc Computer Science,2,77.3,2.3,76.7,67.8,1,5.1,5.7,64.5,28.4,2,1,0,0,0,74.4,3,Yes,6.95,71.6,Good,Not Placed
STU101333,18,Female,BSc Computer Science,2,85.0,4.2,82.2,71.8,1,3.9,5.9,48.7,38.0,3,0,5,2,4,83.0,4,No,7.79,79.1,Good,Not Placed
STU101334,22,Male,BSc Computer Science,3,67.7,4.2,55.8,79.3,0,6.1,8.6,64.6,73.9,2,2,5,0,1,87.9,4,No,7.44,76.4,Good,Not Placed
STU101335,22,Male,BBA,4,81.7,3.4,99.0,94.0,1,6.2,10.0,63.9,48.7,2,1,2,0,2,71.7,2,Yes,8.26,82.2,Excellent,Not Placed
STU101336,20,Male,BCA,2,100.0,1.8,83.8,63.4,0,9.2,8.1,65.3,75.8,1,0,0,3,0,80.0,2,Yes,8.1,81.0,Excellent,Not Placed
STU101337,24,Male,BCA,4,85.7,0.5,100.0,85.8,0,7.2,3.9,51.2,56.3,4,0,1,1,1,72.7,2,Yes,8.95,87.5,Excellent,Not Placed
STU101338,18,Male,BCA,3,85.3,3.2,96.2,74.4,0,6.9,5.1,76.6,55.8,1,3,3,1,3,83.8,4,Yes,8.38,82.4,Excellent,Placed
STU101339,23,Female,BCA,4,91.4,3.9,73.0,75.9,1,7.9,6.2,84.0,38.5,1,1,0,1,4,74.7,2,No,7.93,81.4,Excellent,Not Placed
STU101340,21,Female,BCA,3,87.0,4.5,,86.3,1,6.0,7.5,67.1,62.8,3,1,2,1,2,79.7,1,Yes,7.87,77.0,Good,Not Placed
STU101341,23,Female,BTech CSE,3,75.5,5.2,69.9,52.0,0,5.4,5.8,63.9,33.3,3,2,1,0,0,75.4,3,Yes,8.17,82.9,Excellent,Not Placed
STU101342,19,Male,BSc Data Science,4,,3.0,74.6,78.4,0,5.3,7.8,71.8,47.8,0,0,2,0,2,76.6,3,Yes,6.73,69.8,Good,Not Placed
STU101343,19,Female,BBA,4,76.7,1.1,64.8,91.8,1,5.2,5.1,71.6,57.2,2,3,3,0,1,74.1,0,Yes,7.51,72.9,Good,Not Placed
STU101344,22,Female,BCA,2,68.3,2.7,71.8,59.3,0,7.0,8.4,58.9,74.2,1,2,0,0,1,88.4,3,Yes,6.51,65.1,Good,Not Placed
STU101345,20,Male,BSc Data Science,4,75.2,6.8,70.6,72.0,0,3.9,7.1,77.0,68.7,3,2,3,0,1,72.6,1,No,8.55,86.1,Excellent,Not Placed
STU101346,19,Female,BBA,4,69.3,6.0,91.7,80.1,0,6.1,7.9,58.7,63.4,1,0,2,0,1,76.7,0,No,9.46,93.9,Excellent,Not Placed
STU101347,18,Male,BTech CSE,2,74.1,4.1,64.2,48.5,0,8.9,3.8,51.7,77.0,1,0,2,2,5,76.8,1,No,6.75,69.6,Good,Not Placed
STU101348,23,Female,BSc Computer Science,2,63.1,2.9,100.0,76.0,1,7.1,7.3,64.9,54.7,2,1,0,0,2,72.1,3,No,8.33,83.4,Excellent,Not Placed
STU101349,23,Male,BSc Computer Science,3,71.1,3.4,78.5,68.9,3,6.3,5.6,70.7,69.2,0,0,1,0,1,74.3,2,No,6.48,66.7,Good,Not Placed
STU101350,22,Other,BTech CSE,3,82.1,6.1,96.8,88.8,0,5.6,6.8,64.7,47.8,2,0,2,0,0,79.4,1,Yes,8.93,86.5,Excellent,Placed
STU101351,24,Male,BSc Computer Science,4,84.6,3.8,71.4,63.1,1,5.0,6.1,77.9,62.1,4,0,0,0,4,79.6,0,Yes,6.11,61.9,Average,Placed
STU101352,24,Female,BCA,2,82.4,2.9,90.6,71.5,1,8.8,5.6,66.9,51.8,0,2,6,1,3,87.9,1,Yes,7.61,77.8,Good,Not Placed
STU101353,21,Female,BTech CSE,3,74.2,5.5,65.8,62.3,1,6.7,6.7,85.8,67.1,2,2,1,1,0,81.7,1,Yes,7.96,77.2,Good,Placed
STU101354,22,Female,BSc Computer Science,3,79.2,0.6,65.8,70.6,0,5.6,7.8,80.5,71.6,2,0,1,4,0,82.9,3,No,8.04,78.2,Good,Not Placed
STU101355,21,Male,BCA,2,97.4,2.0,94.0,63.4,1,6.0,9.0,45.8,74.4,1,0,1,2,2,76.0,2,No,7.38,73.1,Good,Not Placed
STU101356,24,Male,BSc Computer Science,3,70.8,2.3,80.7,67.4,1,4.9,6.0,61.6,56.1,2,3,0,0,1,69.6,2,No,5.68,60.4,Average,Not Placed
STU101357,22,Female,BSc Data Science,2,94.0,5.0,79.8,58.2,0,6.7,8.5,56.5,74.3,1,0,0,1,0,87.9,2,Yes,7.97,81.0,Excellent,Not Placed
STU101358,22,Male,BTech CSE,2,63.6,2.7,71.0,63.6,0,6.7,8.8,75.6,68.3,0,3,2,1,1,81.6,2,Yes,5.28,53.9,Average,Not Placed
STU101359,22,Male,BCA,3,60.9,0.8,,63.0,0,7.6,5.2,78.1,58.1,1,1,2,4,3,76.7,3,Yes,7.48,75.6,Good,Placed
STU101360,24,Female,BTech CSE,4,76.5,2.5,64.4,66.5,0,3.8,7.2,77.4,60.0,3,0,5,2,2,89.8,3,Yes,7.32,71.3,Good,Placed
STU101361,21,Female,BSc Computer Science,2,77.6,2.8,76.2,70.6,0,6.7,8.1,49.1,76.3,1,0,0,0,2,85.0,4,Yes,7.58,73.0,Good,Not Placed
STU101362,21,Male,BSc Data Science,3,66.7,3.4,84.8,37.1,0,7.5,6.4,64.4,68.7,2,0,3,0,1,86.6,1,Yes,6.68,64.9,Average,Not Placed
STU101363,22,Male,BCA,3,74.7,3.7,82.9,73.7,0,6.2,6.7,82.0,57.8,2,1,3,1,2,98.4,2,No,7.59,73.6,Good,Not Placed
STU101364,19,Male,BTech CSE,3,82.0,5.0,83.0,86.9,0,8.9,7.7,73.1,87.4,4,0,1,1,0,86.3,4,No,8.12,81.4,Excellent,Not Placed
STU101365,20,Female,BBA,3,68.3,3.0,59.4,81.0,2,7.7,6.8,34.0,35.1,4,0,3,0,3,93.3,1,Yes,6.77,70.4,Good,Not Placed
STU101366,24,Female,BSc Data Science,4,88.2,2.6,84.2,61.6,1,8.5,6.7,93.8,52.8,3,0,4,0,1,96.3,2,Yes,8.71,84.7,Excellent,Not Placed
STU101367,20,Female,BCA,2,89.3,3.6,78.5,84.3,0,4.6,5.8,68.4,50.7,3,1,2,1,1,81.8,1,Yes,8.23,83.3,Excellent,Not Placed
STU101368,20,Female,BSc Computer Science,4,90.5,3.9,73.4,62.3,1,3.2,5.9,73.5,46.5,1,1,0,1,1,59.5,1,Yes,6.62,65.2,Good,Not Placed
STU101369,21,Male,BTech CSE,2,,2.6,68.4,75.5,2,7.0,5.8,68.0,57.0,1,1,0,1,1,72.5,5,Yes,7.58,74.2,Good,Not Placed
STU101370,21,Male,BCA,4,70.2,0.9,89.3,43.0,0,2.8,6.2,60.5,90.3,1,1,2,0,1,68.2,2,No,5.33,54.4,Average,Not Placed
STU101371,19,Male,BSc Computer Science,4,76.3,2.8,58.6,79.3,0,5.4,6.7,43.1,47.6,1,1,2,0,2,76.5,0,Yes,7.25,70.3,Good,Not Placed
STU101372,20,Male,BSc Computer Science,3,75.3,4.7,68.4,72.1,0,6.4,5.9,61.5,70.5,1,1,0,0,0,73.7,3,Yes,7.07,72.2,Good,Not Placed
STU101373,20,Female,BSc Data Science,2,74.7,3.4,83.6,73.7,0,7.8,5.4,74.6,68.5,2,1,1,1,1,83.8,1,Yes,7.23,74.5,Good,Placed
STU101374,22,Female,BSc Data Science,3,85.6,5.4,76.3,72.2,0,6.7,5.4,65.2,85.2,2,0,0,0,2,71.9,1,No,8.42,81.7,Excellent,Not Placed
STU101375,21,Male,BCA,3,84.1,4.3,86.2,94.4,0,9.1,6.8,73.2,73.8,2,0,1,1,1,74.4,2,No,9.37,93.3,Excellent,Placed
STU101376,20,Male,BTech CSE,4,69.3,2.7,83.1,82.5,0,5.2,4.4,60.8,78.3,1,1,2,2,0,63.5,2,Yes,8.28,82.4,Excellent,Placed
STU101377,23,Female,BSc Computer Science,3,66.6,5.7,74.5,80.6,0,4.9,8.2,64.4,94.0,5,0,2,0,3,79.7,1,No,8.33,85.1,Excellent,Not Placed
STU101378,19,Female,BSc Computer Science,3,65.6,2.2,63.4,78.7,0,10.0,8.8,74.1,53.6,1,0,0,1,2,91.6,0,Yes,7.33,73.0,Good,Not Placed
STU101379,23,Male,BSc Data Science,4,69.2,1.0,90.3,96.1,1,6.2,8.8,65.4,63.4,1,0,5,1,2,84.1,1,Yes,7.55,75.1,Good,Placed
STU101380,23,Female,BSc Data Science,4,86.5,4.0,80.1,69.0,0,6.7,6.3,62.1,54.2,2,1,3,1,3,83.3,1,Yes,7.78,78.7,Good,Not Placed
STU101381,24,Female,BTech CSE,3,79.4,2.3,67.5,55.3,0,5.5,5.9,76.4,33.6,2,1,2,0,0,75.5,2,Yes,6.24,62.0,Average,Not Placed
STU101382,24,Male,BSc Data Science,4,87.3,3.4,58.9,92.6,2,4.9,5.9,66.8,39.6,5,2,1,3,2,65.7,7,Yes,7.16,69.0,Good,Not Placed
STU101383,19,Female,BSc Computer Science,3,61.0,1.9,85.7,66.3,0,6.2,5.2,56.0,64.4,0,2,3,1,0,50.4,3,No,6.71,63.6,Average,Not Placed
STU101384,23,Male,BSc Computer Science,3,80.7,3.5,75.0,77.9,2,8.4,7.9,65.9,48.5,5,2,0,0,1,90.5,2,Yes,8.05,80.6,Excellent,Not Placed
STU101385,20,Female,BSc Data Science,3,80.6,4.2,69.4,78.3,1,6.1,3.7,62.4,52.9,0,0,2,2,1,76.3,4,Yes,8.34,82.4,Excellent,Not Placed
STU101386,21,Other,BCA,4,90.0,4.4,95.0,63.2,0,2.0,6.0,54.6,83.0,1,1,0,0,0,51.1,1,Yes,7.26,73.8,Good,Not Placed
STU101387,19,Female,BCA,3,73.9,1.8,61.4,55.0,1,4.5,5.9,95.7,70.3,5,3,2,0,0,78.7,1,Yes,5.58,54.3,Average,Not Placed
STU101388,22,Female,BCA,3,73.2,1.5,,84.8,1,9.9,6.1,58.5,84.9,0,1,1,1,0,87.2,2,Yes,8.22,80.8,Excellent,Not Placed
STU101389,23,Male,BTech CSE,3,93.1,4.1,90.0,87.2,1,1.9,5.9,71.7,73.4,3,0,4,1,2,74.4,2,Yes,8.58,86.7,Excellent,Not Placed
STU101390,19,Female,BCA,3,76.3,2.9,87.4,79.6,0,5.2,7.0,64.5,69.7,1,2,2,0,4,83.1,3,Yes,7.95,77.8,Good,Not Placed
STU101391,18,Female,BCA,3,79.8,2.7,67.7,76.8,0,7.3,7.8,84.9,84.4,1,0,2,0,0,82.9,0,Yes,8.6,88.5,Excellent,Placed
STU101392,18,Female,BTech CSE,4,82.8,3.3,96.5,55.2,0,7.3,7.3,85.9,64.0,1,0,3,0,3,92.1,1,No,9.15,89.1,Excellent,Placed
STU101393,24,Female,BCA,3,61.3,3.2,97.6,68.0,0,7.4,5.2,74.9,71.0,0,0,3,0,0,81.8,1,Yes,7.4,74.5,Good,Not Placed
STU101394,21,Female,BSc Computer Science,2,78.4,4.1,93.3,86.6,0,8.1,4.0,79.0,57.2,1,0,3,0,0,82.1,4,Yes,9.37,92.2,Excellent,Placed
STU101395,20,Female,BSc Data Science,4,65.5,4.2,72.5,62.6,0,6.1,9.6,45.2,65.1,3,4,1,0,0,85.5,2,Yes,6.74,66.9,Good,Not Placed
STU101396,21,Male,BCA,4,77.1,5.0,79.5,73.6,1,4.7,8.3,85.1,58.1,2,1,3,0,1,81.3,2,Yes,8.45,82.1,Excellent,Not Placed
STU101397,21,Female,BSc Data Science,3,75.1,3.1,95.8,77.5,0,6.1,9.8,77.7,69.7,5,0,6,0,3,100.0,1,Yes,8.12,82.4,Excellent,Placed
STU101398,21,Female,BCA,2,72.9,5.0,86.9,78.2,0,8.6,7.5,58.5,43.7,1,0,0,2,1,82.7,1,Yes,8.94,90.2,Excellent,Not Placed
STU101399,21,Female,BTech CSE,4,84.3,4.4,75.0,59.7,2,3.5,9.1,59.5,59.9,2,0,2,1,4,71.2,3,No,6.85,68.9,Good,Not Placed
STU101400,22,Female,BSc Computer Science,4,79.0,4.8,79.7,70.6,0,5.7,3.9,65.8,76.5,2,0,4,1,1,73.2,0,Yes,6.94,68.4,Good,Not Placed
STU101401,22,Male,BCA,2,67.4,1.8,65.2,82.2,1,6.5,4.7,97.7,45.4,3,1,1,0,1,71.4,2,No,7.34,70.6,Good,Not Placed
STU101402,24,Male,BCA,2,67.1,3.3,94.6,94.3,0,5.3,5.8,64.2,73.0,4,0,2,0,1,66.6,5,No,8.48,84.9,Excellent,Not Placed
STU101403,19,Female,BSc Data Science,3,86.4,6.3,80.9,69.4,1,5.6,7.0,58.1,80.9,4,0,2,0,1,85.2,2,Yes,7.63,75.3,Good,Not Placed
STU101404,18,Female,BCA,3,77.6,1.4,100.0,76.9,0,7.2,5.7,58.2,88.0,1,0,3,2,1,88.3,1,Yes,7.82,78.8,Good,Not Placed
STU101405,21,Male,BCA,2,63.8,6.2,61.9,58.1,1,6.7,8.4,41.2,44.7,1,2,1,0,1,76.6,4,Yes,7.27,71.9,Good,Not Placed
STU101406,24,Female,BSc Computer Science,3,73.8,6.1,71.3,69.1,2,8.2,8.3,78.4,56.5,0,2,2,0,0,80.3,1,No,8.44,81.3,Excellent,Placed
STU101407,19,Male,BTech CSE,3,76.4,4.6,81.4,66.0,1,7.5,8.3,78.8,76.6,1,1,1,0,0,87.3,1,Yes,7.02,71.6,Good,Not Placed
STU101408,18,Female,BSc Data Science,4,65.7,1.5,100.0,95.3,1,8.4,7.9,27.1,55.6,2,1,2,1,0,96.6,2,Yes,8.83,87.8,Excellent,Not Placed
STU101409,23,Male,BTech CSE,3,71.6,3.2,82.9,80.8,0,5.3,7.3,88.6,53.6,3,1,1,1,2,81.0,3,No,7.0,69.7,Good,Not Placed
STU101410,20,Male,BTech CSE,3,87.2,4.7,73.6,73.1,2,10.0,9.4,65.4,64.3,0,0,1,1,2,83.0,1,Yes,8.35,81.6,Excellent,Not Placed
STU101411,22,Male,BCA,4,100.0,1.5,82.2,49.2,1,3.5,9.7,59.1,58.6,3,0,2,4,1,81.4,3,No,6.22,67.4,Good,Not Placed
STU101412,23,Male,BTech CSE,3,81.0,4.5,74.6,75.7,2,7.9,6.4,45.9,72.0,0,0,5,0,1,92.9,1,Yes,7.97,80.6,Excellent,Not Placed
STU101413,18,Male,BTech CSE,3,64.5,3.7,92.4,75.8,2,4.7,5.4,49.8,52.6,3,1,1,0,0,72.6,0,Yes,7.84,78.1,Good,Not Placed
STU101414,23,Male,BSc Data Science,4,75.8,2.6,91.5,69.3,1,3.5,8.7,73.7,59.5,2,1,2,1,1,73.8,2,Yes,7.7,78.5,Good,Not Placed
STU101415,20,Male,BBA,3,79.2,1.8,99.7,72.6,0,9.5,9.8,80.9,65.0,5,1,3,0,1,100.0,1,Yes,8.39,87.3,Excellent,Placed
STU101416,24,Female,BCA,4,85.9,5.7,63.9,93.6,2,5.8,10.0,53.1,60.3,2,2,2,0,2,91.5,2,Yes,8.62,85.4,Excellent,Not Placed
STU101417,18,Female,BCA,2,86.1,4.7,62.1,83.4,2,4.2,7.8,41.9,50.7,3,0,3,0,2,86.7,0,No,7.73,76.8,Good,Not Placed
STU101418,23,Male,BTech CSE,2,91.6,3.3,79.4,61.4,0,5.8,6.5,64.5,43.1,4,0,2,0,0,82.6,1,No,7.93,81.1,Excellent,Placed
STU101419,22,Other,BSc Data Science,4,78.0,3.6,91.0,95.4,0,5.3,5.0,53.5,72.0,3,3,3,1,1,70.4,3,No,8.12,80.8,Excellent,Not Placed
STU101420,22,Male,BSc Data Science,3,78.2,3.1,93.3,62.5,0,6.2,6.7,69.1,57.5,2,1,1,1,0,67.8,0,No,6.77,70.9,Good,Not Placed
STU101421,19,Female,BCA,4,59.1,0.8,84.6,91.4,1,5.9,5.3,81.1,66.1,2,0,5,1,1,73.3,3,Yes,6.75,66.8,Good,Placed
STU101422,23,Female,BTech CSE,2,67.9,5.4,91.0,63.3,1,4.1,5.1,53.7,44.2,1,1,3,2,2,62.3,0,No,7.17,73.6,Good,Not Placed
STU101423,21,Male,BTech CSE,2,64.4,3.8,98.7,70.2,0,6.6,8.3,74.2,78.2,2,2,3,0,3,89.4,3,No,7.7,77.8,Good,Not Placed
STU101424,23,Male,BSc Computer Science,4,69.6,4.9,73.3,46.7,0,6.5,6.0,84.1,64.0,2,0,1,1,3,69.1,1,No,7.3,74.3,Good,Not Placed
STU101425,24,Male,BBA,3,66.5,2.8,98.1,78.3,1,9.4,6.8,70.3,57.3,2,0,3,1,1,76.9,3,No,8.28,81.6,Excellent,Placed
STU101426,18,Male,BSc Data Science,3,67.2,3.6,98.5,48.4,1,9.1,9.3,74.6,91.0,2,0,4,0,0,96.1,2,No,8.45,84.2,Excellent,Placed
STU101427,18,Female,BCA,2,88.9,4.0,75.9,74.5,0,6.5,3.5,57.5,54.0,1,0,3,0,2,74.3,3,No,8.18,82.6,Excellent,Not Placed
STU101428,24,Male,BTech CSE,3,58.8,5.0,71.6,66.8,0,7.3,5.3,86.2,71.4,4,0,1,0,1,81.9,2,Yes,7.48,73.0,Good,Not Placed
STU101429,23,Male,BTech CSE,4,76.0,6.2,90.3,66.9,0,4.6,8.1,74.7,69.2,2,0,3,1,1,73.8,1,Yes,8.4,85.0,Excellent,Not Placed
STU101430,24,Male,BCA,4,86.6,3.0,100.0,76.7,0,7.7,6.0,53.9,55.2,0,1,4,0,1,78.2,2,Yes,7.58,75.8,Good,Not Placed
STU101431,20,Male,BCA,3,75.0,3.0,72.7,81.8,1,10.0,6.0,93.0,63.5,1,0,2,1,1,95.8,4,Yes,8.36,83.4,Excellent,Placed
STU101432,24,Female,BTech CSE,3,91.3,3.1,100.0,87.7,0,4.4,7.3,36.6,67.1,4,1,2,1,2,70.0,0,Yes,8.09,77.2,Good,Not Placed
STU101433,22,Male,BBA,3,72.0,2.6,71.4,58.0,0,5.4,6.5,83.5,72.4,3,1,1,0,1,73.6,2,Yes,6.3,62.6,Average,Not Placed
STU101434,24,Female,BSc Computer Science,3,95.5,7.5,79.6,68.3,0,6.9,3.6,51.1,63.6,2,1,1,1,1,68.0,2,No,8.3,84.8,Excellent,Not Placed
STU101435,18,Male,BCA,4,62.3,1.0,69.6,71.4,1,6.8,5.8,68.7,67.0,1,0,3,0,1,75.1,3,No,7.34,70.1,Good,Not Placed
STU101436,22,Male,BBA,2,91.3,7.5,86.7,79.2,0,6.7,4.4,84.9,69.5,0,3,5,0,1,86.5,1,Yes,9.23,91.7,Excellent,Placed
STU101437,18,Female,BTech CSE,2,69.1,4.5,83.5,79.0,1,5.3,8.2,49.0,28.6,1,0,3,0,1,56.4,4,Yes,7.67,76.5,Good,Not Placed
STU101438,19,Male,BSc Computer Science,4,92.4,3.4,82.5,61.9,0,4.0,4.6,73.2,57.6,1,1,2,0,2,69.9,3,No,7.83,77.2,Good,Not Placed
STU101439,21,Female,BTech CSE,2,73.3,2.2,75.1,86.4,1,5.0,4.6,40.3,66.8,2,2,2,1,1,69.3,1,Yes,7.86,77.1,Good,Placed
STU101440,18,Female,BTech CSE,2,89.0,3.4,77.3,76.9,1,8.0,4.8,64.0,25.6,0,2,1,1,1,62.1,1,No,8.31,82.0,Excellent,Not Placed
STU101441,22,Male,BBA,3,90.7,2.7,81.3,93.5,0,,,88.1,66.8,1,0,4,0,2,96.5,2,No,9.44,94.6,Excellent,Placed
STU101442,19,Male,BTech CSE,4,72.2,5.6,79.1,75.8,0,7.5,5.8,65.1,96.6,1,0,1,2,2,61.8,3,Yes,8.64,82.3,Excellent,Not Placed
STU101443,18,Male,BSc Computer Science,3,88.2,4.4,81.5,48.0,2,5.9,8.9,81.0,77.0,0,1,1,1,1,76.4,1,Yes,7.73,77.6,Good,Not Placed
STU101444,20,Male,BSc Computer Science,3,77.7,6.0,65.5,62.1,0,8.0,8.2,79.4,52.2,3,0,0,0,1,78.2,2,Yes,8.28,83.7,Excellent,Placed
STU101445,24,Male,BSc Computer Science,4,63.4,3.1,58.3,70.1,0,4.1,8.6,49.9,100.0,2,0,3,1,3,83.4,2,Yes,6.83,68.2,Good,Not Placed
STU101446,21,Male,BSc Computer Science,4,83.1,3.7,85.8,61.9,1,6.4,6.2,47.2,42.1,1,2,4,0,1,83.7,6,Yes,8.32,80.1,Excellent,Not Placed
STU101447,18,Male,BTech CSE,4,67.8,3.4,86.2,61.4,1,5.4,4.8,77.1,56.1,0,2,0,0,3,69.1,2,Yes,7.81,75.7,Good,Not Placed
STU101448,19,Female,BBA,2,71.5,2.9,84.6,94.9,1,6.0,6.3,73.9,86.1,4,1,1,2,0,82.1,1,No,8.04,80.0,Good,Not Placed
STU101449,20,Female,BSc Computer Science,2,69.1,2.0,87.8,57.0,0,5.5,2.2,54.7,65.3,2,0,2,1,1,67.2,1,Yes,7.13,70.5,Good,Not Placed
STU101450,23,Female,BSc Computer Science,3,81.8,4.6,,65.6,0,4.5,7.7,63.5,77.4,4,1,1,1,0,73.3,2,Yes,8.33,84.3,Excellent,Not Placed
STU101451,19,Male,BSc Data Science,2,68.1,4.0,78.1,72.8,1,9.6,7.2,71.2,81.3,1,2,1,1,2,84.7,1,No,8.41,86.7,Excellent,Placed
STU101452,24,Male,BTech CSE,2,65.7,3.4,76.7,56.2,0,5.4,5.7,58.5,78.0,2,3,1,0,1,67.1,2,Yes,6.48,63.4,Average,Not Placed
STU101453,19,Female,BSc Computer Science,2,67.6,4.3,62.1,70.0,3,5.4,6.0,81.1,43.6,2,0,2,0,1,76.0,1,Yes,5.83,58.9,Average,Not Placed
STU101454,20,Female,BCA,3,70.9,2.9,88.3,43.6,2,6.4,8.6,67.9,53.0,1,0,4,0,3,94.6,4,No,5.9,60.3,Average,Not Placed
STU101455,19,Female,BSc Computer Science,3,83.0,3.5,90.6,65.4,1,6.9,7.6,65.2,61.4,2,2,3,0,0,74.2,4,Yes,6.26,66.0,Good,Not Placed
STU101456,20,Male,BCA,4,87.1,4.8,92.3,58.6,0,9.4,9.2,62.5,73.2,4,1,4,1,2,100.0,7,Yes,8.35,83.2,Excellent,Placed
STU101457,18,Female,BCA,2,86.9,5.0,78.6,68.3,1,6.8,5.4,74.6,64.8,2,0,3,1,0,85.1,7,No,7.86,78.6,Good,Not Placed
STU101458,20,Female,BTech CSE,3,77.7,5.8,74.1,71.3,0,7.5,4.8,66.4,49.1,3,0,1,3,2,75.6,2,No,8.58,87.8,Excellent,Not Placed
STU101459,20,Male,BCA,2,77.4,1.8,76.8,88.2,0,3.2,7.4,41.7,56.2,0,2,2,0,0,61.6,2,Yes,7.3,73.5,Good,Not Placed
STU101460,21,Male,BSc Data Science,3,76.2,2.1,76.3,64.7,1,7.0,8.1,93.3,78.2,2,2,2,0,4,80.9,2,No,6.19,60.7,Average,Not Placed
STU101461,20,Male,BCA,3,82.4,1.8,60.0,97.6,2,5.1,7.3,37.3,28.8,2,0,5,1,1,79.0,1,Yes,7.1,70.3,Good,Not Placed
STU101462,20,Male,BCA,3,89.2,2.5,85.3,74.5,2,5.2,6.1,87.5,63.4,4,0,3,1,0,72.3,3,Yes,7.19,73.7,Good,Placed
STU101463,23,Male,BTech CSE,4,76.5,3.0,91.3,60.7,2,4.4,10.0,55.8,80.0,3,1,4,1,0,92.9,1,No,6.1,60.1,Average,Not Placed
STU101464,18,Female,BSc Computer Science,4,83.3,4.2,84.4,73.6,0,5.9,10.0,60.0,83.2,2,1,1,1,1,86.2,2,No,7.21,72.1,Good,Placed
STU101465,24,Female,BTech CSE,3,65.6,5.2,82.2,86.8,1,7.2,5.6,94.2,35.3,1,1,6,0,1,84.3,2,Yes,8.39,83.7,Excellent,Not Placed
STU101466,21,Male,BSc Data Science,4,86.5,2.9,75.1,59.2,0,7.3,5.8,34.5,52.7,0,2,2,0,3,75.3,2,No,7.38,74.0,Good,Not Placed
STU101467,23,Male,BCA,3,80.2,4.4,90.4,95.3,1,6.9,5.6,66.5,92.5,2,3,1,1,3,79.3,5,Yes,8.3,82.3,Excellent,Placed
STU101468,22,Male,BSc Data Science,4,67.7,5.4,81.0,78.4,0,5.4,9.0,86.5,40.8,4,3,0,0,2,81.6,1,No,8.29,82.6,Excellent,Placed
STU101469,18,Female,BTech CSE,3,88.7,2.8,68.6,58.3,0,5.2,8.3,59.4,72.0,2,1,1,2,0,77.7,1,Yes,6.95,68.3,Good,Not Placed
STU101470,18,Male,BSc Computer Science,3,65.6,3.1,96.6,65.7,2,5.7,8.0,73.0,80.1,0,0,2,0,1,74.0,0,Yes,7.77,75.5,Good,Not Placed
STU101471,22,Other,BBA,4,55.3,3.6,89.1,67.0,1,6.7,6.5,84.0,76.3,4,2,3,0,3,79.6,1,Yes,7.39,75.3,Good,Not Placed
STU101472,24,Male,BSc Computer Science,2,86.5,1.0,100.0,85.3,0,3.7,8.2,66.3,73.4,2,2,3,0,1,71.9,1,No,6.39,63.2,Average,Not Placed
STU101473,20,Male,BSc Computer Science,3,81.9,4.3,94.8,57.8,0,6.0,7.4,87.3,65.0,2,0,3,3,1,85.0,6,Yes,8.18,79.3,Good,Not Placed
STU101474,23,Female,BTech CSE,4,65.9,1.7,75.1,90.5,1,5.8,6.5,67.5,68.0,1,2,3,1,0,78.9,4,Yes,7.01,71.0,Good,Not Placed
STU101475,19,Female,BBA,4,81.6,4.7,78.9,85.7,0,7.1,7.4,60.1,49.7,3,1,2,0,2,78.1,4,Yes,8.24,84.6,Excellent,Not Placed
STU101476,21,Male,BSc Data Science,2,89.7,2.9,93.1,92.0,1,10.0,9.4,74.4,66.6,1,0,2,1,0,98.3,0,No,9.35,93.4,Excellent,Not Placed
STU101477,19,Male,BCA,3,80.6,2.7,69.1,72.7,1,6.5,8.1,84.0,82.9,1,1,4,0,1,80.6,3,No,7.66,74.5,Good,Not Placed
STU101478,22,Other,BSc Computer Science,4,100.0,2.0,100.0,86.8,1,6.5,5.2,57.6,39.6,2,0,2,1,1,76.3,0,No,8.55,85.3,Excellent,Not Placed
STU101479,18,Male,BSc Computer Science,4,69.5,4.3,85.6,69.1,1,7.7,5.4,64.3,59.5,3,1,4,1,1,84.4,1,Yes,7.99,80.1,Excellent,Not Placed
STU101480,24,Female,BBA,3,55.6,4.3,91.1,84.3,0,6.1,8.0,51.7,52.3,3,0,2,1,5,76.0,3,No,7.93,81.3,Excellent,Not Placed
STU101481,18,Male,BSc Computer Science,4,63.9,2.8,85.6,73.1,1,7.3,5.7,62.6,82.3,1,0,5,2,3,78.7,3,Yes,7.94,77.7,Good,Not Placed
STU101482,21,Female,BCA,4,55.1,6.2,82.6,93.6,1,8.9,7.4,60.6,56.6,1,1,1,1,3,85.1,2,No,9.11,92.0,Excellent,Not Placed
STU101483,18,Female,BBA,2,99.4,3.6,78.8,75.2,0,6.0,5.8,71.6,100.0,3,0,1,0,1,76.5,3,Yes,8.09,80.5,Excellent,Placed
STU101484,18,Male,BTech CSE,4,78.0,3.5,80.4,61.9,1,9.2,8.1,42.6,90.9,1,1,0,0,4,75.8,4,Yes,7.74,76.7,Good,Not Placed
STU101485,21,Female,BCA,3,97.4,3.6,52.6,90.2,3,6.8,5.1,65.0,49.5,0,0,0,0,3,71.6,1,No,7.53,75.5,Good,Placed
STU101486,23,Male,BBA,3,74.5,2.5,88.2,74.5,0,7.9,7.3,78.7,46.9,3,0,0,0,1,86.9,2,Yes,7.46,72.4,Good,Not Placed
STU101487,23,Male,BSc Data Science,3,68.9,2.0,100.0,65.6,0,8.4,6.1,74.4,86.1,1,0,1,0,1,74.3,3,Yes,6.91,69.6,Good,Not Placed
STU101488,21,Female,BSc Data Science,3,60.7,2.9,72.9,65.0,1,8.9,6.7,79.5,61.8,0,1,1,2,6,79.4,2,Yes,7.06,70.1,Good,Placed
STU101489,24,Male,BBA,4,74.0,4.5,65.9,61.3,1,8.5,7.0,77.8,46.7,3,1,1,2,3,85.8,1,Yes,7.73,77.2,Good,Placed
STU101490,22,Female,BSc Computer Science,3,86.4,0.7,99.3,54.8,1,9.0,8.6,78.5,46.2,2,1,3,2,1,100.0,0,Yes,7.27,74.3,Good,Placed
STU101491,18,Male,BCA,4,75.8,1.3,86.2,66.9,1,6.8,6.7,53.5,84.0,0,1,2,0,4,78.4,2,Yes,7.55,73.3,Good,Not Placed
STU101492,24,Male,BSc Data Science,4,62.0,2.6,92.0,74.5,0,5.2,8.4,57.2,68.9,5,0,2,1,1,73.8,2,Yes,6.1,60.5,Average,Not Placed
STU101493,18,Male,BTech CSE,4,84.5,0.8,87.5,67.4,0,6.7,5.4,79.7,47.6,3,1,1,1,3,65.0,3,Yes,7.06,69.6,Good,Not Placed
STU101494,22,Male,BCA,3,86.4,1.4,71.8,35.0,0,4.6,4.2,39.1,65.2,1,1,2,0,0,70.9,1,No,6.13,59.6,Average,Not Placed
STU101495,23,Male,BSc Computer Science,2,72.7,4.7,92.0,53.6,1,5.9,7.5,42.7,64.0,2,1,1,2,0,79.8,3,No,6.53,65.1,Good,Not Placed
STU101496,24,Female,BTech CSE,3,71.4,2.8,76.6,83.3,1,,6.3,63.6,78.7,2,0,3,0,0,77.8,1,No,7.21,73.5,Good,Not Placed
STU101497,20,Female,BSc Data Science,4,60.9,2.2,72.9,70.6,1,3.8,5.1,67.1,51.1,0,0,2,0,2,73.6,1,Yes,6.68,66.5,Good,Not Placed
STU101498,20,Female,BTech CSE,2,84.3,3.7,89.0,51.5,1,8.2,5.2,59.7,53.3,2,0,1,0,1,81.3,3,Yes,7.67,77.7,Good,Not Placed
STU101499,20,Male,BTech CSE,4,73.4,3.7,83.9,67.7,0,8.9,5.4,41.8,56.9,3,0,5,0,0,97.4,2,Yes,7.89,76.2,Good,Not Placed
STU101500,23,Male,BSc Computer Science,4,51.2,5.2,86.5,73.5,1,5.2,7.3,83.8,71.6,1,3,2,0,1,64.0,1,No,7.03,70.7,Good,Not Placed
STU101501,23,Male,BSc Data Science,4,63.1,0.8,86.2,83.5,1,7.7,6.2,58.7,44.6,3,2,2,1,2,79.3,2,Yes,6.75,69.8,Good,Not Placed
STU101502,22,Male,BCA,3,83.6,2.1,91.1,63.8,1,10.0,4.5,47.6,77.9,1,1,0,1,2,83.7,4,No,8.37,82.6,Excellent,Not Placed
STU101503,18,Male,BSc Computer Science,3,74.6,2.6,96.3,79.6,0,8.6,5.9,30.1,58.9,2,1,1,1,1,87.3,1,Yes,8.96,90.6,Excellent,Not Placed
STU101504,22,Male,BTech CSE,4,66.6,4.1,84.3,71.7,1,4.7,5.6,79.8,82.0,3,1,0,2,1,75.3,2,Yes,7.7,77.3,Good,Not Placed
STU101505,22,Male,BSc Data Science,3,78.5,7.8,97.9,67.6,1,8.1,5.1,66.7,47.0,2,0,1,2,1,75.5,5,Yes,10.0,100.0,Excellent,Not Placed
STU101506,23,Female,BSc Data Science,4,69.6,4.4,94.4,82.5,1,6.2,8.4,55.5,61.6,2,1,2,0,1,75.3,2,Yes,7.77,78.2,Good,Placed
STU101507,20,Male,BSc Data Science,3,71.6,3.1,90.1,60.7,0,8.1,6.7,79.6,56.6,3,0,2,0,1,91.0,2,Yes,7.54,75.5,Good,Not Placed
STU101508,19,Male,BSc Computer Science,4,75.3,1.7,75.7,83.4,1,10.0,10.0,76.0,100.0,2,1,2,0,0,100.0,1,Yes,7.54,76.0,Good,Placed
STU101509,18,Male,BCA,4,94.9,1.5,92.8,58.3,0,6.4,8.0,70.0,66.2,4,1,1,2,1,67.6,0,Yes,7.25,74.0,Good,Not Placed
STU101510,23,Male,BTech CSE,2,94.8,4.9,86.7,65.1,0,9.0,8.1,67.8,47.7,3,2,4,0,4,100.0,1,Yes,9.73,95.7,Excellent,Placed
STU101511,20,Female,BSc Data Science,2,58.3,2.3,67.2,67.4,1,5.1,7.0,61.9,35.3,3,1,1,1,1,73.2,1,Yes,6.48,65.5,Good,Not Placed
STU101512,24,Male,BTech CSE,4,77.4,3.0,69.0,70.7,2,5.6,9.0,75.3,70.8,1,1,4,0,1,72.4,1,No,8.03,78.4,Good,Not Placed
STU101513,19,Male,BSc Computer Science,3,63.5,6.0,68.6,41.5,0,2.9,8.8,42.4,53.2,3,0,0,3,0,62.0,3,No,5.39,57.2,Average,Not Placed
STU101514,19,Male,BSc Computer Science,3,67.4,0.9,68.9,73.3,0,9.4,7.2,62.6,48.1,1,2,0,2,1,80.2,2,Yes,6.93,67.0,Good,Not Placed
STU101515,23,Male,BCA,3,59.4,3.9,69.9,50.1,1,3.5,2.4,47.1,75.5,2,0,3,2,1,66.1,5,Yes,5.46,51.3,Average,Not Placed
STU101516,21,Male,BTech CSE,2,69.3,2.1,91.2,74.0,0,4.5,3.6,71.8,62.5,1,1,4,1,0,69.2,2,Yes,6.98,70.2,Good,Not Placed
STU101517,18,Female,BCA,2,66.1,6.0,82.9,75.3,1,6.9,5.6,80.0,67.9,1,1,4,0,2,71.8,2,No,7.16,71.7,Good,Not Placed
STU101518,19,Female,BCA,4,88.3,2.1,91.7,83.7,0,10.0,7.2,68.6,66.1,2,1,0,1,1,78.5,2,Yes,8.63,84.2,Excellent,Not Placed
STU101519,23,Female,BSc Computer Science,3,69.6,4.5,69.7,56.0,2,3.1,4.5,64.7,61.4,2,1,3,0,2,69.2,3,Yes,6.8,66.2,Good,Not Placed
STU101520,23,Male,BTech CSE,3,58.5,0.8,65.0,74.8,2,7.2,7.5,46.7,84.5,0,0,1,2,3,76.5,2,Yes,6.25,59.2,Average,Not Placed
STU101521,20,Female,BCA,4,78.0,5.8,72.5,71.4,0,3.9,7.0,72.6,34.4,2,0,1,0,4,73.4,1,Yes,7.1,72.6,Good,Not Placed
STU101522,24,Female,BCA,2,76.2,4.9,89.6,65.2,2,9.5,6.6,79.7,37.8,5,0,2,1,0,89.3,1,No,8.47,84.6,Excellent,Not Placed
STU101523,21,Male,BTech CSE,3,75.4,2.7,90.2,59.1,0,6.8,6.9,66.2,55.7,2,1,2,1,1,80.1,4,Yes,6.96,73.7,Good,Not Placed
STU101524,18,Female,BTech CSE,4,84.1,4.1,79.5,73.0,0,9.3,3.0,59.5,70.2,0,0,1,0,1,79.4,2,Yes,9.41,91.6,Excellent,Placed
STU101525,22,Male,BCA,4,90.3,4.9,85.5,88.0,0,5.1,9.3,54.9,74.9,2,0,2,0,3,94.4,1,Yes,8.02,83.9,Excellent,Not Placed
STU101526,24,Male,BSc Computer Science,3,75.2,3.7,76.4,69.1,0,5.7,6.2,84.4,40.9,4,2,2,3,3,77.1,1,Yes,7.37,72.5,Good,Not Placed
STU101527,24,Female,BSc Data Science,4,80.7,2.9,74.0,87.0,0,4.8,7.1,94.0,83.9,1,1,1,1,2,77.6,2,No,8.28,79.3,Good,Placed
STU101528,20,Male,BSc Computer Science,4,75.5,3.4,86.4,85.8,1,9.1,7.0,67.1,99.4,1,1,1,0,2,84.0,2,Yes,8.91,86.2,Excellent,Not Placed
STU101529,19,Female,BTech CSE,2,83.1,3.7,89.3,46.3,0,9.1,5.8,67.0,70.5,5,2,2,1,0,86.7,0,Yes,7.08,69.6,Good,Placed
STU101530,19,Male,BCA,2,63.3,3.6,100.0,61.7,1,5.3,7.0,70.9,56.8,0,0,1,0,2,80.2,3,Yes,7.26,71.2,Good,Not Placed
STU101531,20,Female,BTech CSE,4,84.2,4.2,71.0,65.4,0,8.3,5.2,80.0,81.0,2,0,2,1,2,83.7,2,No,7.6,78.9,Good,Not Placed
STU101532,23,Female,BSc Computer Science,3,80.8,2.0,69.6,87.9,1,6.3,6.7,79.9,83.6,3,1,2,1,3,67.0,2,Yes,7.63,74.3,Good,Placed
STU101533,19,Female,BSc Computer Science,2,68.4,2.5,76.6,71.8,2,3.0,6.9,86.8,59.7,1,1,3,0,0,81.1,4,Yes,6.71,69.0,Good,Not Placed
STU101534,21,Male,BSc Computer Science,4,100.0,2.9,88.7,87.5,1,7.4,6.3,70.6,58.0,1,1,1,1,2,84.7,2,Yes,8.78,86.8,Excellent,Not Placed
STU101535,18,Male,BBA,3,64.4,4.2,100.0,70.4,0,8.0,6.9,99.2,64.4,4,1,1,2,0,92.4,3,No,8.79,88.1,Excellent,Placed
STU101536,24,Male,BCA,3,81.3,1.2,83.6,87.8,0,8.5,7.8,77.0,79.1,3,0,2,0,3,90.8,3,Yes,8.35,85.5,Excellent,Placed
STU101537,24,Male,BCA,2,68.4,3.7,72.5,77.4,1,6.6,8.6,66.8,81.3,1,2,3,2,1,89.8,4,Yes,7.91,80.2,Excellent,Not Placed
STU101538,21,Male,BCA,3,83.8,4.7,69.5,70.9,0,5.9,10.0,85.5,61.4,1,1,0,1,4,76.6,2,Yes,7.71,77.4,Good,Not Placed
STU101539,19,Female,BBA,3,98.0,3.6,75.6,86.1,1,5.6,7.8,100.0,78.8,3,1,3,1,2,91.2,2,Yes,7.9,79.8,Good,Placed
STU101540,24,Female,BTech CSE,2,85.8,3.6,84.5,65.9,1,8.1,6.3,59.5,56.3,3,1,0,0,2,66.9,1,Yes,8.35,82.6,Excellent,Placed
STU101541,22,Other,BSc Computer Science,3,76.8,3.0,89.8,96.2,1,7.3,5.0,63.7,98.0,2,0,2,1,3,81.6,1,No,7.81,78.3,Good,Not Placed
STU101542,18,Male,BCA,3,87.3,3.6,84.4,54.5,0,5.4,6.0,71.5,49.1,0,2,0,0,0,68.0,1,Yes,7.25,73.0,Good,Not Placed
STU101543,18,Male,BTech CSE,4,72.1,2.8,74.1,66.8,1,7.0,4.6,57.5,76.1,2,0,2,1,5,83.9,5,Yes,7.77,75.8,Good,Not Placed
STU101544,24,Male,BTech CSE,4,82.9,3.3,67.6,73.2,0,7.8,6.3,81.9,61.4,1,0,3,0,3,89.0,1,No,7.44,77.1,Good,Not Placed
STU101545,20,Female,BTech CSE,3,78.9,2.8,89.2,63.1,0,7.8,7.3,62.7,61.7,3,0,7,1,0,89.9,2,No,7.24,73.5,Good,Not Placed
STU101546,24,Female,BSc Data Science,4,65.8,3.2,75.9,76.7,1,6.5,7.4,61.4,60.4,0,1,2,0,2,74.5,2,Yes,7.83,75.4,Good,Placed
STU101547,20,Female,BCA,4,95.1,3.0,76.9,70.6,2,8.7,7.1,75.7,54.6,3,2,3,1,3,88.4,2,Yes,8.3,83.1,Excellent,Not Placed
STU101548,24,Female,BSc Computer Science,4,90.4,1.7,70.8,76.0,1,5.1,7.1,92.5,52.1,3,1,3,0,3,92.1,3,Yes,7.68,72.4,Good,Not Placed
STU101549,22,Female,BTech CSE,3,,1.2,64.9,61.3,1,6.6,7.3,52.3,48.8,4,0,0,1,0,72.5,1,No,6.09,61.4,Average,Not Placed
STU101550,23,Male,BCA,2,88.3,3.6,100.0,59.8,1,8.2,8.8,51.3,63.1,1,0,2,0,1,85.0,1,Yes,7.98,81.9,Excellent,Not Placed
STU101551,18,Male,BSc Computer Science,4,66.2,4.4,74.8,71.7,2,7.1,5.3,69.2,66.2,5,2,2,1,3,93.1,1,Yes,7.87,78.7,Good,Not Placed
STU101552,24,Female,BSc Data Science,2,82.6,5.8,60.4,80.7,0,6.7,5.7,47.4,56.6,3,1,2,0,0,85.0,4,Yes,8.83,87.3,Excellent,Placed
STU101553,22,Male,BTech CSE,2,78.5,5.1,83.8,94.1,1,5.2,9.3,59.2,30.8,2,0,2,1,2,78.5,1,Yes,8.89,88.2,Excellent,Not Placed
STU101554,20,Male,BSc Computer Science,3,94.8,4.9,80.4,50.1,1,4.2,5.7,65.9,65.5,2,1,1,0,2,61.6,3,Yes,7.29,69.6,Good,Not Placed
STU101555,20,Female,BCA,4,81.3,3.8,61.4,69.6,1,5.3,9.0,81.7,62.4,1,0,1,1,0,88.5,3,No,7.01,70.7,Good,Not Placed
STU101556,18,Other,BSc Computer Science,2,62.5,3.7,94.5,77.3,1,8.6,8.9,49.4,80.4,5,0,2,1,1,92.8,2,Yes,7.92,78.2,Good,Placed
STU101557,21,Female,BSc Data Science,3,88.2,2.3,89.3,76.4,1,5.3,5.9,64.7,63.0,1,0,2,1,4,74.3,4,No,7.93,77.0,Good,Not Placed
STU101558,24,Female,BCA,3,73.6,2.1,91.3,57.3,1,6.5,7.2,58.0,70.2,0,3,2,4,1,85.8,4,No,5.71,60.5,Average,Not Placed
STU101559,19,Female,BTech CSE,4,73.1,3.8,84.9,63.3,1,10.0,7.7,55.2,84.0,0,0,3,1,1,97.8,4,Yes,8.07,79.6,Good,Placed
STU101560,20,Male,BCA,3,78.3,2.2,67.7,71.8,0,8.3,9.8,70.4,96.7,4,1,2,1,3,88.7,2,No,7.39,72.6,Good,Not Placed
STU101561,23,Male,BSc Data Science,2,72.3,3.4,81.3,100.0,1,6.2,6.7,74.5,64.6,1,0,0,1,1,74.1,1,Yes,8.63,86.0,Excellent,Not Placed
STU101562,23,Female,BCA,3,95.9,0.5,76.7,83.3,1,6.1,6.7,66.2,44.9,1,1,3,0,1,80.7,2,No,7.05,71.7,Good,Not Placed
STU101563,20,Female,BCA,3,86.1,4.2,74.8,76.2,2,9.1,8.0,73.6,87.8,3,0,2,1,2,92.2,1,Yes,8.04,79.3,Good,Not Placed
STU101564,21,Male,BSc Data Science,2,66.6,1.9,100.0,39.7,1,5.9,5.6,52.6,20.0,1,1,3,0,3,79.5,3,Yes,5.73,62.7,Average,Not Placed
STU101565,21,Female,BCA,2,70.7,1.4,71.1,56.2,0,6.5,6.8,74.9,48.3,2,0,2,1,0,89.7,2,No,5.73,60.8,Average,Not Placed
STU101566,22,Male,BSc Computer Science,3,64.9,4.6,76.9,57.3,0,6.2,3.3,76.5,52.2,0,0,0,0,1,64.4,3,No,6.68,67.5,Good,Not Placed
STU101567,23,Male,BCA,3,87.7,4.9,82.4,76.3,1,9.5,10.0,76.9,77.0,0,0,3,1,3,94.6,1,No,9.54,92.5,Excellent,Not Placed
STU101568,22,Female,BTech CSE,4,77.3,3.4,86.3,70.4,1,6.5,9.4,38.6,62.5,2,0,1,0,0,79.8,4,No,7.81,80.3,Excellent,Not Placed
STU101569,23,Male,BCA,2,68.2,2.4,100.0,64.4,0,5.9,6.8,77.9,46.9,1,0,1,1,0,70.3,1,No,6.75,66.6,Good,Not Placed
STU101570,24,Male,BCA,3,93.7,4.6,80.2,76.0,0,7.7,5.3,74.5,100.0,1,0,2,1,1,75.6,3,Yes,8.95,89.3,Excellent,Placed
STU101571,24,Male,BSc Data Science,3,83.0,2.3,85.2,53.9,1,10.0,5.2,84.9,59.0,2,0,2,0,1,79.0,2,Yes,7.85,78.1,Good,Not Placed
STU101572,19,Female,BTech CSE,2,79.9,3.3,68.8,62.2,0,4.3,7.7,51.9,46.8,3,0,2,0,1,67.0,1,No,6.24,63.5,Average,Not Placed
STU101573,24,Male,BSc Computer Science,3,79.4,5.5,88.3,71.2,0,7.1,5.4,72.6,45.4,3,1,3,0,1,86.4,4,No,9.43,90.1,Excellent,Not Placed
STU101574,19,Female,BTech CSE,2,,4.1,100.0,94.4,0,5.0,4.9,62.8,45.5,1,1,1,2,0,72.7,2,Yes,7.24,70.6,Good,Not Placed
STU101575,24,Female,BCA,4,83.6,3.4,77.3,82.7,2,9.1,4.6,43.7,65.7,2,0,4,0,1,93.0,1,Yes,8.42,85.9,Excellent,Not Placed
STU101576,18,Male,BTech CSE,3,73.8,3.1,90.8,77.2,0,4.5,7.0,69.3,56.9,4,0,1,2,1,85.3,3,Yes,8.39,78.7,Good,Not Placed
STU101577,24,Other,BCA,3,86.7,3.6,66.5,67.2,1,8.0,7.2,42.1,56.7,3,1,3,1,0,82.5,0,Yes,7.43,77.3,Good,Placed
STU101578,22,Male,BCA,2,84.4,3.9,78.2,71.8,1,5.2,9.9,64.2,67.0,1,2,1,1,1,85.3,1,Yes,7.72,77.3,Good,Not Placed
STU101579,20,Female,BSc Computer Science,3,77.4,1.8,78.8,86.6,0,9.5,5.7,65.8,61.3,3,2,2,0,3,92.9,3,Yes,7.95,79.6,Good,Not Placed
STU101580,22,Female,BSc Data Science,3,76.7,5.3,85.9,93.9,0,10.0,7.7,58.9,69.7,2,0,1,1,0,100.0,2,No,9.97,100.0,Excellent,Not Placed
STU101581,20,Female,BBA,3,94.6,2.8,80.5,69.1,1,8.7,5.7,71.3,60.2,0,1,1,0,2,73.7,3,Yes,7.69,75.2,Good,Not Placed
STU101582,21,Male,BCA,2,64.6,3.2,94.4,77.4,0,6.4,5.4,48.2,59.7,0,1,2,1,1,82.0,3,No,8.01,81.9,Excellent,Not Placed
STU101583,22,Male,BBA,2,72.3,4.7,76.3,83.0,0,4.3,7.5,55.7,52.3,5,0,0,1,2,70.3,2,No,7.57,75.1,Good,Not Placed
STU101584,21,Male,BSc Computer Science,3,89.4,3.3,90.0,76.9,0,6.8,8.4,91.5,62.6,3,0,3,0,2,86.9,1,No,8.02,81.6,Excellent,Not Placed
STU101585,19,Male,BSc Computer Science,3,92.9,4.8,83.8,56.3,0,7.0,6.5,60.0,73.5,0,0,2,1,2,64.2,1,Yes,8.97,86.4,Excellent,Not Placed
STU101586,19,Female,BCA,2,76.6,3.4,70.1,63.1,0,10.0,4.7,60.3,80.3,1,1,2,2,2,88.7,1,No,7.83,76.1,Good,Not Placed
STU101587,18,Male,BCA,3,71.0,3.6,57.5,80.9,1,6.7,8.1,56.1,66.2,2,0,1,0,2,87.7,5,No,6.87,69.8,Good,Placed
STU101588,24,Female,BBA,3,71.2,3.8,83.6,65.2,0,5.2,7.7,82.4,20.0,0,0,1,0,2,76.2,2,Yes,7.46,73.1,Good,Not Placed
STU101589,22,Male,BSc Data Science,3,63.7,4.1,74.5,93.5,2,6.9,7.8,73.4,90.5,4,0,1,0,2,89.2,1,Yes,8.27,83.5,Excellent,Not Placed
STU101590,21,Male,BTech CSE,3,98.0,4.3,85.0,68.3,1,5.8,9.7,53.1,53.9,3,0,2,0,1,96.6,1,Yes,8.72,86.0,Excellent,Not Placed
STU101591,20,Female,BBA,3,76.5,5.1,68.1,56.0,0,6.3,5.4,71.4,66.1,0,0,7,1,2,83.9,2,No,7.27,70.7,Good,Not Placed
STU101592,19,Male,BCA,2,82.6,5.0,87.9,84.4,1,10.0,8.0,82.7,74.6,1,2,1,1,1,81.6,3,No,8.9,90.8,Excellent,Placed
STU101593,24,Female,BSc Computer Science,2,82.8,2.3,99.3,67.7,0,5.0,7.8,76.5,80.0,5,1,1,1,2,85.1,0,Yes,8.18,78.1,Good,Placed
STU101594,19,Female,BTech CSE,3,92.8,5.7,79.4,68.6,0,8.2,6.8,80.0,100.0,0,1,2,0,4,89.1,0,Yes,8.85,88.0,Excellent,Not Placed
STU101595,20,Female,BCA,3,73.8,0.9,60.0,82.4,2,5.9,6.9,91.2,68.8,1,0,0,2,2,81.5,1,Yes,6.57,64.3,Average,Not Placed
STU101596,24,Male,BCA,3,74.5,2.6,81.4,60.1,0,6.4,7.5,50.3,76.6,0,1,3,1,1,85.8,2,Yes,7.59,76.2,Good,Not Placed
STU101597,24,Female,BSc Data Science,4,86.3,3.3,74.2,73.0,0,6.5,7.8,74.9,68.6,5,2,0,0,5,86.6,3,Yes,7.81,77.2,Good,Placed
STU101598,21,Female,BSc Data Science,4,60.1,1.8,71.6,57.5,1,4.8,5.5,57.3,81.0,2,0,2,0,3,66.4,2,Yes,5.76,57.0,Average,Not Placed
STU101599,21,Female,BTech CSE,2,92.9,3.9,79.7,72.9,0,7.6,8.3,56.6,81.4,0,0,0,0,1,82.9,2,Yes,8.06,79.0,Good,Not Placed
STU101600,22,Male,BCA,4,95.4,4.6,93.0,52.3,0,2.4,7.7,70.2,85.8,1,3,3,0,2,60.2,2,Yes,7.21,72.2,Good,Not Placed
STU101601,22,Female,BBA,3,80.5,2.4,75.7,61.9,1,6.0,,53.1,47.5,2,0,0,1,3,63.0,0,No,6.63,66.9,Good,Not Placed
STU101602,23,Female,BCA,3,68.6,4.2,89.7,82.8,1,7.0,7.5,65.5,62.1,3,1,3,0,0,91.0,3,Yes,9.76,97.3,Excellent,Placed
STU101603,23,Female,BSc Computer Science,4,86.5,4.8,79.6,87.6,0,7.5,7.6,86.2,81.4,3,2,1,0,2,93.5,5,Yes,9.71,96.0,Excellent,Placed
STU101604,18,Male,BSc Computer Science,4,76.1,0.6,81.0,61.4,0,7.5,7.5,79.2,61.6,2,2,2,0,2,92.1,3,Yes,6.63,65.6,Good,Not Placed
STU101605,19,Male,BCA,4,79.4,3.8,94.0,61.3,2,4.5,6.8,49.5,72.5,1,3,3,2,1,86.3,2,Yes,7.78,76.4,Good,Not Placed
STU101606,22,Female,BCA,2,80.2,4.1,78.9,73.2,0,5.7,5.3,46.1,67.6,2,2,1,0,0,59.5,3,No,8.0,75.6,Good,Not Placed
STU101607,21,Male,BTech CSE,2,71.4,2.1,90.4,62.3,0,6.8,5.5,64.6,61.4,1,1,2,1,2,82.9,1,No,6.82,69.1,Good,Not Placed
STU101608,20,Female,BTech CSE,3,81.5,1.7,79.5,83.3,0,5.1,9.5,59.3,36.5,1,0,3,1,1,81.0,1,Yes,7.14,70.7,Good,Not Placed
STU101609,21,Male,BSc Data Science,3,63.4,2.5,88.2,55.3,1,6.8,6.9,75.8,55.5,2,2,1,0,0,83.6,2,No,6.11,65.4,Good,Not Placed
STU101610,19,Female,BSc Data Science,2,56.0,3.2,79.1,64.5,2,7.5,8.4,53.3,71.3,4,1,3,1,1,100.0,2,Yes,5.97,61.0,Average,Not Placed
STU101611,23,Male,BSc Data Science,4,81.6,2.4,83.9,93.7,0,5.5,6.9,71.3,68.9,2,1,1,2,0,69.7,0,No,8.25,82.8,Excellent,Not Placed
STU101612,21,Male,BCA,3,88.4,4.3,,76.5,2,7.7,,73.5,58.8,3,0,1,2,0,76.1,1,Yes,9.25,88.4,Excellent,Not Placed
STU101613,18,Female,BTech CSE,3,72.9,4.1,89.4,79.0,1,6.0,7.7,66.6,61.1,3,1,4,0,0,88.8,1,Yes,9.12,90.9,Excellent,Placed
STU101614,19,Female,BTech CSE,3,72.3,4.1,87.3,69.7,0,5.0,7.0,68.7,98.3,2,0,3,0,3,75.6,1,Yes,7.02,69.2,Good,Not Placed
STU101615,23,Female,BSc Data Science,3,84.5,5.4,72.7,54.5,0,8.9,8.3,95.3,67.9,1,1,2,0,2,93.2,1,Yes,7.82,74.1,Good,Placed
STU101616,20,Male,BBA,2,77.8,4.5,100.0,90.6,0,5.6,6.5,65.8,55.2,4,1,2,2,1,78.2,3,Yes,8.48,84.0,Excellent,Not Placed
STU101617,23,Female,BCA,4,72.3,3.9,82.3,74.3,1,3.9,6.0,79.7,45.3,0,3,2,0,3,76.9,4,Yes,6.92,68.9,Good,Not Placed
STU101618,24,Female,BTech CSE,3,81.1,1.7,92.1,83.4,0,5.6,,52.2,81.6,4,0,3,0,3,69.4,2,Yes,7.82,79.8,Good,Not Placed
STU101619,18,Female,BSc Data Science,2,78.1,5.2,55.7,68.7,0,6.9,8.0,59.4,65.1,0,0,5,1,2,74.4,3,No,7.17,72.1,Good,Not Placed
STU101620,19,Male,BSc Data Science,4,65.5,5.4,90.8,71.7,1,7.1,7.3,56.3,50.8,2,1,1,1,0,84.9,6,Yes,9.11,90.0,Excellent,Not Placed
STU101621,20,Female,BSc Data Science,4,76.9,3.0,90.4,67.2,1,4.5,5.9,81.2,34.9,1,2,2,1,2,65.0,2,Yes,6.5,64.7,Average,Not Placed
STU101622,18,Female,BCA,4,79.8,2.3,84.6,74.5,2,7.6,7.5,74.4,63.0,2,1,3,0,2,82.9,1,Yes,7.4,74.7,Good,Not Placed
STU101623,23,Other,BTech CSE,4,,4.6,57.2,66.4,0,6.4,5.2,79.3,97.4,1,2,2,1,2,70.5,1,No,6.79,70.1,Good,Not Placed
STU101624,18,Male,BTech CSE,3,87.3,0.8,74.1,61.7,0,3.9,10.0,66.8,84.0,1,1,3,1,1,87.5,1,Yes,6.9,67.0,Good,Not Placed
STU101625,19,Female,BSc Data Science,4,82.8,4.1,70.7,69.6,0,3.5,3.9,45.7,56.9,0,1,1,1,1,60.9,4,Yes,8.68,82.4,Excellent,Not Placed
STU101626,22,Female,BTech CSE,2,75.2,5.7,94.8,78.3,1,6.9,6.0,75.0,73.0,3,2,1,2,0,80.1,1,Yes,9.13,94.3,Excellent,Not Placed
STU101627,18,Male,BSc Data Science,4,79.3,2.9,68.8,86.0,1,5.9,6.3,72.5,42.0,2,0,0,0,3,73.6,1,Yes,6.97,69.8,Good,Not Placed
STU101628,24,Male,BTech CSE,3,74.2,3.9,88.1,55.8,0,4.9,6.3,83.6,61.7,7,0,1,0,0,81.0,1,Yes,7.15,72.3,Good,Not Placed
STU101629,18,Male,BCA,2,75.8,3.7,78.8,82.6,0,5.4,6.7,75.8,65.4,1,2,2,1,3,67.1,1,No,7.64,76.8,Good,Not Placed
STU101630,23,Male,BCA,3,76.1,5.1,93.9,63.6,0,6.3,6.8,70.4,43.1,2,0,1,1,2,81.6,1,Yes,8.84,88.9,Excellent,Not Placed
STU101631,23,Male,BSc Data Science,3,60.3,3.7,84.5,59.9,0,6.3,7.0,74.0,50.5,1,1,5,2,0,82.3,1,Yes,7.13,69.7,Good,Not Placed
STU101632,20,Female,BSc Computer Science,3,78.3,3.0,74.9,60.6,0,6.3,6.3,80.6,53.8,4,1,5,1,2,99.5,3,Yes,7.33,73.1,Good,Not Placed
STU101633,23,Female,BSc Computer Science,2,81.2,1.2,73.5,100.0,0,6.2,5.5,79.9,71.5,1,1,1,1,2,78.1,3,Yes,7.34,73.1,Good,Not Placed
STU101634,21,Female,BSc Data Science,4,100.0,3.6,77.1,80.9,5,10.0,7.2,61.8,69.1,0,1,2,0,2,88.2,2,Yes,9.01,90.0,Excellent,Not Placed
STU101635,19,Female,BCA,2,82.4,3.4,48.0,58.2,0,5.6,10.0,48.2,50.3,4,1,1,0,0,91.2,2,No,6.5,66.6,Good,Placed
STU101636,19,Male,BSc Data Science,3,71.5,0.5,100.0,65.4,0,7.8,4.8,78.0,74.8,2,1,3,0,1,66.4,3,Yes,8.01,82.4,Excellent,Placed
STU101637,22,Male,BTech CSE,4,61.6,2.0,96.5,55.7,0,7.6,6.1,68.1,65.2,2,0,1,0,1,77.1,0,Yes,7.0,70.1,Good,Not Placed
STU101638,22,Female,BTech CSE,3,67.4,2.6,82.7,56.1,1,5.5,7.7,65.1,92.7,3,1,4,1,2,74.1,0,No,6.01,62.3,Average,Not Placed
STU101639,19,Male,BCA,3,73.0,2.6,92.3,55.7,1,3.4,9.0,83.0,44.9,3,1,2,0,3,83.6,3,Yes,7.03,68.3,Good,Placed
STU101640,24,Male,BCA,2,73.2,3.5,81.6,59.5,2,,10.0,64.8,90.9,2,0,1,0,2,75.5,2,Yes,6.79,71.2,Good,Not Placed
STU101641,22,Male,BTech CSE,3,75.6,3.3,86.8,81.2,0,3.5,8.7,73.9,57.3,1,0,1,0,0,83.1,1,Yes,7.59,75.5,Good,Not Placed
STU101642,20,Male,BCA,4,74.0,3.4,,84.8,3,3.2,5.6,87.0,90.3,3,0,1,0,1,65.7,2,Yes,8.03,75.6,Good,Not Placed
STU101643,23,Female,BCA,4,75.7,6.9,79.4,60.9,0,5.6,8.2,74.5,75.3,6,2,3,1,3,93.9,2,Yes,8.79,87.8,Excellent,Placed
STU101644,19,Male,BCA,4,73.8,2.8,90.5,67.0,0,6.6,7.4,57.9,43.4,3,2,1,0,1,88.7,1,Yes,8.37,81.1,Excellent,Not Placed
STU101645,22,Male,BSc Data Science,2,,2.2,62.2,82.1,1,6.1,5.3,63.5,67.3,0,0,4,1,0,74.5,3,Yes,6.77,69.0,Good,Not Placed
STU101646,19,Male,BSc Computer Science,2,,5.9,84.4,72.4,0,3.6,6.1,68.9,88.2,2,1,1,0,3,60.0,2,No,8.69,86.6,Excellent,Not Placed
STU101647,21,Female,BSc Computer Science,2,65.4,5.7,81.8,76.2,0,4.3,3.9,77.0,53.3,3,2,2,0,1,70.4,2,Yes,7.63,78.5,Good,Not Placed
STU101648,18,Male,BSc Data Science,3,75.6,1.9,78.3,65.8,1,6.8,4.0,75.1,84.0,2,1,1,1,0,70.7,0,Yes,6.79,70.4,Good,Not Placed
STU101649,23,Female,BTech CSE,2,82.3,5.3,79.7,90.4,1,7.6,5.7,59.4,83.9,2,1,3,0,1,68.3,1,Yes,9.16,92.5,Excellent,Not Placed
STU101650,19,Male,BCA,2,66.8,0.7,79.3,92.6,0,5.0,7.0,75.3,89.9,3,1,3,0,3,78.5,4,Yes,6.58,65.6,Good,Not Placed
STU101651,18,Male,BTech CSE,3,72.3,7.8,94.2,80.7,2,6.4,8.5,100.0,73.7,2,0,3,0,2,86.3,1,Yes,8.86,85.9,Excellent,Placed
STU101652,22,Male,BSc Computer Science,3,76.5,6.2,81.4,64.8,0,6.9,6.3,72.4,53.1,4,0,5,2,0,99.1,2,Yes,7.99,81.7,Excellent,Not Placed
STU101653,18,Male,BSc Computer Science,3,76.3,4.3,100.0,56.2,1,9.6,5.4,60.4,76.7,1,1,0,1,4,75.6,1,Yes,8.24,84.4,Excellent,Not Placed
STU101654,23,Male,BCA,4,85.5,4.8,71.7,92.9,0,9.3,9.9,85.6,84.4,3,1,0,0,3,84.0,3,Yes,9.05,89.7,Excellent,Placed
STU101655,19,Male,BCA,3,87.4,4.2,88.1,75.9,0,7.6,5.0,58.1,78.3,4,1,2,0,1,76.1,4,Yes,8.11,84.2,Excellent,Placed
STU101656,21,Female,BSc Computer Science,4,80.2,2.5,91.8,73.4,1,2.8,5.3,87.4,30.2,1,4,2,2,0,72.2,2,Yes,6.73,70.3,Good,Not Placed
STU101657,24,Male,BSc Computer Science,4,90.1,5.3,77.7,80.5,1,9.2,6.1,65.6,68.7,0,0,4,0,1,84.7,2,No,9.45,94.3,Excellent,Placed
STU101658,22,Female,BCA,3,74.3,5.5,68.7,72.3,0,7.4,9.3,76.5,76.5,2,0,3,0,3,91.8,1,Yes,8.63,82.3,Excellent,Not Placed
STU101659,19,Male,BBA,2,86.4,2.4,77.0,68.8,0,5.3,8.0,59.8,89.2,1,0,4,1,2,87.1,2,No,7.43,73.7,Good,Not Placed
STU101660,23,Male,BBA,2,71.9,3.5,67.5,98.6,2,10.0,5.9,74.4,40.1,3,0,3,0,3,89.5,0,Yes,9.16,90.4,Excellent,Placed
STU101661,22,Male,BSc Computer Science,3,81.0,1.7,72.9,86.2,0,5.9,6.5,72.9,47.3,1,2,0,1,1,72.2,1,Yes,7.75,76.4,Good,Not Placed
STU101662,20,Female,BBA,3,84.4,3.4,86.3,91.9,0,10.0,6.6,82.4,64.2,1,0,4,0,3,87.3,1,Yes,9.98,97.9,Excellent,Placed
STU101663,18,Male,BCA,4,78.6,3.1,100.0,91.0,0,4.5,4.0,63.2,100.0,2,0,6,3,5,75.1,1,Yes,8.39,84.7,Excellent,Placed
STU101664,24,Male,BCA,4,68.4,5.4,100.0,48.2,1,5.7,7.4,86.2,77.5,1,2,3,0,1,70.2,2,Yes,7.06,71.8,Good,Not Placed
STU101665,23,Male,BCA,2,61.3,5.9,75.3,82.0,0,2.8,6.8,74.3,53.5,2,2,1,1,0,64.2,3,Yes,8.9,89.9,Excellent,Not Placed
STU101666,20,Male,BSc Computer Science,4,83.6,1.9,92.4,78.0,2,5.7,6.5,38.5,64.5,3,1,2,0,1,91.2,3,No,7.51,77.5,Good,Not Placed
STU101667,19,Male,BCA,3,75.3,4.7,78.0,64.6,0,8.7,7.3,72.3,76.4,4,2,3,1,1,97.9,3,No,7.64,76.9,Good,Placed
STU101668,21,Female,BBA,4,76.0,4.8,72.4,100.0,0,5.5,8.1,34.1,70.5,2,1,1,1,3,78.1,2,Yes,8.35,84.7,Excellent,Not Placed
STU101669,22,Male,BCA,2,93.0,0.9,81.1,73.8,0,5.0,6.7,49.2,68.9,1,0,2,0,1,77.0,3,Yes,7.15,70.9,Good,Not Placed
STU101670,18,Male,BSc Data Science,2,68.5,4.9,57.9,65.8,1,8.8,6.6,63.7,57.9,0,0,5,1,0,82.2,0,No,8.16,80.2,Excellent,Not Placed
STU101671,22,Female,BTech CSE,3,85.4,1.3,63.5,70.4,0,6.8,8.1,43.2,58.8,1,1,3,0,3,88.2,1,No,6.42,67.0,Good,Not Placed
STU101672,24,Male,BCA,4,70.6,2.7,92.0,79.4,0,6.7,4.9,57.0,70.9,4,1,2,1,1,77.9,1,Yes,8.08,78.8,Good,Not Placed
STU101673,19,Male,BCA,2,76.2,2.1,97.0,77.4,4,4.5,4.8,66.4,75.2,3,1,4,1,1,83.4,0,Yes,7.44,74.5,Good,Not Placed
STU101674,22,Male,BSc Computer Science,2,67.1,1.1,54.6,65.7,0,4.7,6.5,66.6,36.3,1,0,3,3,1,79.7,3,No,5.46,55.9,Average,Not Placed
STU101675,18,Female,BCA,4,70.6,5.2,98.0,82.1,2,6.1,8.0,54.7,62.3,1,2,2,1,1,74.2,3,Yes,8.27,80.4,Excellent,Not Placed
STU101676,19,Male,BCA,4,82.1,2.1,94.7,72.4,0,3.0,6.7,69.7,86.1,1,0,0,0,3,69.3,2,Yes,6.82,65.7,Good,Not Placed
STU101677,22,Male,BCA,2,90.9,2.9,78.2,69.0,0,7.9,8.4,86.9,100.0,4,2,3,0,1,92.9,0,Yes,7.41,74.5,Good,Placed
STU101678,21,Male,BSc Computer Science,4,82.2,3.5,87.0,69.5,2,7.6,6.4,66.6,78.7,1,2,2,0,4,93.1,7,No,7.29,74.0,Good,Not Placed
STU101679,23,Female,BBA,3,81.1,4.6,100.0,58.0,0,7.3,9.4,60.4,74.3,3,0,1,0,2,77.7,3,Yes,9.0,89.7,Excellent,Not Placed
STU101680,19,Male,BTech CSE,3,100.0,2.0,95.5,60.4,0,4.1,6.6,73.3,83.6,4,1,2,1,0,67.8,2,Yes,7.46,73.9,Good,Not Placed
STU101681,23,Female,BSc Data Science,3,83.6,4.2,87.4,59.4,0,7.8,7.9,53.5,70.6,2,0,3,1,4,93.4,4,Yes,8.16,82.7,Excellent,Not Placed
STU101682,19,Female,BSc Data Science,3,68.7,3.2,75.0,43.4,0,5.0,8.0,83.0,46.4,2,0,1,0,3,89.2,2,Yes,5.9,56.7,Average,Not Placed
STU101683,21,Female,BSc Computer Science,3,61.2,2.0,,76.1,1,8.7,7.5,84.7,59.9,3,1,5,0,0,100.0,3,Yes,7.4,73.3,Good,Placed
STU101684,23,Male,BBA,3,81.8,5.0,89.7,59.8,0,,,95.0,42.3,0,0,5,1,0,81.1,0,No,8.76,87.9,Excellent,Not Placed
STU101685,20,Male,BCA,3,63.9,6.6,88.0,67.0,1,6.6,6.5,75.0,79.3,1,0,1,1,0,71.5,5,Yes,8.01,81.3,Excellent,Not Placed
STU101686,18,Male,BSc Data Science,4,68.0,3.8,94.8,68.4,1,7.6,7.5,53.3,33.0,0,3,4,2,1,89.0,0,Yes,7.46,73.1,Good,Not Placed
STU101687,20,Male,BTech CSE,4,81.0,2.6,66.1,60.2,2,7.0,8.5,82.2,70.3,3,0,2,1,3,96.1,2,Yes,6.85,65.0,Average,Not Placed
STU101688,22,Male,BBA,3,88.4,2.4,86.9,67.6,0,1.0,8.8,45.8,72.0,3,1,3,1,1,68.7,3,Yes,6.98,71.0,Good,Not Placed
STU101689,21,Female,BCA,2,75.1,4.7,89.9,73.0,0,3.4,5.8,84.9,64.6,3,1,3,1,3,66.8,2,Yes,6.92,71.2,Good,Not Placed
STU101690,20,Male,BCA,3,65.9,3.5,79.3,63.7,0,5.1,5.5,70.0,21.1,6,0,2,3,1,94.2,1,Yes,7.22,72.4,Good,Not Placed
STU101691,19,Male,BCA,4,76.5,1.9,100.0,61.0,0,7.2,,61.1,42.4,4,1,4,1,1,100.0,1,Yes,7.84,77.5,Good,Not Placed
STU101692,22,Female,BCA,3,75.3,1.0,72.5,64.7,1,9.6,4.8,62.3,67.1,3,1,3,1,2,81.0,2,Yes,6.45,64.8,Average,Not Placed
STU101693,22,Female,BSc Computer Science,3,79.2,4.1,81.4,83.4,0,5.9,7.5,65.5,77.7,4,3,3,0,1,85.5,1,Yes,8.4,84.6,Excellent,Placed
STU101694,20,Male,BTech CSE,2,66.0,1.6,90.0,65.2,0,8.0,7.7,83.9,64.9,2,0,0,1,2,80.3,2,Yes,7.36,74.1,Good,Placed
STU101695,20,Female,BSc Computer Science,3,69.6,2.9,91.5,74.0,2,7.7,8.8,42.1,86.6,1,1,2,1,2,80.0,5,No,6.58,65.9,Good,Not Placed
STU101696,21,Male,BCA,3,88.2,5.9,79.3,66.0,0,,6.9,73.8,73.7,4,0,2,2,2,81.9,1,Yes,8.25,84.7,Excellent,Not Placed
STU101697,18,Female,BCA,4,85.6,2.3,79.3,70.7,0,6.5,6.3,79.2,65.2,4,2,0,1,2,81.1,2,Yes,8.48,80.4,Excellent,Placed
STU101698,20,Female,BCA,3,89.6,5.1,89.7,82.2,0,5.4,9.8,52.8,64.2,4,1,1,0,3,82.0,3,Yes,8.54,84.5,Excellent,Placed
STU101699,24,Female,BSc Data Science,3,59.5,2.0,87.1,61.2,1,4.8,6.3,92.4,54.0,2,1,4,0,1,59.7,2,Yes,7.76,78.6,Good,Not Placed
STU101700,20,Female,BTech CSE,3,69.1,4.8,83.0,98.7,1,9.6,4.7,84.9,100.0,1,0,0,1,0,83.4,4,Yes,9.91,98.7,Excellent,Placed
STU101701,23,Male,BCA,4,87.9,4.4,61.5,76.3,1,7.2,5.7,58.3,78.2,4,1,0,0,2,86.8,2,Yes,7.41,73.7,Good,Placed
STU101702,19,Male,BCA,3,83.9,4.2,83.6,74.4,4,5.0,5.3,71.2,71.5,1,2,1,2,2,55.7,2,Yes,7.18,74.0,Good,Not Placed
STU101703,24,Female,BSc Data Science,3,82.1,2.6,99.8,59.4,0,5.4,8.3,54.6,63.2,1,0,2,1,0,76.6,2,No,7.37,73.6,Good,Placed
STU101704,24,Male,BSc Data Science,3,74.4,4.5,88.5,79.8,2,6.7,5.5,62.6,68.2,4,0,2,0,2,90.1,3,Yes,8.88,86.2,Excellent,Placed
STU101705,23,Female,BSc Data Science,4,71.8,4.1,73.5,92.0,2,7.2,9.1,46.2,34.3,4,0,1,2,0,82.3,0,Yes,8.79,88.6,Excellent,Not Placed
STU101706,23,Male,BTech CSE,2,78.3,6.3,66.0,62.9,0,3.0,6.9,68.8,65.7,0,1,2,0,1,66.8,2,No,6.82,69.7,Good,Not Placed
STU101707,22,Male,BCA,3,73.5,2.6,92.5,60.0,0,,7.2,50.4,64.4,0,0,1,0,3,82.7,1,Yes,7.71,77.4,Good,Not Placed
STU101708,18,Male,BTech CSE,4,83.3,5.4,76.9,72.6,0,6.9,8.3,54.2,21.9,1,0,1,1,2,76.4,5,No,8.91,86.6,Excellent,Not Placed
STU101709,19,Male,BSc Data Science,4,78.4,2.1,96.7,59.9,1,4.8,8.5,74.1,86.4,3,0,5,0,3,82.4,3,Yes,6.64,67.4,Good,Not Placed
STU101710,21,Female,BSc Data Science,3,68.3,3.1,96.4,66.6,1,10.0,6.4,72.4,69.7,0,2,2,2,2,85.8,2,Yes,8.74,87.1,Excellent,Placed
STU101711,24,Female,BBA,4,84.3,2.5,80.4,82.0,1,7.3,8.6,55.3,67.9,1,1,0,2,3,92.3,2,Yes,7.65,76.6,Good,Not Placed
STU101712,21,Female,BCA,3,90.5,2.8,85.6,93.2,1,9.3,7.1,47.3,53.9,4,0,1,0,2,97.8,1,Yes,8.73,87.8,Excellent,Placed
STU101713,20,Female,BSc Computer Science,3,91.2,3.3,86.9,82.6,0,8.7,7.5,76.0,87.7,5,1,5,2,0,94.0,1,No,8.06,80.5,Excellent,Not Placed
STU101714,20,Female,BCA,3,84.7,5.7,68.8,61.7,0,10.0,4.2,77.7,71.2,0,4,2,0,0,92.1,2,Yes,8.92,90.8,Excellent,Not Placed
STU101715,21,Female,BSc Computer Science,2,84.9,4.2,100.0,68.7,1,8.4,7.9,82.4,47.9,0,1,0,1,3,89.3,4,Yes,8.69,85.8,Excellent,Not Placed
STU101716,20,Male,BTech CSE,3,66.4,5.4,87.5,67.8,0,8.2,5.2,82.4,43.3,3,1,3,0,1,76.0,3,Yes,8.46,82.9,Excellent,Not Placed
STU101717,18,Female,BTech CSE,3,71.3,3.5,83.7,73.2,0,7.9,9.0,73.0,48.4,0,4,1,0,1,91.8,0,No,8.49,84.6,Excellent,Not Placed
STU101718,23,Male,BTech CSE,4,76.3,5.4,,82.6,0,9.1,10.0,65.7,57.7,1,1,1,0,3,79.8,2,Yes,8.55,88.5,Excellent,Placed
STU101719,20,Male,BSc Computer Science,4,83.9,3.8,85.4,62.4,1,5.5,4.7,60.2,55.4,2,0,1,1,2,71.2,0,No,7.97,80.3,Excellent,Not Placed
STU101720,22,Female,BCA,3,72.0,2.3,70.0,98.3,0,7.2,9.2,76.4,55.7,3,0,4,1,2,100.0,3,No,8.46,83.7,Excellent,Placed
STU101721,20,Male,BTech CSE,3,74.9,5.1,73.1,59.5,2,5.5,7.6,54.8,71.6,5,0,2,1,0,91.8,1,Yes,6.93,74.0,Good,Not Placed
STU101722,19,Male,BTech CSE,2,83.6,5.7,58.4,62.0,0,8.2,5.9,74.2,56.4,0,0,4,1,3,88.7,1,Yes,7.87,78.7,Good,Not Placed
STU101723,18,Male,BCA,3,79.4,4.5,82.7,62.4,0,6.0,4.2,44.5,84.8,1,0,2,1,0,59.5,0,Yes,7.2,71.5,Good,Not Placed
STU101724,19,Male,BSc Data Science,3,81.3,4.7,88.1,100.0,0,6.1,1.8,76.6,96.4,2,1,2,0,2,52.4,1,Yes,8.94,91.7,Excellent,Not Placed
STU101725,19,Female,BTech CSE,3,70.2,5.4,79.9,91.6,0,3.1,8.7,71.2,46.7,1,2,1,0,1,73.1,2,Yes,8.16,80.9,Excellent,Not Placed
STU101726,22,Male,BSc Computer Science,3,74.8,3.1,69.3,62.2,1,10.0,8.8,55.8,85.9,3,3,4,1,0,97.4,3,Yes,6.93,73.5,Good,Placed
STU101727,18,Male,BSc Data Science,3,73.3,2.4,76.6,66.5,1,4.3,5.9,66.9,50.2,2,2,4,1,0,89.4,5,Yes,7.73,75.4,Good,Not Placed
STU101728,18,Male,BTech CSE,4,78.0,4.0,77.9,70.9,0,7.3,5.5,66.4,80.1,2,2,2,1,2,68.1,4,Yes,8.91,87.1,Excellent,Not Placed
STU101729,18,Male,BCA,4,73.7,6.1,91.5,66.2,1,7.6,6.8,91.7,71.8,2,0,2,1,2,76.3,2,Yes,9.57,96.7,Excellent,Placed
STU101730,18,Female,BCA,3,72.3,4.0,97.8,82.8,0,9.0,6.7,64.4,83.8,1,3,3,0,6,86.5,1,Yes,8.67,85.9,Excellent,Placed
STU101731,18,Male,BTech CSE,3,79.3,4.4,51.9,77.9,0,5.6,8.4,72.1,46.8,0,1,4,0,1,87.1,0,Yes,7.97,81.8,Excellent,Not Placed
STU101732,22,Male,BSc Data Science,3,99.0,3.6,81.1,74.4,1,4.1,6.8,75.1,76.3,4,2,3,1,1,79.2,1,No,7.2,72.4,Good,Placed
STU101733,20,Female,BTech CSE,2,83.8,3.9,75.4,81.8,0,8.2,8.4,64.2,48.0,4,0,2,0,1,92.7,2,Yes,7.7,77.3,Good,Not Placed
STU101734,19,Female,BCA,2,60.2,2.7,79.1,77.3,1,8.6,5.7,89.3,60.4,5,1,0,0,1,81.2,2,Yes,6.53,65.4,Good,Not Placed
STU101735,18,Female,BCA,2,81.5,4.3,91.3,80.1,1,7.2,7.1,69.7,51.7,2,2,4,0,1,94.2,1,Yes,8.36,84.1,Excellent,Not Placed
STU101736,24,Female,BCA,2,72.9,4.8,76.5,74.1,1,6.6,7.9,36.8,47.1,4,0,1,1,2,94.8,3,Yes,7.89,78.8,Good,Not Placed
STU101737,20,Male,BBA,2,68.6,1.2,89.5,92.7,1,6.4,6.3,68.5,66.5,2,1,1,0,2,71.7,2,Yes,8.86,85.6,Excellent,Not Placed
STU101738,20,Male,BSc Data Science,2,,1.2,100.0,73.6,0,4.5,6.7,98.8,77.6,3,0,0,0,1,64.3,3,Yes,7.83,75.5,Good,Not Placed
STU101739,19,Male,BSc Data Science,2,78.8,0.9,77.0,70.2,0,2.5,9.9,61.0,66.8,0,2,0,1,0,69.0,2,Yes,6.48,65.7,Good,Not Placed
STU101740,22,Female,BCA,3,100.0,5.7,79.6,81.6,0,9.5,9.0,73.9,65.3,1,1,1,1,1,90.6,3,Yes,9.35,92.7,Excellent,Placed
STU101741,21,Male,BCA,4,76.9,2.1,79.4,78.8,0,6.5,4.9,58.8,61.4,5,1,1,0,0,80.5,2,Yes,6.68,68.7,Good,Placed
STU101742,21,Male,BSc Data Science,4,75.7,4.0,100.0,71.8,1,8.0,7.3,65.8,80.1,4,0,1,1,0,77.7,3,Yes,8.62,85.4,Excellent,Not Placed
STU101743,20,Male,BCA,2,90.0,6.2,76.5,52.3,0,5.9,3.7,84.2,52.1,2,1,1,0,1,83.0,3,No,8.84,87.2,Excellent,Not Placed
STU101744,23,Male,BSc Computer Science,3,78.2,4.0,98.2,88.9,0,5.9,7.5,78.8,79.2,1,1,2,3,1,89.3,0,No,8.88,86.8,Excellent,Not Placed
STU101745,23,Male,BSc Data Science,4,67.4,4.3,81.6,86.9,0,5.7,5.4,72.6,64.6,6,3,3,0,0,79.5,1,No,7.79,80.5,Excellent,Not Placed
STU101746,19,Female,BTech CSE,2,69.2,2.2,83.9,61.8,1,6.1,6.5,69.7,100.0,2,1,1,0,2,81.1,1,Yes,7.85,78.1,Good,Not Placed
STU101747,21,Male,BSc Computer Science,4,74.7,4.0,91.1,77.0,0,8.5,7.7,66.1,66.8,1,0,5,0,1,83.3,4,Yes,9.21,91.5,Excellent,Placed
STU101748,20,Female,BSc Data Science,3,84.6,2.0,77.9,65.7,1,6.7,7.2,71.6,63.2,1,1,2,2,1,81.6,2,Yes,7.25,71.2,Good,Not Placed
STU101749,22,Female,BCA,4,90.7,0.6,92.8,78.3,1,9.5,5.5,84.0,35.8,2,0,3,0,1,100.0,2,No,8.01,81.1,Excellent,Placed
STU101750,21,Male,BTech CSE,4,86.0,3.6,79.0,85.4,0,4.5,4.7,68.1,85.4,2,0,2,2,2,50.9,2,No,8.07,81.8,Excellent,Not Placed
STU101751,20,Male,BTech CSE,3,83.7,4.0,70.2,70.4,0,6.2,7.5,72.3,50.1,0,0,2,0,2,78.3,2,Yes,8.17,78.5,Good,Not Placed
STU101752,20,Male,BCA,3,89.0,2.7,93.2,80.5,0,6.4,5.7,52.2,65.2,1,3,2,0,1,67.6,4,No,8.74,88.0,Excellent,Placed
STU101753,18,Male,BBA,2,84.2,2.4,88.7,55.1,2,7.8,6.4,56.2,60.3,1,0,1,1,1,72.3,3,Yes,7.59,73.4,Good,Not Placed
STU101754,22,Female,BCA,2,69.0,3.2,75.6,61.7,0,5.2,4.8,87.6,74.1,0,0,3,0,1,79.9,3,Yes,6.86,66.4,Good,Placed
STU101755,18,Male,BCA,3,75.8,2.4,94.7,82.8,0,8.6,3.1,79.7,60.5,2,0,0,2,1,73.4,5,No,8.83,90.2,Excellent,Not Placed
STU101756,19,Male,BCA,2,72.8,4.6,71.2,64.3,0,7.6,7.8,75.1,45.2,3,2,2,0,0,90.9,2,Yes,8.51,87.3,Excellent,Placed
STU101757,18,Female,BBA,2,90.6,4.2,86.7,62.1,1,,6.1,83.5,49.5,1,0,4,0,0,96.1,1,No,8.21,83.8,Excellent,Not Placed
STU101758,24,Female,BSc Computer Science,3,68.5,5.9,63.4,63.3,0,5.6,5.6,72.5,47.3,2,0,2,0,2,81.5,3,Yes,7.69,73.6,Good,Not Placed
STU101759,18,Female,BTech CSE,4,68.6,3.0,77.7,59.1,0,3.5,9.0,72.2,68.0,2,4,3,1,5,79.1,1,Yes,6.34,64.5,Average,Not Placed
STU101760,24,Female,BCA,2,79.7,3.6,72.7,84.1,1,8.2,8.1,63.1,85.6,3,0,0,0,1,96.0,3,No,8.42,82.7,Excellent,Not Placed
STU101761,21,Female,BSc Computer Science,3,97.3,3.8,68.1,84.9,0,8.5,7.4,71.6,60.1,1,2,0,2,4,70.2,3,Yes,9.41,93.8,Excellent,Placed
STU101762,23,Male,BSc Data Science,3,85.3,2.9,82.3,62.9,1,2.3,7.0,53.0,74.5,2,1,4,2,1,76.8,2,Yes,6.27,62.3,Average,Not Placed
STU101763,20,Female,BTech CSE,3,88.4,0.5,85.7,58.7,0,7.5,4.7,55.3,79.4,3,0,2,1,0,76.3,2,Yes,6.26,61.8,Average,Not Placed
STU101764,24,Male,BCA,2,66.9,4.2,88.8,70.9,0,7.1,7.7,56.8,69.9,4,0,2,0,1,89.7,2,Yes,8.16,81.4,Excellent,Placed
STU101765,22,Female,BCA,4,84.7,7.0,82.0,58.0,1,5.5,8.8,90.8,51.6,0,1,1,0,3,78.0,1,Yes,8.52,84.2,Excellent,Not Placed
STU101766,18,Female,BCA,3,66.9,5.0,86.7,80.5,0,9.3,6.7,67.9,85.4,1,2,0,0,0,94.1,5,No,9.02,89.5,Excellent,Placed
STU101767,24,Male,BTech CSE,3,85.3,6.4,69.6,72.1,1,5.7,8.7,73.0,52.3,5,1,2,2,2,92.4,3,Yes,8.85,89.2,Excellent,Not Placed
STU101768,22,Female,BSc Computer Science,2,62.3,4.8,72.3,67.6,3,9.6,5.4,59.4,70.1,3,2,1,0,2,99.2,3,Yes,7.93,78.5,Good,Not Placed
STU101769,23,Female,BSc Data Science,3,74.6,3.3,81.8,84.3,1,8.2,4.4,65.8,65.0,1,1,2,1,1,81.3,5,No,7.75,77.9,Good,Not Placed
STU101770,23,Male,BSc Data Science,4,57.5,4.4,72.4,60.7,0,7.8,5.8,61.0,72.6,2,1,1,0,1,84.7,2,No,7.06,67.9,Good,Not Placed
STU101771,18,Female,BBA,2,69.2,5.1,82.1,66.9,3,7.4,7.2,50.6,71.1,1,2,2,1,1,79.9,2,Yes,7.61,75.3,Good,Not Placed
STU101772,19,Male,BTech CSE,3,63.8,1.1,74.8,57.6,0,7.8,6.8,56.8,77.9,2,0,2,1,2,88.9,2,Yes,6.38,61.8,Average,Not Placed
STU101773,18,Female,BTech CSE,2,84.5,4.2,80.3,55.5,1,5.4,6.3,45.4,66.5,1,1,2,1,0,73.0,1,Yes,7.44,71.1,Good,Not Placed
STU101774,21,Male,BSc Data Science,4,78.9,3.4,63.7,61.1,1,4.3,7.7,70.9,74.5,2,0,1,0,1,79.6,1,No,6.13,62.3,Average,Not Placed
STU101775,24,Female,BCA,2,73.3,5.7,63.2,62.3,1,9.6,6.6,81.6,79.5,1,3,3,0,0,88.6,1,Yes,8.64,88.3,Excellent,Not Placed
STU101776,20,Female,BBA,4,79.2,4.1,74.1,61.2,0,5.5,4.6,63.0,40.3,1,2,0,1,0,69.0,0,Yes,7.75,77.3,Good,Not Placed
STU101777,19,Female,BSc Data Science,3,69.7,0.5,67.4,70.9,0,6.1,7.6,75.0,86.2,1,3,2,1,2,84.0,4,No,6.77,66.7,Good,Not Placed
STU101778,18,Female,BCA,3,81.2,4.2,53.1,70.8,2,4.1,5.8,64.1,62.0,3,2,0,0,0,71.1,1,Yes,7.77,75.6,Good,Placed
STU101779,22,Male,BSc Computer Science,3,77.2,0.5,87.3,53.4,0,7.6,7.0,80.1,70.3,3,2,1,0,2,92.8,4,Yes,5.88,61.6,Average,Placed
STU101780,19,Female,BBA,2,100.0,5.4,92.7,81.6,2,4.6,,66.0,67.5,2,0,5,1,0,65.0,1,No,8.13,81.6,Excellent,Not Placed
STU101781,24,Male,BSc Data Science,3,94.3,2.3,91.6,53.8,1,7.2,4.5,88.6,58.7,1,0,1,0,2,68.6,1,Yes,7.48,71.3,Good,Not Placed
STU101782,19,Female,BSc Computer Science,3,87.4,1.8,80.4,51.3,2,5.9,7.4,62.4,63.1,2,2,5,0,3,88.6,2,No,5.49,53.7,Average,Not Placed
STU101783,24,Male,BTech CSE,2,80.9,2.3,80.2,84.4,0,6.9,5.7,91.2,67.1,1,0,1,0,1,65.1,0,No,7.82,77.6,Good,Not Placed
STU101784,18,Male,BSc Data Science,4,82.2,2.2,83.1,58.8,0,9.5,5.3,48.8,61.7,0,0,1,2,3,78.1,5,No,7.93,77.1,Good,Not Placed
STU101785,24,Female,BCA,2,90.4,3.3,74.8,76.3,0,4.5,6.1,69.8,82.6,0,1,2,0,3,72.7,2,Yes,7.3,76.9,Good,Not Placed
STU101786,19,Male,BBA,3,80.9,2.2,61.7,65.0,1,5.6,7.4,60.0,79.4,4,1,0,1,1,79.5,0,Yes,6.15,64.3,Average,Not Placed
STU101787,22,Male,BBA,3,81.5,3.0,95.1,59.9,3,5.1,6.8,74.6,56.8,4,0,4,1,2,78.6,4,Yes,6.79,68.8,Good,Not Placed
STU101788,23,Male,BTech CSE,2,72.2,1.2,82.2,57.8,0,7.4,5.1,50.7,96.9,1,0,3,1,2,68.3,2,Yes,6.72,66.1,Good,Placed
STU101789,19,Male,BTech CSE,3,71.1,3.1,81.5,76.6,0,7.2,6.2,54.2,41.0,4,1,1,0,1,86.1,1,No,7.8,79.4,Good,Not Placed
STU101790,24,Male,BSc Data Science,3,76.9,5.6,78.5,60.8,0,6.1,7.6,58.4,47.9,0,2,0,0,0,76.7,1,Yes,7.82,78.3,Good,Placed
STU101791,23,Male,BBA,3,51.9,2.8,88.5,85.1,2,8.6,6.8,57.0,63.9,1,1,5,1,1,95.0,4,Yes,7.86,79.1,Good,Not Placed
STU101792,24,Male,BCA,3,77.7,4.4,80.7,53.7,0,6.5,5.2,64.0,69.8,1,2,3,1,2,82.3,0,Yes,8.15,77.1,Good,Not Placed
STU101793,22,Male,BTech CSE,2,75.6,1.6,76.6,89.0,1,5.4,,43.6,53.2,3,2,3,1,0,70.7,0,No,7.23,69.9,Good,Not Placed
STU101794,24,Female,BBA,4,86.8,4.4,78.3,47.0,0,8.9,9.1,74.1,59.4,3,0,5,1,7,100.0,1,Yes,7.81,77.5,Good,Not Placed
STU101795,18,Male,BSc Computer Science,3,90.2,5.2,82.7,75.4,0,6.1,6.0,77.5,48.4,1,0,0,1,4,71.2,2,Yes,8.74,88.7,Excellent,Not Placed
STU101796,20,Female,BTech CSE,2,100.0,5.6,69.3,57.9,2,6.2,6.7,39.4,60.3,1,0,2,1,4,80.5,6,No,7.22,71.7,Good,Not Placed
STU101797,19,Female,BTech CSE,4,83.8,3.8,97.6,52.9,3,6.3,7.6,81.1,40.4,0,0,2,0,2,90.5,1,No,7.79,76.8,Good,Not Placed
STU101798,20,Male,BCA,2,79.5,4.5,75.3,70.8,1,6.9,6.4,53.5,59.2,0,2,1,1,3,63.3,1,No,7.99,80.2,Excellent,Not Placed
STU101799,24,Female,BTech CSE,3,72.3,1.6,73.3,80.1,0,8.6,7.7,60.8,58.5,6,1,2,0,1,94.1,3,Yes,7.08,71.1,Good,Not Placed
STU101800,22,Female,BCA,3,67.5,2.9,77.8,69.7,0,8.1,4.7,67.6,46.9,4,0,3,1,1,90.8,4,Yes,7.28,72.2,Good,Not Placed
STU101801,19,Other,BSc Computer Science,4,87.1,2.3,92.0,71.5,0,7.6,6.8,62.5,88.8,2,4,2,0,2,85.8,4,Yes,8.4,86.9,Excellent,Not Placed
STU101802,24,Female,BCA,4,77.7,4.0,79.0,74.4,1,4.8,8.2,53.6,74.7,3,0,4,0,1,96.3,3,Yes,6.81,66.6,Good,Not Placed
STU101803,23,Male,BSc Data Science,4,82.2,2.7,,79.4,0,6.5,5.0,58.5,84.6,2,2,5,0,0,91.9,2,Yes,8.83,85.7,Excellent,Not Placed
STU101804,21,Female,BTech CSE,3,78.2,4.5,78.4,91.7,0,6.2,6.5,66.3,65.9,6,0,1,1,2,90.2,3,No,8.51,86.3,Excellent,Not Placed
STU101805,24,Female,BBA,3,78.4,7.2,66.4,63.1,1,7.5,4.7,63.0,72.8,4,2,2,0,1,92.1,0,Yes,8.36,83.5,Excellent,Placed
STU101806,20,Female,BSc Data Science,3,80.2,4.4,72.8,77.7,0,6.2,6.7,60.1,62.7,1,0,1,0,1,63.7,2,Yes,7.23,73.1,Good,Placed
STU101807,19,Male,BSc Computer Science,3,82.2,5.6,74.5,65.1,0,9.1,8.1,61.7,62.5,3,2,0,1,5,88.4,3,Yes,9.07,92.1,Excellent,Not Placed
STU101808,20,Female,BSc Computer Science,4,87.4,1.7,89.1,69.9,0,7.7,6.3,75.2,77.0,1,0,5,0,0,100.0,1,Yes,8.52,83.7,Excellent,Placed
STU101809,19,Female,BBA,2,65.7,3.4,77.0,80.2,0,7.6,8.0,67.6,52.7,4,1,1,0,1,89.8,5,Yes,6.77,68.8,Good,Placed
STU101810,24,Male,BSc Computer Science,3,83.9,3.8,69.0,74.2,0,4.7,8.4,46.2,62.7,1,0,2,1,2,73.9,2,Yes,7.03,69.7,Good,Not Placed
STU101811,18,Male,BTech CSE,4,65.1,3.6,66.1,63.0,0,5.2,4.0,69.0,93.8,4,2,1,0,1,74.2,0,Yes,6.39,65.3,Good,Not Placed
STU101812,23,Male,BBA,4,85.0,6.3,61.9,73.3,0,5.6,5.6,81.7,63.8,1,1,2,1,1,69.1,4,Yes,8.01,78.2,Good,Not Placed
STU101813,24,Female,BSc Data Science,2,81.2,2.4,100.0,76.2,1,6.5,4.7,70.8,68.0,0,1,0,1,4,70.6,0,Yes,8.38,83.1,Excellent,Not Placed
STU101814,20,Female,BBA,2,77.2,4.0,73.8,79.6,0,8.6,7.0,87.9,81.0,2,1,3,0,1,92.4,3,Yes,7.96,77.7,Good,Placed
STU101815,21,Female,BBA,3,77.6,0.5,86.9,85.7,0,5.1,8.5,44.8,83.5,1,0,1,0,1,64.6,5,Yes,7.3,73.4,Good,Not Placed
STU101816,21,Male,BBA,3,79.4,4.1,68.7,93.5,0,3.6,7.3,61.9,81.1,2,1,1,2,1,70.1,1,Yes,7.71,78.1,Good,Not Placed
STU101817,22,Female,BCA,3,88.9,4.3,95.5,72.0,1,9.1,7.4,94.7,47.6,1,1,3,0,1,76.8,1,Yes,9.57,91.4,Excellent,Placed
STU101818,19,Male,BSc Data Science,3,88.0,3.4,72.6,58.8,1,5.7,6.2,75.0,57.4,3,0,4,1,1,77.9,2,Yes,7.48,73.6,Good,Not Placed
STU101819,20,Male,BTech CSE,4,86.9,4.1,100.0,75.8,0,6.4,7.8,48.7,92.6,1,1,1,0,1,72.4,1,No,8.3,79.5,Good,Placed
STU101820,22,Female,BSc Data Science,3,64.5,2.7,100.0,55.9,2,8.3,7.1,75.0,61.8,1,0,2,3,0,86.6,2,No,8.16,82.3,Excellent,Not Placed
STU101821,20,Other,BSc Computer Science,3,83.8,1.7,69.7,94.8,0,8.6,8.8,64.9,73.7,3,0,0,0,4,100.0,0,Yes,8.65,84.8,Excellent,Not Placed
STU101822,19,Female,BCA,3,54.0,2.0,95.6,65.3,0,4.9,7.1,79.5,78.0,4,0,1,0,2,82.6,1,No,6.91,70.4,Good,Placed
STU101823,24,Female,BCA,2,56.7,2.2,100.0,83.8,2,7.0,4.4,64.6,91.3,3,2,3,0,1,78.6,4,No,7.2,74.3,Good,Not Placed
STU101824,24,Male,BSc Data Science,2,89.2,1.6,64.4,75.8,0,9.0,4.8,80.9,50.5,2,1,4,0,0,87.4,2,Yes,8.03,79.4,Good,Not Placed
STU101825,21,Male,BSc Computer Science,4,63.5,1.5,65.6,74.9,1,6.6,5.0,65.7,69.1,5,0,2,1,0,85.6,2,Yes,7.38,73.2,Good,Placed
STU101826,24,Female,BSc Data Science,4,76.2,2.3,59.0,53.0,0,8.5,5.9,72.0,64.4,2,1,0,2,2,64.3,3,Yes,6.95,69.1,Good,Not Placed
STU101827,24,Female,BSc Computer Science,2,92.0,3.0,71.7,62.5,0,6.8,9.2,87.1,100.0,1,1,2,0,2,86.4,2,No,7.36,76.6,Good,Not Placed
STU101828,18,Male,BSc Computer Science,4,83.8,3.7,70.9,67.3,0,8.5,8.6,70.6,55.7,3,1,1,0,3,86.6,0,Yes,7.63,79.6,Good,Not Placed
STU101829,21,Male,BTech CSE,2,81.7,1.7,78.3,67.5,1,8.9,7.5,51.6,49.7,4,0,2,0,2,88.6,1,Yes,7.63,75.8,Good,Placed
STU101830,22,Male,BSc Computer Science,3,77.5,2.1,68.0,73.1,1,9.6,8.1,54.3,96.5,5,0,4,0,3,100.0,3,No,7.43,76.8,Good,Not Placed
STU101831,23,Female,BSc Data Science,2,79.3,2.6,89.6,64.1,1,7.4,7.9,85.4,100.0,2,0,1,0,4,100.0,3,Yes,7.32,71.3,Good,Placed
STU101832,18,Male,BSc Data Science,4,71.7,4.2,82.3,77.9,2,5.8,8.5,37.3,84.1,2,1,2,3,1,93.6,3,No,6.75,66.4,Good,Not Placed
STU101833,22,Male,BCA,2,73.2,1.7,86.7,70.8,0,7.0,5.1,57.5,39.8,2,1,0,0,2,76.0,0,Yes,7.72,74.2,Good,Not Placed
STU101834,19,Male,BSc Computer Science,3,78.9,2.7,93.3,79.9,2,7.1,8.9,100.0,49.3,2,0,4,0,1,94.2,1,Yes,7.76,76.3,Good,Not Placed
STU101835,18,Male,BSc Computer Science,4,80.3,5.0,84.9,54.2,1,6.5,7.0,63.1,51.0,2,1,2,1,1,80.3,1,No,7.58,76.7,Good,Not Placed
STU101836,22,Female,BSc Computer Science,2,76.4,2.3,79.5,81.4,1,7.8,7.3,72.5,97.6,3,0,1,4,2,86.1,1,Yes,7.71,76.1,Good,Placed
STU101837,19,Male,BSc Data Science,3,55.6,1.6,73.0,91.6,0,7.5,8.6,57.1,63.7,1,0,1,1,4,82.4,0,Yes,7.12,73.0,Good,Not Placed
STU101838,21,Female,BTech CSE,2,93.6,3.4,91.9,70.1,0,7.0,7.3,74.2,69.8,2,0,3,2,1,82.2,1,Yes,8.73,85.9,Excellent,Placed
STU101839,23,Female,BCA,3,87.4,2.3,85.0,86.5,0,10.0,5.4,78.7,59.9,2,0,2,2,2,84.8,1,Yes,8.43,81.4,Excellent,Not Placed
STU101840,19,Female,BBA,3,76.0,0.5,84.4,71.7,1,5.0,6.5,63.0,43.7,3,1,0,1,1,73.5,0,Yes,6.14,61.5,Average,Not Placed
STU101841,24,Male,BCA,3,87.7,3.8,75.3,67.0,1,7.2,7.9,69.2,53.4,2,1,3,1,3,99.3,1,Yes,8.06,81.0,Excellent,Not Placed
STU101842,20,Female,BBA,4,74.4,4.8,85.3,74.5,0,6.5,5.8,52.1,96.4,0,1,0,0,3,67.5,2,Yes,8.74,87.4,Excellent,Not Placed
STU101843,19,Female,BSc Computer Science,3,81.2,3.5,73.4,90.8,1,3.2,5.9,60.6,64.3,2,1,4,0,2,72.1,3,Yes,7.63,75.2,Good,Not Placed
STU101844,19,Other,BSc Data Science,2,58.8,5.1,85.4,89.9,0,5.4,7.4,68.1,35.6,1,0,3,1,2,75.7,1,Yes,8.39,82.8,Excellent,Not Placed
STU101845,23,Female,BCA,3,80.6,4.5,79.1,53.6,0,4.0,7.1,95.4,75.6,3,2,2,1,1,66.7,2,Yes,6.91,67.6,Good,Not Placed
STU101846,20,Male,BCA,4,75.2,2.2,89.9,59.7,1,8.0,5.8,47.9,63.7,5,1,2,1,3,92.2,0,Yes,7.49,75.3,Good,Not Placed
STU101847,24,Male,BCA,4,80.2,6.6,67.4,71.0,0,4.2,8.9,75.4,64.2,1,0,0,1,3,74.9,1,No,7.76,74.0,Good,Not Placed
STU101848,22,Male,BCA,2,95.1,4.0,82.5,63.5,1,4.0,7.1,81.6,61.1,3,0,1,0,3,61.9,1,Yes,7.68,77.5,Good,Not Placed
STU101849,22,Female,BSc Computer Science,3,77.8,4.1,89.7,76.6,0,6.1,3.4,63.6,46.4,1,1,0,0,1,57.8,2,Yes,7.22,74.2,Good,Not Placed
STU101850,19,Male,BSc Data Science,4,73.4,2.0,82.8,70.3,0,5.9,7.5,77.4,54.3,1,0,0,0,1,86.7,2,Yes,6.87,71.0,Good,Not Placed
STU101851,20,Male,BTech CSE,4,73.5,1.2,66.4,66.6,2,5.8,7.8,83.0,100.0,0,4,3,1,2,78.3,2,No,5.94,59.4,Average,Not Placed
STU101852,20,Male,BCA,3,63.8,1.9,73.8,95.7,0,4.5,7.9,95.7,79.2,2,0,5,0,1,80.2,3,Yes,8.36,83.9,Excellent,Placed
STU101853,24,Male,BBA,3,82.0,4.9,95.9,81.4,0,8.1,6.1,93.4,76.1,1,0,1,1,0,69.7,0,No,9.26,93.2,Excellent,Placed
STU101854,23,Male,BSc Computer Science,3,83.3,6.1,81.2,80.6,0,6.2,5.3,38.1,61.9,1,2,4,0,2,87.4,1,Yes,9.12,89.4,Excellent,Not Placed
STU101855,21,Male,BCA,2,78.7,3.9,73.0,62.3,0,8.3,6.9,60.9,66.5,1,0,2,1,1,89.2,3,No,7.53,73.0,Good,Not Placed
STU101856,22,Male,BSc Data Science,4,87.2,3.6,95.8,71.6,0,4.7,7.1,74.1,92.1,3,1,2,2,1,75.5,0,Yes,7.85,79.3,Good,Placed
STU101857,23,Male,BCA,2,87.3,5.0,99.0,70.4,0,5.3,8.0,69.9,66.8,1,0,1,0,2,84.2,0,Yes,8.84,86.0,Excellent,Not Placed
STU101858,18,Male,BCA,3,78.7,5.6,69.0,73.1,1,,7.3,79.0,69.4,1,1,3,1,2,76.1,2,Yes,8.43,81.1,Excellent,Not Placed
STU101859,22,Male,BSc Computer Science,3,83.9,1.3,76.5,66.7,1,6.5,8.6,71.9,73.8,2,0,1,0,2,80.0,1,No,7.11,72.9,Good,Not Placed
STU101860,23,Female,BTech CSE,3,99.7,5.9,78.2,83.1,0,5.3,8.6,72.0,45.3,0,2,2,0,4,87.3,4,No,9.53,93.7,Excellent,Not Placed
STU101861,22,Female,BBA,3,69.8,2.9,87.9,88.0,1,8.4,6.8,69.9,63.0,0,0,5,0,2,90.7,4,Yes,8.18,81.4,Excellent,Not Placed
STU101862,21,Male,BSc Computer Science,3,85.7,5.1,80.0,81.2,0,2.4,5.3,73.5,45.3,2,0,1,2,1,53.4,2,No,7.81,79.2,Good,Not Placed
STU101863,18,Male,BBA,3,78.9,1.9,83.3,70.8,1,9.5,8.4,76.3,20.6,2,0,1,1,2,83.2,6,Yes,8.08,79.8,Good,Not Placed
STU101864,21,Female,BBA,3,88.5,5.1,80.4,67.2,0,6.0,7.7,75.3,41.2,5,0,1,0,2,82.1,3,No,8.08,82.7,Excellent,Not Placed
STU101865,24,Female,BTech CSE,3,70.1,1.3,100.0,85.0,0,5.1,5.2,33.1,64.3,1,0,0,1,3,61.0,1,No,7.55,75.1,Good,Not Placed
STU101866,18,Female,BSc Computer Science,4,80.0,5.2,88.3,75.9,4,9.8,6.4,51.6,86.2,3,0,2,4,1,95.9,3,No,8.75,86.6,Excellent,Not Placed
STU101867,19,Female,BCA,4,71.2,4.5,78.8,78.7,0,6.3,5.2,69.4,70.6,2,1,0,1,1,53.2,3,Yes,8.2,81.4,Excellent,Not Placed
STU101868,23,Male,BCA,3,60.3,1.1,78.9,75.7,0,6.0,3.7,76.0,72.5,1,0,1,0,0,67.6,1,Yes,5.67,55.6,Average,Not Placed
STU101869,18,Male,BSc Computer Science,4,92.0,5.4,87.2,63.1,0,5.4,5.2,74.9,81.3,2,0,1,1,1,74.0,0,No,8.17,79.8,Good,Not Placed
STU101870,24,Male,BSc Data Science,3,73.7,2.0,71.5,90.8,0,6.0,3.4,43.1,94.8,2,1,1,1,4,73.1,2,No,7.98,81.1,Excellent,Not Placed
STU101871,24,Female,BCA,3,69.6,5.2,85.0,100.0,1,7.4,7.6,56.5,76.9,1,2,5,0,0,81.7,6,No,9.47,90.8,Excellent,Not Placed
STU101872,21,Female,BSc Computer Science,4,72.2,3.7,83.8,66.8,0,7.4,6.9,72.1,53.1,3,1,2,2,0,94.4,0,Yes,8.24,81.7,Excellent,Placed
STU101873,22,Female,BCA,3,96.2,1.6,72.5,71.5,1,4.4,5.5,77.5,64.2,2,1,3,1,2,66.0,3,Yes,6.29,63.5,Average,Not Placed
STU101874,18,Male,BTech CSE,2,91.1,2.0,56.5,67.4,0,4.4,8.0,72.0,87.5,3,1,3,0,0,89.5,4,Yes,6.28,61.4,Average,Placed
STU101875,23,Female,BCA,4,75.8,9.4,62.9,64.0,1,8.4,4.5,69.1,76.3,0,0,1,2,1,58.7,5,Yes,8.09,81.3,Excellent,Not Placed
STU101876,18,Male,BSc Computer Science,4,86.6,7.0,79.5,79.2,2,5.5,8.8,73.3,52.8,1,0,1,2,1,81.5,0,Yes,8.63,87.6,Excellent,Not Placed
STU101877,20,Male,BTech CSE,3,67.2,3.2,92.0,65.1,1,6.4,6.1,77.6,69.9,2,1,1,0,0,71.5,1,Yes,6.46,63.8,Average,Not Placed
STU101878,22,Male,BCA,4,83.2,4.1,77.1,60.5,1,6.7,7.5,41.7,86.8,2,0,0,0,2,74.7,5,No,7.54,74.2,Good,Not Placed
STU101879,23,Female,BSc Computer Science,3,73.7,5.3,91.5,77.4,1,9.1,5.1,60.3,81.3,3,0,4,0,0,85.8,1,No,8.52,85.9,Excellent,Not Placed
STU101880,23,Male,BTech CSE,3,82.4,1.6,78.0,61.5,2,8.9,7.0,74.6,76.7,2,1,1,0,1,88.2,1,Yes,6.91,70.0,Good,Placed
STU101881,19,Female,BCA,3,64.3,4.5,70.4,64.6,0,7.1,6.6,64.5,48.6,2,0,1,0,2,81.4,3,Yes,7.39,74.7,Good,Not Placed
STU101882,21,Male,BCA,3,72.0,5.0,67.9,63.9,2,5.3,6.3,68.8,49.2,2,0,3,0,2,82.9,3,No,7.3,72.0,Good,Not Placed
STU101883,19,Female,BSc Data Science,3,79.8,4.0,71.8,77.6,3,10.0,6.1,60.1,66.8,2,1,5,4,2,100.0,3,Yes,7.3,74.8,Good,Not Placed
STU101884,23,Male,BSc Computer Science,2,79.7,5.6,83.5,72.9,0,,7.4,61.2,94.9,3,0,2,2,1,93.1,1,Yes,7.93,79.9,Good,Not Placed
STU101885,22,Male,BSc Computer Science,2,63.4,3.7,81.5,49.6,1,9.0,5.4,70.5,74.4,2,0,2,1,1,82.7,0,Yes,8.08,81.0,Excellent,Not Placed
STU101886,18,Female,BCA,3,68.3,5.2,79.3,75.4,0,6.1,3.7,51.3,65.3,1,0,1,1,3,80.9,3,Yes,6.72,69.2,Good,Not Placed
STU101887,18,Female,BSc Data Science,3,82.2,3.9,79.7,62.1,1,4.4,6.7,71.0,54.7,2,3,0,0,0,65.0,2,No,7.76,76.3,Good,Not Placed
STU101888,22,Female,BCA,2,81.1,1.2,94.2,90.5,0,7.4,8.5,58.1,77.6,5,2,3,0,3,90.7,0,Yes,9.56,95.5,Excellent,Placed
STU101889,23,Female,BTech CSE,4,84.6,4.9,100.0,47.2,0,6.5,4.1,42.0,83.9,0,0,0,2,1,70.9,2,Yes,8.15,78.4,Good,Not Placed
STU101890,24,Female,BSc Data Science,3,79.9,5.5,73.9,76.5,0,9.5,6.9,80.5,59.6,1,1,1,1,2,79.1,4,No,9.98,96.5,Excellent,Not Placed
STU101891,18,Male,BTech CSE,2,67.5,3.3,79.9,81.3,1,6.3,6.8,90.6,61.6,3,1,2,1,1,77.2,2,No,8.26,83.5,Excellent,Not Placed
STU101892,24,Female,BSc Data Science,3,74.5,1.5,68.6,57.5,1,5.7,7.7,71.0,56.8,1,1,0,1,5,66.5,1,Yes,6.69,65.2,Good,Not Placed
STU101893,18,Male,BTech CSE,4,83.3,4.8,81.8,68.7,0,8.8,7.0,71.3,47.4,1,4,0,1,1,76.3,4,No,8.35,84.0,Excellent,Not Placed
STU101894,18,Male,BSc Computer Science,3,68.0,4.0,78.5,73.1,0,5.7,5.7,61.5,39.3,1,0,0,0,1,69.8,2,Yes,7.38,71.9,Good,Not Placed
STU101895,21,Male,BSc Computer Science,2,66.7,3.9,84.4,70.2,0,6.0,4.2,88.0,77.4,2,1,3,2,0,80.6,2,Yes,8.32,81.2,Excellent,Placed
STU101896,21,Female,BSc Data Science,2,75.0,3.8,91.7,77.8,1,3.7,6.9,90.8,44.0,2,3,2,0,2,84.5,1,Yes,7.43,78.7,Good,Not Placed
STU101897,20,Female,BTech CSE,3,80.7,5.0,68.7,73.9,0,8.5,5.7,71.0,79.6,3,0,1,1,1,79.5,0,Yes,7.75,81.5,Excellent,Not Placed
STU101898,19,Male,BSc Data Science,3,59.6,3.9,79.7,81.4,0,6.2,5.4,86.1,28.8,0,2,2,0,1,71.4,3,No,8.17,81.1,Excellent,Not Placed
STU101899,22,Female,BSc Data Science,3,75.6,2.8,79.0,76.0,1,4.4,6.9,69.2,75.8,0,1,2,1,1,65.2,2,No,7.05,68.6,Good,Not Placed
STU101900,22,Female,BSc Computer Science,4,83.2,1.1,83.7,73.3,1,8.6,5.1,67.6,58.2,3,3,2,2,2,77.8,2,No,7.13,75.5,Good,Not Placed
STU101901,22,Male,BTech CSE,2,85.2,2.8,97.4,68.7,1,6.0,7.0,69.9,70.3,2,1,0,1,1,72.1,7,Yes,7.21,73.7,Good,Not Placed
STU101902,20,Male,BSc Computer Science,4,68.0,4.9,74.8,75.0,2,9.8,7.7,62.8,60.9,1,2,4,0,2,89.8,1,Yes,7.84,75.2,Good,Placed
STU101903,21,Female,BSc Data Science,4,81.7,3.0,88.7,93.0,1,8.8,4.4,93.2,57.7,1,1,2,1,2,86.8,5,Yes,8.96,92.0,Excellent,Placed
STU101904,23,Male,BTech CSE,4,87.9,4.9,100.0,71.0,0,4.3,8.3,83.5,47.0,3,2,2,0,1,76.2,1,No,7.9,79.5,Good,Placed
STU101905,24,Female,BSc Computer Science,4,84.1,1.4,72.7,56.7,1,7.8,6.7,55.8,64.4,4,0,1,0,4,81.0,7,No,7.15,67.0,Good,Not Placed
STU101906,24,Male,BBA,4,73.9,2.0,83.6,85.2,0,8.4,8.4,72.6,89.4,0,0,1,2,1,84.3,3,No,8.09,80.6,Excellent,Not Placed
STU101907,23,Male,BTech CSE,3,54.1,1.9,83.5,96.9,0,3.5,6.3,70.2,76.7,5,2,2,0,1,75.3,1,Yes,7.58,76.8,Good,Placed
STU101908,20,Female,BSc Computer Science,3,80.1,3.7,67.7,78.9,2,6.0,9.8,76.6,46.2,1,0,1,0,0,79.3,3,Yes,7.19,70.4,Good,Not Placed
STU101909,23,Female,BSc Data Science,3,93.8,6.2,88.4,95.6,0,5.5,,66.3,60.1,1,0,4,2,1,91.0,2,No,9.45,93.4,Excellent,Not Placed
STU101910,22,Female,BTech CSE,4,86.2,6.9,94.3,73.7,0,8.5,,57.1,58.5,6,0,3,0,2,100.0,2,Yes,9.29,93.2,Excellent,Placed
STU101911,19,Female,BSc Computer Science,3,85.5,5.1,74.7,100.0,0,4.9,6.5,54.3,73.5,4,0,5,2,1,86.8,1,Yes,8.68,84.4,Excellent,Placed
STU101912,18,Female,BBA,2,79.7,0.6,78.8,54.4,0,7.0,2.9,62.5,40.4,1,0,1,1,3,58.5,5,No,7.89,79.0,Good,Not Placed
STU101913,24,Female,BCA,2,87.0,2.4,62.8,70.2,0,10.0,6.5,75.4,81.6,1,2,3,0,2,87.4,5,Yes,7.54,75.7,Good,Placed
STU101914,21,Male,BCA,4,81.0,0.5,93.6,79.2,1,2.8,7.2,76.6,100.0,1,1,0,0,1,67.2,2,Yes,6.51,66.0,Good,Not Placed
STU101915,21,Female,BCA,4,60.5,3.7,91.5,62.8,0,6.7,6.8,91.3,67.5,0,2,2,0,0,81.8,3,Yes,8.02,79.4,Good,Not Placed
STU101916,20,Male,BSc Computer Science,3,86.9,5.9,71.5,86.2,0,6.7,7.1,30.7,61.4,1,1,2,0,2,81.3,1,No,8.64,86.0,Excellent,Not Placed
STU101917,21,Female,BBA,3,69.4,4.7,72.7,78.6,0,2.0,7.6,91.6,81.9,1,0,3,0,0,76.1,2,Yes,7.85,77.5,Good,Not Placed
STU101918,22,Male,BCA,3,78.7,0.9,77.6,69.4,0,3.5,6.3,38.6,47.9,2,0,4,1,0,76.4,3,Yes,6.19,63.4,Average,Not Placed
STU101919,24,Female,BTech CSE,2,85.4,5.6,96.2,77.2,1,8.1,7.1,76.4,84.7,1,3,2,0,1,81.4,2,No,9.67,96.5,Excellent,Placed
STU101920,23,Male,BSc Computer Science,3,70.5,5.3,81.2,74.4,1,6.4,5.8,73.2,50.1,2,0,0,0,0,63.1,1,Yes,7.96,81.5,Excellent,Not Placed
STU101921,22,Female,BTech CSE,3,68.1,5.8,83.7,79.8,1,6.9,4.9,54.1,100.0,1,0,3,0,2,70.8,4,Yes,8.14,84.6,Excellent,Placed
STU101922,20,Female,BSc Data Science,4,82.8,5.2,83.7,69.2,0,6.2,9.5,71.4,34.6,2,0,2,1,0,87.5,2,Yes,7.67,78.1,Good,Placed
STU101923,22,Male,BTech CSE,3,66.9,2.7,97.1,45.5,0,8.7,4.9,59.5,53.9,3,1,2,1,3,82.6,2,Yes,7.55,76.2,Good,Not Placed
STU101924,23,Female,BCA,3,76.1,0.7,77.9,82.4,0,10.0,6.4,86.1,71.5,2,0,1,0,3,100.0,2,Yes,7.39,78.5,Good,Placed
STU101925,19,Male,BTech CSE,4,89.3,5.3,80.5,71.2,0,8.5,8.0,51.3,76.5,3,0,3,1,2,100.0,0,No,8.94,91.3,Excellent,Placed
STU101926,20,Female,BCA,3,94.3,4.7,94.9,62.6,0,2.3,6.4,75.2,57.1,0,1,7,0,4,77.5,2,Yes,8.16,80.6,Excellent,Placed
STU101927,19,Female,BSc Computer Science,2,60.2,0.5,94.8,67.5,0,6.4,7.7,80.1,85.2,2,1,2,1,1,81.1,2,No,6.81,68.0,Good,Not Placed
STU101928,18,Male,BTech CSE,3,75.8,2.1,70.5,69.6,0,9.0,8.5,44.9,48.0,4,0,3,2,1,87.5,2,Yes,7.42,73.5,Good,Not Placed
STU101929,19,Female,BCA,4,90.7,2.1,60.6,54.2,0,5.7,6.9,52.5,47.4,2,0,0,1,2,85.6,2,No,6.77,64.6,Average,Not Placed
STU101930,18,Male,BCA,3,74.0,4.6,81.9,61.3,2,9.1,7.5,57.1,44.0,0,2,1,0,7,82.9,2,Yes,8.06,80.5,Excellent,Not Placed
STU101931,18,Male,BTech CSE,3,85.9,3.5,89.1,70.6,0,5.9,,45.3,68.4,0,0,1,1,2,80.9,2,Yes,7.84,77.6,Good,Not Placed
STU101932,19,Female,BSc Computer Science,4,86.7,3.1,85.5,70.0,0,4.2,5.5,81.5,62.7,3,0,2,0,3,74.2,2,Yes,7.85,75.4,Good,Not Placed
STU101933,20,Male,BSc Computer Science,4,71.9,2.9,75.3,60.8,0,7.8,4.6,73.9,45.6,2,0,0,3,2,79.4,5,No,7.29,75.4,Good,Not Placed
STU101934,23,Other,BCA,3,82.3,1.8,100.0,56.5,0,7.3,10.0,76.9,67.7,3,1,2,1,0,89.4,5,Yes,7.98,78.6,Good,Placed
STU101935,22,Female,BCA,4,82.9,4.9,70.2,61.8,1,5.4,7.5,78.9,46.4,2,0,2,1,3,72.9,1,No,7.09,76.0,Good,Not Placed
STU101936,22,Male,BSc Data Science,4,87.1,2.4,67.0,75.6,0,8.8,5.4,71.1,69.5,1,1,3,0,3,89.0,1,No,7.41,71.0,Good,Not Placed
STU101937,23,Female,BCA,4,61.7,5.2,94.7,64.2,1,3.2,10.0,45.3,79.9,5,0,1,0,4,74.7,1,Yes,7.61,75.1,Good,Not Placed
STU101938,24,Male,BBA,4,90.9,1.4,77.4,82.5,0,8.4,4.4,62.9,47.7,7,0,1,0,2,91.8,2,Yes,8.78,86.7,Excellent,Not Placed
STU101939,24,Male,BCA,3,84.9,2.8,100.0,85.9,0,5.5,5.4,82.0,58.6,0,0,1,0,1,74.2,3,Yes,7.77,76.5,Good,Not Placed
STU101940,18,Male,BSc Data Science,3,66.7,6.4,79.3,92.9,1,9.7,6.0,63.4,89.6,0,0,4,0,1,80.7,3,Yes,8.19,80.8,Excellent,Not Placed
STU101941,18,Male,BCA,2,76.7,3.9,77.7,79.5,1,8.0,8.4,69.7,57.5,3,0,2,0,0,89.6,5,No,8.6,83.0,Excellent,Not Placed
STU101942,20,Male,BCA,3,86.4,2.8,87.5,77.1,0,5.9,6.2,81.7,56.4,3,0,4,0,5,83.5,1,No,6.99,70.4,Good,Not Placed
STU101943,21,Male,BSc Computer Science,4,67.2,2.6,91.4,88.5,0,4.8,6.6,84.3,100.0,4,0,2,0,0,88.0,1,Yes,7.63,76.5,Good,Not Placed
STU101944,19,Female,BSc Computer Science,4,68.8,2.2,100.0,57.4,0,3.6,4.8,94.3,81.7,4,2,2,1,0,61.0,3,Yes,5.79,57.3,Average,Placed
STU101945,18,Female,BCA,3,78.2,4.2,91.5,79.5,2,6.4,6.5,68.4,58.7,2,0,1,1,2,80.7,3,Yes,8.08,83.4,Excellent,Not Placed
STU101946,22,Female,BCA,3,73.6,4.8,93.8,83.4,1,6.6,6.4,63.2,75.1,1,0,2,0,2,73.8,2,Yes,8.86,87.9,Excellent,Not Placed
STU101947,20,Female,BCA,3,80.5,3.9,75.6,71.9,1,8.4,4.2,67.2,26.6,0,1,4,3,2,83.5,1,No,7.87,78.0,Good,Not Placed
STU101948,19,Female,BTech CSE,3,86.2,3.4,92.5,81.9,2,5.2,6.3,60.5,54.2,1,2,1,1,3,65.6,5,No,7.5,76.3,Good,Not Placed
STU101949,20,Male,BSc Computer Science,4,80.7,4.4,88.9,68.0,0,7.2,5.4,67.2,60.1,5,0,2,0,1,89.3,1,No,7.31,76.1,Good,Not Placed
STU101950,19,Female,BCA,3,77.9,1.4,75.6,72.5,0,5.9,9.1,59.6,56.7,2,1,3,1,1,73.6,2,No,6.57,67.0,Good,Not Placed
STU101951,19,Other,BSc Computer Science,2,86.3,4.1,66.9,76.4,0,9.2,7.2,82.4,52.5,1,0,3,0,1,82.2,1,Yes,7.61,76.5,Good,Placed
STU101952,23,Male,BTech CSE,3,77.0,4.2,72.1,76.0,1,6.3,9.2,57.8,74.1,3,1,2,0,2,88.4,0,No,8.01,77.0,Good,Not Placed
STU101953,18,Female,BTech CSE,2,70.5,3.9,76.3,55.3,0,5.2,3.7,92.4,60.0,2,0,1,1,1,69.5,1,Yes,5.66,58.3,Average,Not Placed
STU101954,20,Female,BBA,4,89.6,2.7,79.9,65.8,0,4.3,5.1,25.8,62.7,1,0,3,2,0,75.0,1,Yes,6.96,71.5,Good,Not Placed
STU101955,20,Female,BSc Data Science,3,53.8,2.3,90.2,72.5,0,5.7,5.6,67.4,58.9,1,0,1,1,2,57.1,2,Yes,6.61,68.6,Good,Not Placed
STU101956,23,Female,BCA,4,78.6,1.5,92.4,76.7,3,6.1,5.5,80.9,57.1,3,1,0,0,1,74.2,0,Yes,8.52,84.0,Excellent,Not Placed
STU101957,22,Male,BCA,2,74.4,5.7,100.0,80.1,1,6.1,7.3,52.8,75.1,2,2,0,2,2,61.1,0,Yes,8.47,84.0,Excellent,Not Placed
STU101958,22,Male,BTech CSE,2,68.8,3.4,86.7,72.3,1,7.3,6.3,55.4,75.6,1,1,3,0,0,79.1,2,Yes,8.38,81.9,Excellent,Not Placed
STU101959,24,Male,BBA,3,81.0,2.9,66.0,85.3,0,5.9,5.2,75.8,77.1,1,0,0,0,1,73.6,2,Yes,8.02,80.9,Excellent,Not Placed
STU101960,18,Female,BSc Computer Science,4,82.6,2.7,72.1,68.5,2,5.0,10.0,77.7,65.0,1,0,2,1,3,88.1,4,No,6.57,64.9,Average,Not Placed
STU101961,18,Male,BSc Data Science,3,69.7,2.1,79.5,82.3,0,5.7,7.1,56.1,64.9,3,1,1,1,4,87.6,3,No,7.78,75.8,Good,Not Placed
STU101962,21,Female,BSc Data Science,2,64.0,2.7,93.8,70.2,0,6.1,3.6,66.5,59.7,1,0,1,0,1,67.3,2,No,7.14,70.7,Good,Not Placed
STU101963,23,Male,BSc Data Science,2,64.9,5.3,88.8,61.0,1,5.5,8.0,87.9,78.4,1,0,3,1,1,81.7,3,Yes,7.65,76.5,Good,Placed
STU101964,22,Male,BCA,3,96.1,4.4,73.7,100.0,4,3.6,10.0,70.8,52.4,3,0,3,1,4,87.4,3,No,9.01,89.0,Excellent,Not Placed
STU101965,19,Male,BSc Computer Science,2,97.2,4.7,69.8,78.0,0,3.8,8.0,52.5,66.7,2,2,6,1,0,77.3,3,No,8.28,81.3,Excellent,Not Placed
STU101966,20,Female,BCA,3,78.3,4.9,75.0,49.9,0,3.0,5.1,47.1,63.5,0,2,4,0,2,61.8,3,No,6.33,61.8,Average,Not Placed
STU101967,18,Male,BCA,3,64.3,6.8,68.4,82.8,1,6.8,6.1,73.6,48.5,0,0,3,3,3,78.7,3,Yes,8.84,87.3,Excellent,Not Placed
STU101968,20,Male,BTech CSE,2,76.5,3.5,80.7,74.0,0,7.3,8.1,80.7,60.7,2,0,1,1,0,84.2,3,Yes,7.39,74.9,Good,Not Placed
STU101969,20,Male,BCA,2,56.0,2.9,86.9,82.4,0,5.0,5.3,83.3,60.5,2,0,1,0,1,96.5,0,Yes,6.89,70.5,Good,Not Placed
STU101970,21,Male,BCA,2,81.1,4.2,85.3,78.5,0,7.4,6.6,87.7,80.3,4,0,3,1,2,86.5,3,Yes,8.91,90.5,Excellent,Placed
STU101971,22,Male,BSc Data Science,4,68.1,4.5,76.8,62.8,0,5.8,5.4,71.3,69.1,1,1,3,1,2,73.8,3,Yes,8.1,79.9,Good,Not Placed
STU101972,18,Female,BTech CSE,3,65.9,3.4,82.3,83.0,0,6.2,7.7,68.3,76.7,2,2,0,2,2,66.7,2,Yes,8.42,82.7,Excellent,Not Placed
STU101973,20,Male,BTech CSE,4,87.8,2.2,67.6,64.0,0,4.2,8.1,72.4,40.4,1,0,2,2,3,64.6,1,No,7.48,76.1,Good,Not Placed
STU101974,18,Male,BCA,3,76.5,3.8,,62.3,2,8.7,8.9,76.3,50.4,3,1,4,2,1,100.0,4,Yes,7.64,78.6,Good,Placed
STU101975,19,Female,BSc Computer Science,4,86.7,4.3,85.4,68.0,0,9.4,8.4,59.9,84.6,3,0,0,2,1,82.1,3,Yes,8.62,85.8,Excellent,Not Placed
STU101976,21,Other,BCA,2,90.1,4.0,100.0,59.5,0,7.1,9.1,71.5,51.3,1,0,1,2,0,85.6,1,Yes,8.57,83.7,Excellent,Not Placed
STU101977,19,Female,BSc Computer Science,3,77.1,0.7,96.8,78.0,1,5.1,9.4,54.4,67.3,3,1,3,2,1,96.9,1,Yes,7.64,73.7,Good,Not Placed
STU101978,18,Male,BTech CSE,4,77.9,1.1,67.6,97.0,0,6.7,4.6,20.0,55.3,1,0,2,2,1,73.5,4,No,7.86,77.0,Good,Not Placed
STU101979,24,Female,BTech CSE,4,88.6,4.6,91.3,58.8,0,5.1,5.6,64.1,77.6,1,2,1,0,3,61.1,3,Yes,7.65,76.1,Good,Not Placed
STU101980,18,Female,BSc Computer Science,4,72.6,2.9,83.9,88.5,1,4.1,5.3,77.8,59.6,1,2,2,0,1,73.9,1,Yes,7.95,80.9,Excellent,Not Placed
STU101981,22,Female,BBA,4,89.5,6.8,84.2,64.8,1,7.8,7.1,44.0,63.0,1,2,2,2,2,97.7,2,No,8.73,88.9,Excellent,Not Placed
STU101982,20,Male,BBA,2,57.8,5.5,100.0,64.9,1,4.7,5.8,78.3,52.2,0,0,4,0,1,80.3,5,Yes,9.09,84.9,Excellent,Placed
STU101983,20,Female,BTech CSE,3,74.5,1.6,76.7,58.3,1,5.0,6.2,75.9,58.2,3,1,2,0,2,68.7,1,No,5.79,60.0,Average,Not Placed
STU101984,19,Female,BSc Computer Science,3,79.9,5.0,87.8,76.1,0,2.5,8.5,56.9,78.6,2,0,1,1,1,68.5,2,Yes,7.17,73.2,Good,Not Placed
STU101985,21,Male,BSc Data Science,4,65.9,5.9,90.5,56.1,1,8.4,7.7,92.3,64.0,3,0,1,1,5,90.0,5,Yes,7.97,80.4,Excellent,Not Placed
STU101986,24,Male,BSc Data Science,3,81.7,2.8,74.4,66.3,1,9.2,6.0,60.4,48.1,1,0,0,1,2,81.4,3,No,7.72,74.8,Good,Not Placed
STU101987,23,Female,BCA,4,79.7,3.4,59.0,85.3,1,7.8,8.1,46.9,76.9,4,1,0,1,0,80.4,4,No,7.22,73.2,Good,Not Placed
STU101988,20,Female,BCA,3,70.7,2.7,67.4,90.8,0,8.0,7.3,74.6,53.1,4,0,1,0,2,99.7,2,No,8.37,83.5,Excellent,Placed
STU101989,22,Male,BTech CSE,3,70.3,1.8,84.8,60.6,1,4.1,7.3,82.2,68.8,6,3,1,1,1,80.8,2,Yes,7.31,72.7,Good,Not Placed
STU101990,19,Female,BSc Computer Science,3,69.3,5.9,91.9,68.3,0,6.0,7.9,90.7,59.5,2,0,1,1,3,78.1,2,Yes,8.4,81.5,Excellent,Placed
STU101991,19,Male,BBA,3,62.3,0.5,88.0,70.3,1,7.8,2.9,68.9,82.4,3,1,2,1,0,71.2,6,Yes,6.69,67.6,Good,Not Placed
STU101992,23,Male,BCA,4,94.1,2.5,87.8,54.3,1,4.7,5.4,81.2,88.3,3,0,1,0,0,67.4,1,Yes,6.46,64.6,Average,Not Placed
STU101993,22,Female,BCA,3,75.9,2.9,85.7,65.1,0,5.8,5.2,60.6,66.1,2,1,2,0,1,85.7,2,No,8.14,80.3,Excellent,Not Placed
STU101994,21,Male,BTech CSE,4,64.5,3.7,,64.4,0,3.6,6.9,76.3,20.0,3,1,3,0,1,68.9,3,No,6.94,69.6,Good,Not Placed
STU101995,22,Male,BSc Data Science,4,76.8,1.6,81.7,77.9,1,6.0,8.0,92.2,60.5,0,0,4,0,1,92.8,1,No,5.62,57.4,Average,Not Placed
STU101996,21,Female,BCA,3,80.4,5.5,88.9,74.9,0,6.2,6.0,100.0,57.1,4,0,1,0,2,95.3,2,Yes,8.12,85.5,Excellent,Not Placed
STU101997,22,Male,BBA,4,69.8,0.7,87.2,73.5,0,7.4,5.3,59.3,63.1,1,0,3,0,2,72.7,1,Yes,7.11,73.0,Good,Not Placed
STU101998,22,Male,BTech CSE,3,74.4,0.8,100.0,69.5,0,3.5,3.3,88.5,78.5,3,0,4,0,2,70.8,3,No,5.98,62.6,Average,Not Placed
STU101999,18,Female,BSc Data Science,3,91.0,3.6,75.6,87.7,1,3.5,7.4,54.9,56.3,3,0,1,0,0,75.8,2,Yes,8.06,80.7,Excellent,Not Placed
STU102000,19,Female,BTech CSE,2,66.3,1.6,75.8,71.7,1,8.7,4.9,59.4,63.1,4,1,2,0,1,81.9,2,Yes,7.04,71.6,Good,Not Placed
STU102001,22,Female,BTech CSE,3,72.2,3.8,74.3,83.9,0,8.4,7.3,62.0,70.1,1,0,2,0,1,91.7,1,Yes,8.39,83.6,Excellent,Not Placed
STU102002,23,Female,BTech CSE,3,57.9,2.4,51.9,79.1,0,5.3,5.4,80.7,72.7,2,0,1,2,1,61.5,1,Yes,6.19,61.7,Average,Not Placed
STU102003,22,Male,BTech CSE,4,96.2,4.7,88.8,73.8,1,9.2,7.7,69.6,70.5,4,0,3,1,3,99.1,2,No,8.92,91.0,Excellent,Placed
STU102004,20,Female,BCA,3,84.6,2.1,82.0,82.7,1,6.8,7.4,47.9,51.5,3,2,5,0,1,87.8,2,No,8.78,85.3,Excellent,Placed
STU102005,19,Male,BSc Computer Science,2,77.5,5.7,79.3,68.3,1,8.5,4.0,74.8,81.6,2,0,4,1,0,80.9,1,No,8.61,85.1,Excellent,Placed
STU102006,20,Female,BCA,3,70.8,4.4,73.0,61.3,0,6.0,,86.8,68.3,3,1,2,0,2,92.6,1,Yes,8.12,78.6,Good,Placed
STU102007,19,Male,BCA,2,70.3,2.4,88.1,71.6,0,7.1,7.3,70.0,35.3,5,1,0,1,4,92.0,2,Yes,6.87,67.0,Good,Not Placed
STU102008,20,Female,BBA,4,75.3,4.4,82.2,90.0,1,5.9,8.5,80.5,48.1,1,1,3,1,2,79.4,3,Yes,8.59,83.6,Excellent,Not Placed
STU102009,22,Male,BSc Computer Science,4,83.0,3.7,99.0,74.6,0,9.5,4.6,57.3,62.8,1,0,1,0,2,86.6,2,No,9.09,89.1,Excellent,Placed
STU102010,22,Male,BTech CSE,3,67.4,4.7,82.3,65.9,0,6.2,5.0,81.6,71.1,1,1,2,0,2,79.2,0,Yes,8.44,84.5,Excellent,Not Placed
STU102011,18,Female,BTech CSE,4,73.4,4.4,86.6,62.3,0,6.3,6.2,58.1,77.9,3,0,3,1,2,80.3,3,Yes,7.92,79.0,Good,Not Placed
STU102012,23,Female,BBA,3,86.6,4.0,99.3,53.7,0,3.6,6.5,69.7,92.1,3,1,6,1,1,75.2,3,No,7.0,68.6,Good,Not Placed
STU102013,20,Female,BTech CSE,3,94.1,3.6,78.4,62.2,0,6.3,6.4,55.9,63.4,1,0,2,0,1,83.9,0,No,8.27,82.7,Excellent,Not Placed
STU102014,21,Male,BSc Computer Science,2,83.4,4.9,77.2,75.6,0,9.6,3.7,51.6,65.8,2,0,0,1,1,75.6,4,No,8.85,87.1,Excellent,Not Placed
STU102015,18,Female,BSc Data Science,3,71.4,5.3,97.7,69.2,0,8.9,7.2,53.5,45.4,3,0,3,1,1,90.7,0,Yes,8.6,89.1,Excellent,Placed
STU102016,20,Female,BCA,4,76.4,3.7,64.8,74.7,0,6.2,6.3,62.1,68.2,0,1,3,1,2,69.9,2,Yes,7.25,72.5,Good,Not Placed
STU102017,20,Female,BSc Data Science,2,82.1,4.4,79.1,61.1,0,6.3,6.2,70.1,70.7,2,1,2,0,0,73.3,2,Yes,7.46,75.8,Good,Placed
STU102018,18,Female,BSc Data Science,3,75.1,4.9,78.9,84.3,1,4.3,6.8,56.8,79.2,4,0,1,2,1,74.4,3,Yes,8.3,82.8,Excellent,Not Placed
STU102019,22,Female,BSc Computer Science,3,85.1,5.9,72.7,81.0,2,7.1,7.2,100.0,79.0,4,0,0,3,1,85.6,3,Yes,8.83,88.3,Excellent,Not Placed
STU102020,20,Female,BTech CSE,2,70.7,5.6,87.8,65.3,0,7.1,6.6,64.2,69.5,3,0,2,2,2,85.3,1,Yes,8.45,83.9,Excellent,Not Placed
STU102021,22,Female,BBA,3,94.1,5.0,75.7,55.1,1,7.5,5.2,50.1,70.8,0,0,1,1,2,69.9,4,No,7.31,73.3,Good,Not Placed
STU102022,18,Female,BTech CSE,2,77.1,2.9,83.2,75.0,0,3.6,4.6,37.3,68.2,2,1,1,0,1,66.4,3,Yes,7.12,70.7,Good,Not Placed
STU102023,22,Female,BSc Computer Science,4,71.7,1.5,71.7,48.4,1,8.6,8.2,94.3,63.1,2,1,1,1,3,87.9,3,Yes,6.63,68.5,Good,Not Placed
STU102024,19,Female,BSc Data Science,4,83.9,4.3,85.1,56.2,2,6.1,5.2,74.5,70.6,1,0,0,1,2,56.4,1,No,7.41,73.7,Good,Not Placed
STU102025,21,Female,BCA,3,68.2,4.3,100.0,67.2,0,8.7,4.8,53.7,57.5,1,1,4,2,2,86.3,2,No,7.58,76.1,Good,Not Placed
STU102026,24,Female,BSc Data Science,4,,2.9,81.4,61.4,0,6.9,6.8,63.4,45.2,1,1,5,0,4,80.3,2,Yes,7.55,76.3,Good,Not Placed
STU102027,20,Female,BTech CSE,2,92.0,1.5,81.9,87.5,0,9.1,7.6,58.1,52.5,1,0,2,1,0,80.0,1,Yes,9.13,88.8,Excellent,Placed
STU102028,23,Male,BCA,3,65.8,6.0,68.9,68.0,0,7.7,8.8,79.7,67.7,2,0,1,0,3,85.0,1,Yes,8.0,80.8,Excellent,Not Placed
STU102029,21,Male,BTech CSE,3,89.9,4.1,91.3,77.8,2,5.0,5.4,96.7,72.8,0,1,1,0,1,56.6,2,Yes,8.07,77.4,Good,Not Placed
STU102030,24,Female,BSc Computer Science,2,65.1,1.7,81.1,45.9,1,8.0,5.6,55.6,80.5,2,0,1,0,0,67.8,1,Yes,6.85,69.6,Good,Not Placed
STU102031,22,Female,BCA,4,86.2,3.3,86.3,50.6,1,8.3,7.1,78.3,100.0,1,0,2,0,1,74.6,1,Yes,7.06,71.1,Good,Placed
STU102032,20,Female,BCA,2,68.5,1.5,92.4,63.9,1,6.9,7.8,68.4,71.2,1,0,1,1,0,84.5,3,Yes,5.95,61.1,Average,Not Placed
STU102033,22,Female,BSc Computer Science,4,89.9,4.5,80.0,74.6,2,6.0,5.9,61.0,49.0,3,4,1,0,1,72.6,1,No,8.57,85.7,Excellent,Not Placed
STU102034,19,Female,BSc Data Science,3,72.2,6.3,93.2,56.8,0,8.2,7.8,63.6,57.3,3,3,1,2,2,95.5,3,Yes,7.93,79.3,Good,Not Placed
STU102035,18,Female,BTech CSE,2,74.4,3.2,93.9,76.4,1,8.6,5.8,52.6,84.3,2,0,4,0,1,87.3,0,No,9.38,94.2,Excellent,Not Placed
STU102036,20,Female,BTech CSE,4,68.6,3.4,85.7,88.2,0,4.1,7.0,72.3,80.2,1,0,3,0,1,67.1,2,Yes,7.64,77.4,Good,Not Placed
STU102037,24,Female,BSc Computer Science,3,53.9,3.1,84.2,62.5,0,6.7,4.7,73.1,70.1,1,0,0,1,1,63.9,0,No,6.47,62.9,Average,Not Placed
STU102038,24,Male,BTech CSE,3,66.6,3.2,82.3,71.9,1,6.1,7.5,76.6,47.9,0,2,0,1,0,75.5,2,Yes,6.98,69.1,Good,Not Placed
STU102039,19,Male,BSc Computer Science,3,61.2,2.3,88.2,68.7,1,9.9,7.6,70.8,76.7,0,2,0,0,1,76.3,1,No,7.46,75.8,Good,Not Placed
STU102040,19,Male,BBA,2,57.6,5.6,87.7,66.9,1,5.2,7.1,54.1,64.5,4,0,2,0,1,89.5,0,Yes,7.16,70.5,Good,Not Placed
STU102041,20,Male,BCA,4,80.9,3.8,66.3,75.8,2,7.5,3.8,77.3,69.1,3,0,2,1,3,74.8,5,Yes,7.5,74.0,Good,Not Placed
STU102042,22,Male,BTech CSE,3,93.2,3.6,74.6,72.1,0,7.7,6.2,56.2,98.3,3,1,2,1,0,72.7,0,Yes,8.08,81.2,Excellent,Placed
STU102043,23,Male,BSc Data Science,2,96.0,3.2,92.5,69.8,0,6.6,7.4,67.0,59.9,3,0,2,0,3,69.5,0,Yes,8.41,85.2,Excellent,Placed
STU102044,24,Male,BCA,4,66.4,1.6,84.7,73.7,0,9.0,5.5,54.4,36.4,0,1,2,2,1,89.3,1,No,7.73,76.7,Good,Not Placed
STU102045,24,Male,BCA,3,76.9,4.9,79.6,82.4,1,6.3,8.7,81.6,77.8,2,1,5,1,2,87.8,0,Yes,8.18,80.4,Excellent,Placed
STU102046,19,Male,BSc Computer Science,2,89.6,5.6,100.0,79.2,0,4.3,,58.2,46.9,0,2,1,2,2,66.7,2,Yes,8.97,88.6,Excellent,Not Placed
STU102047,21,Female,BCA,3,64.9,0.7,90.9,50.9,1,9.1,5.4,97.5,39.0,1,0,3,0,3,78.5,3,Yes,6.29,64.3,Average,Not Placed
STU102048,19,Female,BCA,3,90.0,4.6,93.9,61.4,1,5.7,7.8,60.8,77.0,1,2,1,1,1,86.8,0,Yes,7.61,77.3,Good,Placed
STU102049,23,Female,BBA,2,90.2,4.8,79.6,79.0,0,6.7,6.6,75.8,66.1,2,0,2,3,0,71.4,3,No,8.63,86.9,Excellent,Placed
STU102050,22,Male,BTech CSE,3,58.5,5.4,86.2,100.0,2,6.2,7.5,76.5,54.6,1,2,5,0,1,81.3,1,Yes,9.12,89.2,Excellent,Not Placed
STU102051,22,Male,BTech CSE,4,54.4,5.3,81.1,64.1,0,4.8,6.6,49.8,70.7,1,2,2,0,2,58.4,3,Yes,7.4,73.1,Good,Not Placed
STU102052,21,Male,BTech CSE,2,74.0,7.5,70.6,54.0,0,4.8,6.5,40.6,81.4,2,2,0,0,3,67.1,2,No,7.85,78.5,Good,Placed
STU102053,24,Female,BBA,3,87.4,4.1,84.2,99.3,1,3.7,6.1,53.9,91.0,2,1,2,2,4,76.0,2,Yes,7.58,77.9,Good,Placed
STU102054,19,Male,BSc Computer Science,3,62.8,5.0,81.4,87.2,1,7.4,7.6,70.7,75.5,3,0,3,0,1,97.9,1,No,7.98,78.1,Good,Not Placed
STU102055,22,Female,BCA,3,57.6,3.5,,86.4,0,7.8,4.4,54.6,50.6,1,1,0,1,0,68.7,3,No,7.34,76.0,Good,Not Placed
STU102056,23,Male,BTech CSE,4,78.6,2.3,92.9,73.3,0,6.9,5.7,56.6,40.0,0,0,2,2,3,85.5,3,Yes,8.26,80.1,Excellent,Not Placed
STU102057,20,Female,BTech CSE,3,84.3,4.6,80.8,71.4,0,7.6,6.9,91.0,77.6,2,0,2,1,1,83.2,3,No,8.73,89.0,Excellent,Not Placed
STU102058,18,Male,BSc Data Science,2,71.2,5.0,82.8,70.3,0,6.3,5.8,60.3,55.6,1,2,3,2,5,88.4,2,Yes,7.46,72.7,Good,Not Placed
STU102059,18,Male,BSc Computer Science,3,72.0,4.0,83.3,81.1,0,6.9,8.8,80.6,48.8,2,1,1,1,3,92.8,1,No,8.42,82.1,Excellent,Not Placed
STU102060,18,Female,BSc Data Science,2,84.3,1.0,87.5,87.0,1,6.4,7.7,63.5,70.0,1,1,1,0,0,85.8,1,Yes,7.96,78.0,Good,Placed
STU102061,24,Male,BBA,3,69.3,1.3,85.3,74.0,0,6.4,5.1,64.9,59.7,2,1,4,0,0,78.8,4,No,6.72,64.3,Average,Not Placed
STU102062,19,Male,BSc Data Science,2,70.1,4.7,89.6,81.3,0,4.5,6.4,61.5,64.2,4,0,1,0,1,87.7,2,Yes,8.02,78.9,Good,Not Placed
STU102063,21,Female,BBA,3,80.8,3.0,67.9,88.7,0,8.9,8.1,65.5,62.1,3,0,2,1,1,100.0,1,No,7.17,72.8,Good,Not Placed
STU102064,22,Female,BBA,3,81.9,4.0,83.6,83.3,2,6.0,7.3,48.3,87.3,2,2,1,3,0,81.1,1,No,8.86,84.6,Excellent,Not Placed
STU102065,20,Female,BSc Computer Science,3,75.8,4.2,80.8,79.0,2,5.7,6.6,55.5,79.8,0,0,4,1,0,72.2,1,Yes,7.9,79.7,Good,Not Placed
STU102066,23,Male,BSc Computer Science,3,92.8,3.3,67.5,63.3,0,5.5,6.6,57.6,52.7,0,1,2,0,2,72.3,1,Yes,6.62,67.7,Good,Not Placed
STU102067,20,Male,BSc Data Science,2,85.5,3.1,66.1,64.2,0,5.8,8.7,77.1,63.7,4,0,0,0,1,72.4,1,Yes,7.04,70.9,Good,Not Placed
STU102068,23,Male,BCA,4,74.5,3.3,75.1,51.3,1,5.8,4.7,89.3,71.3,0,1,2,1,0,58.8,1,No,6.66,67.1,Good,Not Placed
STU102069,24,Male,BCA,3,65.1,4.4,74.8,76.6,0,6.9,9.7,86.0,53.1,1,0,3,0,2,89.8,4,Yes,8.48,85.4,Excellent,Placed
STU102070,19,Female,BTech CSE,4,87.9,4.2,79.4,73.4,0,3.5,7.1,63.7,82.7,2,1,2,1,1,73.6,1,No,7.57,75.5,Good,Placed
STU102071,18,Female,BSc Computer Science,3,88.3,2.3,83.4,87.3,1,5.0,9.5,53.7,45.3,2,0,2,1,3,75.3,1,Yes,7.99,78.6,Good,Not Placed
STU102072,19,Male,BCA,4,77.0,3.5,87.4,77.5,1,9.2,6.7,66.3,76.4,2,0,4,2,2,100.0,3,No,8.3,81.8,Excellent,Placed
STU102073,24,Female,BCA,2,80.8,1.9,68.4,68.1,1,9.1,10.0,73.4,78.7,3,1,3,0,2,100.0,2,No,7.61,77.3,Good,Placed
STU102074,21,Male,BBA,3,85.0,4.3,72.1,66.2,2,6.0,5.8,67.5,72.6,2,0,1,1,2,72.2,2,No,7.99,79.6,Good,Not Placed
STU102075,21,Female,BSc Data Science,3,94.0,2.8,72.4,76.1,0,10.0,6.9,78.7,92.2,0,0,0,1,3,70.5,2,Yes,8.36,83.2,Excellent,Not Placed
STU102076,24,Male,BBA,3,86.9,4.6,80.7,75.0,1,7.8,8.1,52.4,43.6,2,1,2,1,2,83.1,5,Yes,9.23,90.4,Excellent,Not Placed
STU102077,23,Male,BSc Data Science,3,82.5,3.1,82.3,93.9,1,9.1,8.1,67.7,60.2,2,2,3,0,1,88.8,4,Yes,8.99,88.1,Excellent,Not Placed
STU102078,22,Male,BSc Computer Science,3,87.3,5.2,93.0,70.7,0,6.7,5.4,66.8,38.9,3,1,1,1,1,71.6,2,No,7.55,78.4,Good,Not Placed
STU102079,22,Female,BCA,3,89.5,5.5,71.9,77.8,0,6.0,4.5,65.0,70.3,3,0,2,1,2,72.5,1,No,8.18,83.9,Excellent,Not Placed
STU102080,23,Female,BSc Computer Science,2,80.7,4.2,90.5,91.6,0,8.2,5.5,58.5,59.7,3,1,1,1,0,79.7,5,Yes,7.87,82.1,Excellent,Placed
STU102081,21,Male,BSc Computer Science,2,87.2,2.9,65.7,70.2,0,8.5,6.4,47.1,100.0,1,0,0,2,2,85.5,2,Yes,7.34,72.4,Good,Not Placed
STU102082,21,Male,BCA,3,71.2,2.1,82.2,68.0,1,6.0,6.6,48.0,81.2,3,0,1,0,0,73.8,4,Yes,6.67,68.1,Good,Not Placed
STU102083,21,Male,BSc Computer Science,2,88.4,4.9,88.1,56.0,1,7.3,7.0,93.1,75.1,2,1,1,0,0,89.6,0,Yes,7.89,79.4,Good,Placed
STU102084,19,Male,BSc Computer Science,3,71.3,3.4,89.0,67.7,1,1.2,8.0,49.6,84.4,0,0,0,0,2,59.8,1,Yes,6.26,63.0,Average,Not Placed
STU102085,21,Female,BTech CSE,2,67.9,3.6,100.0,76.5,0,5.3,6.6,59.8,54.0,1,4,0,0,1,62.8,1,No,7.7,77.2,Good,Not Placed
STU102086,20,Male,BTech CSE,2,76.7,2.9,100.0,88.5,0,9.1,3.6,58.4,72.7,4,0,1,1,1,74.6,2,Yes,7.83,78.0,Good,Not Placed
STU102087,18,Male,BSc Data Science,3,64.6,1.4,86.5,55.5,1,5.5,8.4,61.0,32.4,1,2,0,0,1,79.7,5,Yes,6.81,68.3,Good,Not Placed
STU102088,21,Female,BSc Computer Science,3,72.0,5.1,67.5,61.2,1,6.4,8.7,98.0,52.9,1,3,4,1,2,100.0,1,No,6.67,67.4,Good,Not Placed
STU102089,23,Male,BBA,4,81.8,3.4,100.0,49.4,0,6.3,7.3,74.3,77.3,1,1,1,0,2,67.7,4,Yes,7.68,76.2,Good,Not Placed
STU102090,18,Female,BTech CSE,3,80.8,0.7,94.6,93.6,0,4.5,6.3,60.6,91.2,2,2,3,1,1,80.8,2,Yes,8.19,80.3,Excellent,Not Placed
STU102091,19,Female,BBA,4,84.4,3.3,93.3,73.9,0,6.3,7.2,67.1,95.7,2,0,2,0,2,69.8,2,No,7.95,81.5,Excellent,Not Placed
STU102092,23,Male,BSc Data Science,3,84.6,1.5,77.3,66.8,0,6.1,8.7,78.6,60.8,3,0,4,0,3,83.4,2,Yes,7.19,73.2,Good,Placed
STU102093,18,Female,BTech CSE,4,81.7,4.4,80.7,50.4,0,4.9,5.0,84.6,75.6,0,1,3,0,3,68.8,3,Yes,6.89,69.9,Good,Not Placed
STU102094,23,Female,BSc Computer Science,4,69.5,4.2,72.9,72.0,1,6.2,5.8,74.0,61.7,2,0,2,1,3,81.5,2,No,7.1,73.0,Good,Not Placed
STU102095,19,Male,BCA,3,87.2,5.8,89.4,67.2,0,4.4,5.8,93.6,55.2,6,1,0,1,0,76.5,1,Yes,7.68,80.0,Good,Not Placed
STU102096,20,Male,BTech CSE,3,76.9,1.3,76.9,50.5,0,6.4,5.0,56.8,100.0,1,0,6,0,0,87.4,3,No,6.89,69.4,Good,Not Placed
STU102097,19,Male,BTech CSE,2,80.4,5.7,89.9,68.5,0,6.4,10.0,64.0,50.9,0,2,2,1,2,82.9,2,No,7.9,79.8,Good,Placed
STU102098,19,Female,BCA,2,79.0,4.3,73.9,86.7,1,10.0,7.0,70.6,60.1,1,0,1,1,2,89.5,1,No,8.44,84.6,Excellent,Not Placed
STU102099,23,Female,BCA,4,93.7,1.4,92.5,68.9,1,5.1,5.0,72.9,83.7,2,1,3,1,1,70.4,2,No,7.62,77.8,Good,Not Placed
STU102100,24,Female,BTech CSE,4,66.1,6.2,85.1,86.1,2,8.0,4.6,58.8,33.9,3,0,3,0,1,90.1,3,Yes,8.78,88.3,Excellent,Not Placed
STU102101,22,Other,BCA,4,74.6,3.3,96.0,90.7,2,3.9,8.1,82.9,49.2,2,1,1,0,4,71.2,3,Yes,9.51,91.3,Excellent,Not Placed
STU102102,21,Female,BCA,4,83.3,1.7,100.0,68.8,1,10.0,8.6,76.2,55.4,0,2,2,0,0,82.5,4,Yes,8.38,83.2,Excellent,Placed
STU102103,21,Female,BSc Data Science,4,78.2,5.1,85.1,70.9,0,7.2,8.3,60.5,59.6,7,0,3,1,3,91.2,2,Yes,8.64,88.6,Excellent,Placed
STU102104,20,Male,BCA,3,73.2,1.9,,78.0,0,6.9,9.8,62.6,76.2,0,0,3,2,3,87.4,4,Yes,7.84,78.2,Good,Not Placed
STU102105,20,Female,BBA,3,58.8,5.2,97.1,84.3,0,7.6,6.1,82.2,65.5,1,1,4,0,3,76.6,1,Yes,9.09,89.3,Excellent,Not Placed
STU102106,21,Male,BSc Computer Science,3,75.1,3.2,81.8,89.1,1,6.6,4.7,59.9,59.6,2,0,2,0,1,88.2,3,Yes,7.8,81.4,Excellent,Not Placed
STU102107,22,Female,BSc Computer Science,3,81.6,3.0,84.9,90.2,0,5.8,10.0,54.9,53.2,3,3,1,0,1,81.8,2,No,8.87,86.3,Excellent,Placed
STU102108,21,Male,BBA,2,83.4,1.5,85.0,63.2,0,4.8,5.7,51.3,59.5,3,1,2,0,1,67.3,1,No,7.05,70.6,Good,Not Placed
STU102109,24,Male,BSc Computer Science,3,76.3,1.9,77.2,89.5,1,6.9,7.8,40.9,55.0,5,1,1,0,3,88.0,4,Yes,7.46,74.9,Good,Not Placed
STU102110,22,Male,BSc Data Science,3,79.8,3.7,77.3,78.2,0,8.8,5.5,62.1,82.9,2,2,1,2,1,88.0,2,Yes,9.32,90.0,Excellent,Not Placed
STU102111,20,Male,BTech CSE,3,66.6,1.0,95.5,65.7,0,3.1,8.5,32.1,71.2,2,0,1,0,2,75.4,0,No,6.42,65.2,Good,Not Placed
STU102112,18,Female,BSc Data Science,4,81.9,4.5,74.2,58.3,1,,4.8,57.8,82.2,2,0,2,2,3,84.2,0,Yes,9.11,89.4,Excellent,Not Placed
STU102113,23,Male,BSc Data Science,3,78.1,2.7,80.4,62.4,0,4.9,10.0,100.0,33.7,2,2,2,1,1,81.0,2,Yes,6.39,65.5,Good,Placed
STU102114,24,Female,BTech CSE,2,79.7,2.9,78.4,76.4,0,7.1,7.4,57.0,91.9,1,0,1,1,2,82.7,0,Yes,8.17,79.3,Good,Not Placed
STU102115,24,Male,BTech CSE,4,75.8,4.4,,66.1,0,5.2,4.6,78.4,68.2,2,0,2,2,1,82.6,1,Yes,7.94,76.7,Good,Not Placed
STU102116,20,Female,BTech CSE,3,80.1,3.2,100.0,76.3,0,6.4,3.4,70.9,59.3,1,0,5,1,0,75.7,3,Yes,8.4,82.3,Excellent,Not Placed
STU102117,20,Male,BBA,2,84.3,5.3,79.9,58.5,3,7.1,6.7,88.0,47.6,2,0,7,1,2,94.6,0,Yes,8.86,87.1,Excellent,Placed
STU102118,19,Male,BTech CSE,3,80.6,0.5,66.1,63.0,0,6.2,8.6,57.7,55.8,3,0,0,2,1,73.6,2,Yes,5.09,53.9,Average,Not Placed
STU102119,24,Female,BTech CSE,3,59.8,4.7,83.2,70.9,0,6.8,6.1,68.6,85.0,1,1,2,0,3,82.4,2,Yes,7.86,74.3,Good,Placed
STU102120,19,Male,BTech CSE,4,80.8,3.5,71.3,69.9,0,6.7,8.9,64.3,63.5,1,0,1,0,0,67.0,2,Yes,7.59,74.5,Good,Not Placed
STU102121,19,Male,BCA,3,74.1,2.5,84.8,56.7,3,7.5,5.2,69.1,65.7,4,0,3,0,0,75.5,4,No,6.26,62.2,Average,Not Placed
STU102122,23,Male,BSc Data Science,2,70.9,4.9,73.6,64.5,1,7.4,8.0,52.2,47.6,1,4,3,0,1,86.8,1,No,7.3,73.3,Good,Placed
STU102123,19,Male,BTech CSE,3,91.5,4.4,83.8,51.1,1,2.6,6.4,58.9,76.7,3,0,3,0,1,67.8,1,No,7.17,72.1,Good,Not Placed
STU102124,22,Female,BSc Computer Science,4,68.7,3.8,68.9,72.8,0,5.9,8.0,48.7,29.5,1,0,0,1,4,76.3,3,Yes,7.71,77.4,Good,Not Placed
STU102125,21,Male,BCA,3,69.8,3.1,79.1,90.3,0,8.9,5.5,51.8,65.9,3,1,1,0,3,76.8,2,Yes,7.92,77.5,Good,Not Placed
STU102126,18,Female,BSc Data Science,4,55.6,2.4,71.1,62.8,1,8.0,5.9,69.7,53.9,4,1,0,1,3,75.0,1,No,7.63,75.1,Good,Not Placed
STU102127,20,Female,BSc Data Science,3,92.4,1.9,95.8,60.6,0,4.5,4.6,94.8,82.1,2,1,1,1,0,69.1,1,No,7.92,79.4,Good,Not Placed
STU102128,22,Male,BSc Computer Science,4,86.9,5.5,74.0,83.8,1,5.8,8.7,82.7,67.3,2,0,1,2,0,71.3,0,No,8.68,87.2,Excellent,Not Placed
STU102129,18,Female,BTech CSE,4,74.7,4.7,88.1,58.0,0,6.1,6.0,71.5,73.6,2,2,1,0,0,71.7,2,Yes,7.96,76.5,Good,Not Placed
STU102130,24,Female,BBA,4,84.1,4.4,84.0,84.1,0,6.1,6.0,60.3,56.8,2,1,0,0,2,76.0,4,Yes,9.03,90.0,Excellent,Placed
STU102131,24,Female,BTech CSE,3,55.7,2.9,84.2,57.6,0,6.2,6.0,47.1,69.8,2,2,1,2,1,75.3,3,Yes,7.74,75.6,Good,Not Placed
STU102132,24,Female,BTech CSE,4,82.8,6.6,86.1,67.7,0,5.6,,48.3,67.9,2,2,3,0,2,87.6,3,No,8.68,85.0,Excellent,Not Placed
STU102133,22,Female,BSc Computer Science,3,69.4,2.5,88.6,69.1,0,4.8,3.2,67.6,67.3,3,0,1,0,0,50.0,2,No,6.68,69.9,Good,Not Placed
STU102134,22,Male,BSc Data Science,4,94.7,2.9,96.4,80.5,0,10.0,4.8,95.4,68.6,0,0,2,0,0,86.5,2,Yes,9.09,91.2,Excellent,Placed
STU102135,20,Male,BSc Data Science,3,81.7,6.2,92.3,94.5,0,6.8,9.0,77.4,62.6,0,0,1,2,1,83.7,1,No,9.83,100.0,Excellent,Placed
STU102136,21,Male,BSc Computer Science,2,79.3,3.4,98.8,67.8,0,6.1,7.2,71.1,69.2,1,0,7,1,1,99.7,1,No,9.06,89.2,Excellent,Not Placed
STU102137,19,Male,BCA,3,69.8,6.1,70.3,71.8,0,7.9,5.8,99.7,57.3,2,1,1,1,0,71.7,1,Yes,8.51,83.9,Excellent,Placed
STU102138,24,Male,BSc Computer Science,3,69.9,4.1,67.2,51.5,2,3.7,8.2,69.6,52.9,1,1,2,0,1,73.8,1,Yes,5.77,59.7,Average,Not Placed
STU102139,23,Male,BTech CSE,3,83.9,2.7,100.0,71.5,1,7.5,7.1,75.5,57.2,0,0,3,2,0,92.6,1,Yes,8.61,84.2,Excellent,Not Placed
STU102140,21,Male,BSc Data Science,3,69.7,3.2,88.2,85.9,1,3.9,9.0,98.3,79.2,1,0,5,1,0,94.8,3,No,7.65,75.9,Good,Not Placed
STU102141,23,Male,BBA,3,69.3,2.4,70.3,100.0,0,7.2,5.8,81.6,57.7,1,1,1,2,2,64.9,2,Yes,8.2,82.9,Excellent,Not Placed
STU102142,20,Female,BSc Computer Science,4,92.1,4.5,78.9,67.7,1,4.9,5.5,74.7,83.2,3,0,4,1,3,78.7,3,No,8.34,84.0,Excellent,Placed
STU102143,20,Female,BCA,2,80.9,5.3,87.9,80.6,0,7.8,4.6,34.5,72.1,0,0,4,0,1,72.6,2,Yes,9.79,96.1,Excellent,Not Placed
STU102144,20,Female,BSc Computer Science,3,67.0,4.2,81.5,85.9,2,10.0,8.5,88.3,71.2,1,0,3,0,1,89.7,0,Yes,8.57,86.5,Excellent,Not Placed
STU102145,18,Male,BTech CSE,4,83.5,3.9,88.7,54.7,1,6.8,8.5,49.6,50.5,2,1,5,1,0,84.5,2,Yes,7.95,81.3,Excellent,Not Placed
STU102146,23,Female,BSc Data Science,3,75.2,1.9,69.1,89.0,2,3.8,7.9,43.8,78.1,1,1,2,2,1,60.8,3,No,6.4,62.2,Average,Not Placed
STU102147,21,Female,BCA,3,,5.1,,62.3,1,5.3,5.2,72.0,59.3,1,2,0,1,4,67.1,5,Yes,7.17,71.1,Good,Not Placed
STU102148,21,Male,BSc Computer Science,3,73.0,4.8,83.3,75.2,0,7.1,4.5,76.2,20.0,0,1,4,1,1,68.4,3,No,8.58,86.4,Excellent,Not Placed
STU102149,22,Male,BBA,3,67.5,3.9,74.2,56.8,1,8.8,8.2,53.3,77.2,0,0,2,0,1,81.5,0,No,6.81,67.8,Good,Not Placed
STU102150,22,Female,BSc Computer Science,2,80.6,3.0,78.9,67.6,0,4.5,7.2,46.7,77.9,1,0,2,1,1,78.1,1,No,6.97,70.5,Good,Not Placed
STU102151,24,Male,BBA,3,71.4,3.6,76.9,51.7,0,9.9,5.3,37.0,57.4,2,1,1,2,1,90.6,3,Yes,7.07,71.1,Good,Not Placed
STU102152,22,Male,BTech CSE,4,78.9,2.1,69.8,75.2,1,7.6,7.8,60.7,75.0,1,0,1,0,1,90.0,1,No,7.93,79.3,Good,Not Placed
STU102153,20,Male,BCA,3,84.7,1.3,75.2,90.4,0,6.5,9.8,63.6,41.4,0,1,1,1,2,74.0,2,Yes,8.46,83.5,Excellent,Not Placed
STU102154,21,Male,BTech CSE,2,100.0,3.1,84.1,72.4,0,8.1,6.2,48.3,63.4,2,2,1,0,2,81.4,0,Yes,7.98,81.3,Excellent,Not Placed
STU102155,23,Female,BSc Data Science,4,97.8,2.2,71.3,54.7,0,4.2,6.7,96.1,96.0,4,2,1,2,2,68.3,1,Yes,6.67,68.8,Good,Not Placed
STU102156,20,Female,BCA,3,80.2,2.7,74.6,67.9,2,4.9,8.3,58.0,51.4,2,0,3,0,0,74.1,3,No,6.72,67.0,Good,Not Placed
STU102157,18,Male,BTech CSE,2,77.5,2.8,63.3,74.6,1,4.0,8.8,59.8,38.5,3,0,1,1,1,80.2,1,No,7.39,73.3,Good,Not Placed
STU102158,22,Male,BTech CSE,4,72.0,3.4,97.8,70.3,0,10.0,6.9,81.7,64.1,1,1,3,2,2,81.6,6,Yes,8.61,85.9,Excellent,Not Placed
STU102159,20,Female,BCA,2,61.6,3.3,92.2,80.1,1,6.5,4.0,55.0,87.7,1,0,0,2,0,56.0,2,Yes,7.33,73.5,Good,Not Placed
STU102160,20,Female,BBA,4,55.1,0.5,95.3,96.2,0,6.8,8.5,96.1,37.9,0,2,1,0,2,77.6,4,Yes,7.27,68.3,Good,Not Placed
STU102161,18,Male,BTech CSE,3,69.6,4.0,86.0,71.3,1,8.5,5.8,81.8,62.2,2,1,7,2,2,100.0,1,Yes,7.64,74.2,Good,Not Placed
STU102162,19,Female,BBA,4,94.4,3.7,85.2,70.4,1,3.9,7.5,63.2,79.4,5,0,3,2,1,85.7,0,No,8.52,85.5,Excellent,Not Placed
STU102163,21,Male,BSc Data Science,3,94.0,4.9,79.7,63.3,0,5.0,8.6,88.2,78.4,3,0,1,1,1,79.1,1,Yes,8.73,87.9,Excellent,Placed
STU102164,23,Male,BBA,3,78.7,3.2,96.3,84.4,0,7.1,7.9,88.3,67.4,2,3,2,0,1,92.9,1,No,8.26,84.4,Excellent,Placed
STU102165,24,Female,BSc Data Science,3,82.7,5.1,82.3,94.9,0,9.5,7.0,61.9,59.1,2,1,5,0,3,95.4,5,Yes,9.46,93.7,Excellent,Placed
STU102166,19,Male,BCA,4,72.0,3.3,60.4,69.7,1,8.1,6.7,54.3,71.4,3,2,1,1,1,65.8,5,Yes,7.88,80.3,Excellent,Placed
STU102167,22,Female,BTech CSE,4,77.7,4.0,60.7,75.1,1,7.1,5.6,61.9,84.3,4,3,6,1,1,82.8,5,Yes,8.03,80.6,Excellent,Placed
STU102168,20,Female,BTech CSE,3,70.2,2.1,86.0,74.0,2,7.0,,75.3,55.8,1,0,2,0,0,77.9,0,No,7.18,72.4,Good,Not Placed
STU102169,18,Female,BSc Computer Science,4,70.2,5.2,71.4,62.8,1,8.5,5.1,60.6,79.3,2,0,0,1,1,73.9,2,Yes,7.54,76.8,Good,Placed
STU102170,18,Male,BSc Computer Science,3,84.1,5.4,83.1,80.8,0,4.8,8.2,63.6,77.3,2,2,4,0,0,85.4,3,Yes,8.8,89.5,Excellent,Placed
STU102171,21,Male,BCA,2,71.9,6.3,90.3,71.5,0,7.0,8.3,60.8,62.7,1,1,0,0,0,90.2,3,Yes,8.77,86.6,Excellent,Not Placed
STU102172,19,Male,BSc Computer Science,2,82.9,2.7,72.9,74.7,0,7.3,6.7,58.7,45.5,2,0,1,1,0,91.7,1,No,7.38,76.3,Good,Not Placed
STU102173,24,Male,BSc Data Science,4,76.5,4.3,78.7,83.6,0,6.0,5.7,72.2,52.3,6,0,2,0,0,80.1,3,Yes,8.35,80.9,Excellent,Not Placed
STU102174,21,Female,BSc Computer Science,4,92.2,1.3,79.1,68.1,2,6.3,4.0,60.6,91.4,0,0,1,1,2,62.1,1,No,7.23,75.5,Good,Not Placed
STU102175,20,Female,BSc Data Science,3,83.5,0.7,72.5,73.1,1,3.6,5.5,89.0,89.6,3,0,3,1,0,76.9,2,Yes,6.56,63.1,Average,Not Placed
STU102176,21,Female,BBA,4,80.4,4.3,66.3,63.3,0,5.5,5.7,67.4,71.1,2,0,2,0,5,80.1,3,Yes,7.49,74.0,Good,Not Placed
STU102177,23,Female,BSc Computer Science,3,63.7,3.3,70.0,58.9,1,2.2,6.9,53.1,100.0,4,2,2,0,0,54.8,1,Yes,4.98,52.8,Average,Not Placed
STU102178,18,Female,BTech CSE,3,73.1,1.6,65.6,73.5,1,7.7,5.4,68.9,66.3,4,1,0,1,5,74.7,5,Yes,7.37,75.0,Good,Not Placed
STU102179,18,Male,BBA,2,77.5,3.8,80.0,74.5,1,6.7,8.2,77.8,45.4,1,1,0,2,1,81.0,3,Yes,7.94,80.6,Excellent,Placed
STU102180,22,Male,BSc Computer Science,4,78.5,4.9,79.9,83.1,0,6.3,9.1,66.3,42.2,2,1,0,1,2,83.2,2,Yes,8.92,89.5,Excellent,Placed
STU102181,22,Female,BCA,2,84.6,3.6,76.2,62.8,0,7.0,7.0,57.1,45.1,0,1,2,0,4,73.0,3,No,7.85,78.7,Good,Placed
STU102182,24,Male,BCA,3,80.1,5.3,66.4,59.4,0,7.0,4.6,53.7,72.0,1,0,2,0,0,77.6,1,Yes,7.75,76.8,Good,Not Placed
STU102183,20,Male,BTech CSE,3,67.7,2.5,94.2,93.3,0,5.9,3.2,72.2,57.3,1,0,3,1,0,65.0,3,No,8.63,88.3,Excellent,Not Placed
STU102184,23,Female,BCA,3,,5.1,75.2,73.6,0,4.0,6.9,73.5,55.5,2,0,2,2,1,71.3,3,Yes,7.37,75.4,Good,Not Placed
STU102185,19,Female,BSc Computer Science,3,73.4,2.9,100.0,55.5,0,7.4,6.2,82.7,64.8,5,1,1,1,1,80.7,0,No,7.66,74.9,Good,Not Placed
STU102186,21,Male,BCA,2,71.5,5.3,91.5,71.3,1,4.7,5.2,53.6,94.2,3,1,2,0,2,83.1,2,Yes,8.64,85.6,Excellent,Not Placed
STU102187,24,Female,BCA,4,,1.6,59.3,64.1,0,7.1,6.3,69.2,95.2,2,0,2,0,2,83.2,2,Yes,7.38,72.3,Good,Not Placed
STU102188,20,Female,BSc Computer Science,3,74.5,3.8,95.6,76.3,0,8.9,10.0,56.1,70.5,3,0,3,0,0,97.2,2,Yes,8.69,86.6,Excellent,Placed
STU102189,22,Male,BBA,3,72.4,3.8,74.3,67.0,0,9.7,9.7,70.2,79.8,0,0,0,1,1,100.0,1,No,8.36,81.0,Excellent,Not Placed
STU102190,21,Male,BSc Computer Science,4,89.6,4.2,71.8,86.8,2,7.2,9.6,48.0,78.7,3,3,0,2,3,83.6,3,Yes,9.01,89.9,Excellent,Not Placed
STU102191,22,Male,BBA,3,75.3,3.0,79.0,56.4,1,5.9,6.1,85.3,72.2,2,0,3,0,2,78.8,3,Yes,6.33,61.9,Average,Not Placed
STU102192,21,Female,BBA,4,83.3,4.1,94.5,87.3,1,5.6,6.3,39.2,47.5,1,2,4,0,1,74.9,0,Yes,8.04,79.8,Good,Not Placed
STU102193,19,Female,BCA,2,60.0,3.2,87.8,80.9,2,7.1,8.4,53.9,74.8,0,3,2,2,3,83.8,2,Yes,7.16,71.9,Good,Not Placed
STU102194,20,Female,BSc Data Science,2,85.4,2.7,84.0,75.9,0,3.0,6.9,70.3,56.8,1,1,2,1,1,58.5,1,Yes,7.52,72.8,Good,Not Placed
STU102195,21,Female,BTech CSE,2,84.4,5.6,73.0,84.4,0,5.1,7.7,55.0,54.6,2,1,0,1,0,70.8,1,Yes,8.78,86.6,Excellent,Not Placed
STU102196,23,Male,BTech CSE,4,63.4,3.6,92.4,86.6,0,5.1,4.8,55.4,73.5,3,1,1,0,2,88.3,2,Yes,7.99,77.9,Good,Not Placed
STU102197,24,Male,BSc Computer Science,4,69.3,1.2,71.2,72.0,2,7.2,7.5,77.3,92.7,5,0,0,2,1,75.5,0,Yes,6.69,66.4,Good,Not Placed
STU102198,18,Female,BBA,3,71.4,2.5,93.5,91.6,0,,4.4,28.0,71.3,1,1,1,1,0,75.5,0,No,8.89,86.5,Excellent,Not Placed
STU102199,23,Male,BCA,3,76.0,5.7,85.7,79.4,1,6.8,3.0,41.7,60.8,1,2,8,0,0,92.8,6,No,8.2,81.7,Excellent,Not Placed
STU102200,23,Male,BSc Data Science,2,71.0,2.1,75.4,65.4,0,6.3,6.2,51.8,61.1,4,1,1,1,1,84.8,1,Yes,7.03,70.3,Good,Not Placed
STU102201,24,Male,BSc Computer Science,2,,4.3,100.0,55.8,2,6.1,8.3,51.6,76.3,2,0,6,0,4,81.8,2,Yes,8.26,82.5,Excellent,Not Placed
STU102202,18,Male,BSc Computer Science,3,84.5,2.5,,84.9,2,7.0,7.4,79.1,61.6,1,0,2,0,3,86.3,0,Yes,7.63,76.8,Good,Not Placed
STU102203,23,Male,BCA,2,72.4,1.3,88.1,72.0,1,7.8,6.5,74.2,61.9,0,1,3,2,0,80.5,1,Yes,7.15,72.7,Good,Not Placed
STU102204,21,Male,BSc Data Science,3,81.0,4.2,83.1,50.5,1,8.4,3.4,69.7,55.6,4,0,4,0,2,88.3,1,Yes,7.52,73.3,Good,Not Placed
STU102205,21,Male,BCA,3,79.8,3.0,69.4,76.0,1,6.5,4.2,85.3,56.1,3,0,2,0,3,81.4,0,No,6.6,64.4,Average,Not Placed
STU102206,21,Male,BSc Computer Science,4,48.4,5.9,82.4,68.9,0,8.4,6.3,24.4,82.5,2,0,0,1,3,82.3,7,Yes,8.72,87.0,Excellent,Not Placed
STU102207,18,Female,BTech CSE,3,69.9,5.2,99.6,64.0,0,9.4,6.2,68.8,67.5,2,1,5,3,0,100.0,3,Yes,8.35,84.9,Excellent,Placed
STU102208,23,Female,BTech CSE,3,87.9,5.4,66.8,84.1,0,5.4,6.7,92.8,56.6,1,2,1,0,0,72.9,4,Yes,7.87,78.0,Good,Placed
STU102209,18,Male,BTech CSE,3,69.1,5.1,88.2,62.5,1,7.9,9.7,72.5,66.5,0,1,1,0,2,77.4,2,Yes,8.0,77.9,Good,Placed
STU102210,21,Female,BSc Computer Science,2,67.3,4.5,97.3,66.6,0,5.5,7.0,53.5,73.5,1,4,2,2,1,81.1,0,Yes,7.47,78.2,Good,Not Placed
STU102211,24,Male,BSc Computer Science,4,88.4,1.5,97.9,69.4,2,8.7,8.9,76.9,50.1,2,0,3,1,2,83.3,2,Yes,7.61,79.2,Good,Not Placed
STU102212,23,Male,BCA,2,79.5,3.1,72.1,84.2,0,6.8,5.6,68.2,71.9,3,1,1,1,3,82.3,2,Yes,7.78,78.5,Good,Not Placed
STU102213,23,Female,BSc Data Science,2,92.6,4.5,76.0,57.9,1,5.8,3.2,69.1,74.9,0,1,0,2,3,58.9,1,Yes,8.21,79.3,Good,Not Placed
STU102214,22,Female,BCA,3,73.4,3.1,83.1,64.4,0,4.9,8.5,55.5,93.1,2,0,1,1,1,75.0,2,Yes,7.81,75.9,Good,Not Placed
STU102215,22,Female,BTech CSE,4,90.0,3.5,87.0,77.1,0,5.5,8.9,89.0,71.9,4,1,1,0,2,82.5,3,Yes,8.35,84.2,Excellent,Placed
STU102216,19,Male,BBA,2,69.1,4.6,96.1,78.0,2,6.2,9.1,88.4,42.5,3,1,3,0,4,82.2,1,Yes,8.93,88.0,Excellent,Not Placed
STU102217,20,Male,BSc Computer Science,2,52.3,5.1,79.8,58.5,0,8.5,5.3,65.6,75.6,2,0,1,1,2,85.1,0,No,7.13,70.3,Good,Not Placed
STU102218,22,Female,BTech CSE,2,84.7,2.1,92.4,67.3,0,6.0,5.9,61.8,69.6,3,2,2,1,1,81.7,1,Yes,6.93,69.4,Good,Not Placed
STU102219,18,Male,BCA,3,83.7,4.5,53.8,70.6,1,5.7,5.9,80.2,67.3,3,0,1,0,0,68.9,3,Yes,7.38,72.1,Good,Not Placed
STU102220,22,Male,BSc Computer Science,3,84.7,4.3,79.1,75.5,0,9.7,7.6,51.9,84.5,2,2,4,1,2,99.2,4,Yes,9.34,95.1,Excellent,Placed
STU102221,19,Female,BTech CSE,2,75.9,2.0,92.4,69.5,0,5.8,5.3,56.3,72.5,3,0,2,1,0,76.3,6,No,6.94,69.4,Good,Not Placed
STU102222,23,Female,BSc Data Science,4,92.7,2.9,91.2,90.5,0,,7.3,77.5,76.7,1,0,1,0,0,64.2,1,Yes,8.3,84.5,Excellent,Not Placed
STU102223,19,Female,BCA,4,86.7,3.7,71.5,70.8,0,4.0,8.3,67.2,54.0,1,0,0,1,0,67.6,1,Yes,8.09,78.7,Good,Not Placed
STU102224,23,Male,BTech CSE,3,86.2,5.6,93.3,90.1,0,5.2,7.9,86.3,72.6,1,1,3,0,1,81.2,2,Yes,9.23,90.9,Excellent,Placed
STU102225,24,Female,BTech CSE,3,79.2,2.9,66.4,66.4,2,6.5,5.2,55.5,57.9,1,2,1,2,2,68.2,3,Yes,6.76,67.8,Good,Not Placed
STU102226,24,Male,BTech CSE,3,64.5,4.1,95.2,52.8,2,6.5,8.3,53.2,57.9,2,2,3,1,1,77.5,3,Yes,7.53,76.2,Good,Not Placed
STU102227,23,Male,BTech CSE,3,78.7,5.3,79.8,100.0,0,5.4,6.9,77.2,58.8,2,1,5,0,1,95.1,1,Yes,8.72,85.5,Excellent,Placed
STU102228,20,Female,BBA,3,81.6,6.3,77.0,71.0,0,3.7,5.9,47.2,43.1,1,0,2,0,3,72.7,3,Yes,9.0,87.4,Excellent,Not Placed
STU102229,22,Male,BCA,2,98.3,3.8,78.7,76.4,2,4.9,8.4,78.0,60.2,2,4,0,1,2,57.9,1,No,8.23,81.2,Excellent,Not Placed
STU102230,18,Male,BCA,3,80.7,0.5,86.2,54.6,0,4.1,6.9,68.6,63.0,5,1,2,0,4,86.1,2,Yes,6.04,60.4,Average,Not Placed
STU102231,18,Female,BSc Data Science,3,67.5,4.9,100.0,75.1,2,1.1,9.1,55.1,54.3,1,1,0,0,1,57.5,1,Yes,6.76,69.3,Good,Not Placed
STU102232,21,Male,BCA,2,82.7,3.8,95.4,81.9,1,2.3,8.5,51.8,89.9,3,0,4,1,0,77.6,0,Yes,8.16,82.2,Excellent,Not Placed
STU102233,23,Male,BSc Computer Science,3,90.6,2.2,69.4,58.3,0,7.0,7.9,59.9,65.7,3,0,1,1,1,99.9,1,No,7.03,69.1,Good,Not Placed
STU102234,18,Male,BSc Computer Science,2,95.1,4.6,70.5,70.3,0,6.0,6.7,47.4,59.3,1,3,1,1,2,68.8,0,Yes,7.83,77.5,Good,Not Placed
STU102235,20,Male,BSc Computer Science,4,76.9,6.3,61.0,71.3,2,7.6,4.5,97.0,54.4,2,1,1,2,1,73.3,1,No,8.06,81.3,Excellent,Not Placed
STU102236,23,Male,BCA,2,76.0,3.8,85.4,56.6,0,5.3,4.4,67.3,86.4,1,0,3,0,0,84.6,3,Yes,6.39,64.3,Average,Placed
STU102237,20,Female,BBA,4,63.9,1.1,80.1,91.5,0,5.4,10.0,71.4,55.3,3,0,4,1,1,93.3,3,Yes,7.6,76.2,Good,Not Placed
STU102238,18,Female,BCA,3,72.0,5.7,88.9,39.9,0,5.0,7.7,49.2,66.6,2,0,1,0,1,68.3,1,Yes,6.9,68.5,Good,Not Placed
STU102239,18,Male,BSc Data Science,4,82.3,3.5,76.5,46.3,0,4.9,8.9,55.2,76.7,2,1,0,0,1,72.6,2,Yes,5.28,54.0,Average,Not Placed
STU102240,21,Female,BTech CSE,3,62.8,4.6,77.6,73.3,1,5.1,7.0,79.3,46.2,2,0,4,1,2,77.0,0,Yes,7.77,77.1,Good,Not Placed
STU102241,18,Male,BTech CSE,4,98.5,3.6,66.0,60.1,1,9.6,6.6,51.9,60.2,1,2,2,0,2,85.1,1,Yes,8.6,87.2,Excellent,Placed
STU102242,23,Male,BSc Data Science,2,74.4,4.2,94.1,80.1,2,6.3,7.0,59.9,68.6,1,0,5,0,0,77.6,1,No,8.35,84.5,Excellent,Not Placed
STU102243,24,Female,BCA,3,79.2,4.5,75.4,67.9,0,5.1,7.2,72.1,63.5,4,0,2,0,1,95.5,2,No,7.41,74.2,Good,Not Placed
STU102244,23,Male,BSc Computer Science,2,81.4,4.7,72.8,76.8,1,8.2,6.9,61.8,71.6,3,0,2,0,6,81.5,0,Yes,8.65,84.8,Excellent,Placed
STU102245,23,Other,BCA,3,89.3,3.7,92.6,55.6,0,6.5,9.4,58.7,66.2,3,0,1,1,1,84.1,1,No,7.61,76.9,Good,Not Placed
STU102246,21,Male,BCA,3,80.7,2.4,65.8,67.2,0,8.4,8.2,49.7,77.7,0,4,0,0,1,75.9,1,Yes,7.84,79.4,Good,Not Placed
STU102247,21,Female,BSc Computer Science,3,67.3,3.8,88.0,66.7,2,7.4,7.4,79.7,47.9,3,0,1,1,2,87.4,2,Yes,7.29,72.6,Good,Not Placed
STU102248,18,Male,BSc Data Science,3,82.2,4.7,73.6,100.0,1,6.7,8.2,86.6,72.6,1,3,0,0,1,79.8,2,Yes,9.09,91.2,Excellent,Not Placed
STU102249,19,Male,BSc Data Science,2,89.3,2.4,80.7,66.6,0,7.0,8.3,96.3,64.7,2,0,4,0,0,98.3,0,Yes,7.5,76.9,Good,Placed
STU102250,19,Male,BSc Computer Science,3,69.1,1.8,60.7,44.5,0,7.2,7.4,64.1,66.2,4,0,3,1,1,92.6,2,Yes,5.16,52.9,Average,Not Placed
STU102251,21,Female,BBA,3,86.0,5.5,88.4,85.2,0,4.2,7.8,73.1,70.7,1,0,4,0,0,73.1,1,No,8.1,82.7,Excellent,Not Placed
STU102252,18,Female,BBA,2,80.5,6.0,100.0,69.1,1,6.7,8.0,82.8,46.9,3,0,5,1,0,92.0,3,No,9.12,88.7,Excellent,Placed
STU102253,19,Female,BSc Data Science,4,79.0,3.6,68.1,75.2,0,7.0,7.9,69.5,60.5,2,0,0,1,1,87.8,1,Yes,8.26,81.7,Excellent,Not Placed
STU102254,18,Male,BCA,4,71.6,4.4,94.7,67.9,1,7.2,6.8,82.2,81.1,1,0,1,2,1,84.0,1,Yes,9.01,88.9,Excellent,Not Placed
STU102255,18,Male,BSc Data Science,4,75.8,4.1,81.5,56.7,1,5.6,8.1,74.8,51.5,4,0,1,0,3,76.1,2,Yes,7.75,75.4,Good,Not Placed
STU102256,18,Male,BCA,4,82.4,0.5,87.9,87.7,0,8.7,5.1,77.5,67.7,2,0,1,0,1,67.0,4,Yes,8.88,87.2,Excellent,Not Placed
STU102257,22,Female,BSc Computer Science,2,73.8,3.8,69.0,60.3,0,6.9,7.1,55.9,67.6,0,0,0,1,0,83.6,1,No,7.68,77.6,Good,Not Placed
STU102258,23,Female,BSc Computer Science,4,68.2,5.7,70.6,54.2,0,5.8,6.8,42.4,68.9,1,2,1,0,3,66.5,2,Yes,6.56,68.3,Good,Not Placed
STU102259,18,Male,BSc Computer Science,3,67.8,1.7,83.0,77.6,0,7.2,8.0,77.9,25.7,0,0,0,2,2,71.7,4,Yes,7.72,78.6,Good,Not Placed
STU102260,22,Female,BSc Data Science,2,80.8,1.6,79.6,73.9,0,8.4,5.7,67.3,89.1,1,3,2,0,0,87.4,2,Yes,8.61,85.4,Excellent,Not Placed
STU102261,21,Male,BCA,4,82.9,2.4,83.6,84.8,0,5.2,5.9,67.5,50.1,2,1,2,1,0,68.0,2,Yes,7.53,74.9,Good,Not Placed
STU102262,19,Female,BSc Computer Science,2,,2.8,65.9,75.4,0,5.0,5.5,42.6,87.3,1,0,1,0,1,65.2,1,No,7.05,68.5,Good,Not Placed
STU102263,23,Female,BSc Data Science,3,96.2,4.5,88.7,71.1,0,8.0,7.8,86.8,49.8,2,2,2,0,2,82.9,2,No,7.73,78.5,Good,Placed
STU102264,24,Male,BSc Computer Science,2,61.0,5.5,86.3,82.9,1,8.2,4.1,62.3,71.7,2,1,1,0,1,67.7,3,Yes,8.74,86.1,Excellent,Not Placed
STU102265,19,Male,BTech CSE,3,81.8,5.4,94.2,52.2,0,6.3,5.3,36.7,58.1,1,0,3,1,2,71.9,1,Yes,6.84,69.6,Good,Not Placed
STU102266,23,Other,BSc Computer Science,3,59.6,4.5,85.5,69.8,0,6.2,3.6,95.8,52.0,1,1,2,3,1,68.9,1,Yes,8.03,81.5,Excellent,Not Placed
STU102267,24,Female,BSc Computer Science,3,77.0,1.1,100.0,60.6,0,8.1,5.7,66.0,100.0,1,1,1,1,0,77.3,1,Yes,7.15,71.3,Good,Not Placed
STU102268,19,Female,BSc Computer Science,2,80.5,1.1,100.0,75.0,1,5.1,6.9,75.5,61.1,1,0,2,0,0,75.7,2,Yes,7.15,70.4,Good,Not Placed
STU102269,23,Male,BSc Data Science,3,76.2,4.6,82.2,81.8,0,2.2,8.7,100.0,42.2,1,1,4,1,1,78.3,2,Yes,7.53,75.9,Good,Not Placed
STU102270,19,Male,BCA,3,58.5,1.1,81.8,75.3,2,6.7,8.9,60.5,87.9,4,1,1,0,1,86.2,1,No,6.48,65.0,Average,Not Placed
STU102271,19,Male,BSc Computer Science,3,77.0,4.3,72.9,80.5,0,6.7,4.6,68.6,78.4,3,0,1,2,1,62.5,1,Yes,8.3,82.3,Excellent,Not Placed
STU102272,24,Female,BCA,4,,3.9,67.1,86.9,0,8.2,6.2,58.6,89.9,2,3,3,0,2,87.9,3,Yes,8.24,82.2,Excellent,Not Placed
STU102273,19,Female,BTech CSE,3,87.0,2.8,79.5,78.0,1,7.9,7.5,85.0,43.6,1,0,3,1,0,89.7,4,Yes,8.09,81.7,Excellent,Not Placed
STU102274,19,Male,BTech CSE,4,63.7,0.5,74.9,80.9,0,9.5,6.3,49.4,50.6,0,2,3,2,2,86.8,3,Yes,7.83,78.5,Good,Not Placed
STU102275,24,Male,BBA,2,92.4,3.8,73.4,94.5,1,7.0,5.5,87.0,71.0,2,0,1,0,3,73.3,4,No,9.25,94.1,Excellent,Not Placed
STU102276,21,Male,BBA,3,52.8,4.3,85.9,100.0,2,10.0,4.0,80.9,59.2,2,1,1,0,1,85.1,3,Yes,8.23,83.1,Excellent,Not Placed
STU102277,18,Male,BCA,2,65.0,2.7,64.7,70.1,0,8.6,5.0,55.8,55.6,1,0,2,1,1,81.9,2,No,7.54,77.2,Good,Not Placed
STU102278,20,Male,BBA,3,79.8,1.9,69.0,60.7,1,6.7,8.8,64.9,76.2,3,0,1,0,1,78.9,3,Yes,6.23,64.4,Average,Not Placed
STU102279,22,Male,BTech CSE,2,81.1,3.9,60.3,41.0,0,8.4,8.6,92.7,45.4,1,0,2,1,3,79.6,0,No,6.92,67.8,Good,Not Placed
STU102280,20,Male,BSc Computer Science,3,93.1,1.3,67.1,95.1,0,4.9,10.0,39.2,45.8,1,2,1,2,3,84.4,2,Yes,7.89,80.5,Excellent,Not Placed
STU102281,20,Male,BCA,3,79.9,4.4,75.4,65.2,0,6.0,8.2,68.6,69.7,2,1,0,0,2,87.1,2,Yes,7.24,73.7,Good,Not Placed
STU102282,23,Female,BTech CSE,2,77.0,5.1,90.9,77.6,4,6.2,5.2,62.0,49.4,1,0,2,1,3,90.3,3,No,7.92,78.2,Good,Not Placed
STU102283,18,Male,BCA,3,82.4,0.6,100.0,79.9,0,6.2,7.6,60.6,57.6,2,0,3,0,1,88.0,1,No,8.55,85.6,Excellent,Not Placed
STU102284,23,Male,BTech CSE,4,54.6,2.7,63.0,81.7,0,8.0,7.7,33.6,68.4,3,2,3,0,2,93.9,3,Yes,7.45,75.3,Good,Not Placed
STU102285,18,Male,BCA,2,67.9,3.4,91.6,69.0,2,8.5,7.9,66.9,54.2,1,2,0,1,0,83.6,4,Yes,8.1,81.1,Excellent,Not Placed
STU102286,24,Male,BSc Computer Science,4,66.2,3.5,71.4,81.5,0,7.9,6.5,41.0,51.3,3,2,1,0,0,76.2,4,No,7.97,77.0,Good,Not Placed
STU102287,24,Male,BSc Data Science,4,87.5,2.2,83.8,78.5,1,5.4,6.3,71.6,85.5,5,0,3,0,1,85.3,3,No,7.82,76.6,Good,Not Placed
STU102288,18,Male,BCA,3,91.0,1.5,88.3,63.9,0,,7.6,72.7,61.6,0,2,0,0,0,98.7,5,No,7.97,77.6,Good,Not Placed
STU102289,19,Female,BCA,4,96.6,2.8,97.5,91.5,1,8.7,5.4,89.3,75.4,1,0,1,2,0,85.4,3,No,9.09,90.0,Excellent,Not Placed
STU102290,21,Female,BSc Data Science,4,83.7,4.5,100.0,80.1,0,7.8,8.6,87.6,55.7,4,0,2,2,1,99.2,1,No,9.1,91.4,Excellent,Not Placed
STU102291,19,Female,BCA,3,86.9,4.4,93.5,56.6,0,4.0,5.1,67.3,62.5,0,0,4,1,2,66.3,3,Yes,7.14,70.9,Good,Not Placed
STU102292,21,Female,BSc Computer Science,3,78.9,4.4,76.8,67.5,3,,4.9,81.5,68.3,0,0,6,1,3,78.5,3,No,7.27,69.9,Good,Not Placed
STU102293,23,Female,BSc Computer Science,3,73.0,5.4,65.1,67.3,0,7.5,6.2,83.8,65.1,2,1,4,1,1,85.8,4,Yes,8.73,86.0,Excellent,Not Placed
STU102294,21,Female,BTech CSE,3,67.2,1.9,84.6,65.2,2,8.6,7.7,69.7,68.8,2,1,0,1,2,82.8,3,No,7.78,76.5,Good,Not Placed
STU102295,23,Male,BTech CSE,3,66.3,2.9,89.1,79.3,0,4.7,8.4,62.3,99.2,4,2,1,0,2,72.2,0,No,6.91,69.7,Good,Not Placed
STU102296,24,Male,BCA,4,64.3,3.2,69.3,87.5,1,6.5,7.5,89.7,80.3,5,1,3,0,2,80.7,2,Yes,7.41,75.2,Good,Placed
STU102297,20,Female,BSc Data Science,4,85.3,0.5,90.5,58.9,0,6.6,5.8,70.5,74.0,0,0,2,1,0,73.2,2,Yes,7.07,69.5,Good,Not Placed
STU102298,24,Male,BSc Data Science,2,73.9,3.8,,67.7,1,4.7,6.5,41.0,82.8,1,0,4,1,0,65.6,3,Yes,7.78,77.7,Good,Not Placed
STU102299,24,Male,BBA,2,70.8,3.5,69.6,85.8,2,7.0,6.1,73.0,58.2,3,2,2,1,2,76.4,4,No,7.34,72.6,Good,Not Placed
STU102300,20,Female,BTech CSE,4,57.7,1.8,83.5,61.9,0,7.2,8.5,57.4,91.4,1,1,0,0,2,85.2,2,No,7.7,76.7,Good,Not Placed
STU102301,21,Female,BSc Data Science,2,68.9,4.8,72.1,63.4,1,6.8,7.1,100.0,41.2,3,0,2,0,1,91.3,2,Yes,7.79,79.9,Good,Not Placed
STU102302,21,Male,BCA,3,75.1,4.7,69.3,45.0,2,8.3,9.0,55.6,73.5,1,0,3,0,4,100.0,3,No,6.29,62.6,Average,Not Placed
STU102303,23,Female,BTech CSE,2,62.6,4.1,85.2,81.2,1,6.4,8.0,62.2,86.8,2,1,1,3,0,78.6,2,No,7.21,71.6,Good,Placed
STU102304,19,Male,BTech CSE,2,100.0,0.9,86.6,74.4,1,7.8,6.4,81.9,42.3,7,1,0,1,1,89.4,3,Yes,7.61,75.6,Good,Not Placed
STU102305,23,Female,BTech CSE,2,64.6,2.0,78.0,68.0,1,7.3,6.6,100.0,66.4,3,1,6,0,0,100.0,1,Yes,6.57,65.9,Good,Not Placed
STU102306,19,Male,BTech CSE,3,89.5,4.0,85.0,52.7,0,7.7,6.9,65.9,56.6,0,0,3,0,3,80.9,3,Yes,7.48,76.2,Good,Not Placed
STU102307,24,Male,BSc Computer Science,2,76.8,2.7,94.6,67.9,3,5.7,6.7,54.4,43.7,2,1,3,0,0,86.2,1,Yes,6.72,66.8,Good,Not Placed
STU102308,20,Female,BCA,3,72.3,3.2,91.2,48.9,1,7.5,8.0,54.7,68.4,5,2,3,0,2,100.0,0,Yes,7.45,72.2,Good,Placed
STU102309,24,Male,BSc Computer Science,3,75.5,1.8,72.9,69.9,1,8.6,7.5,44.4,59.6,1,0,6,0,1,97.4,1,Yes,7.28,73.3,Good,Not Placed
STU102310,18,Female,BSc Computer Science,3,78.1,3.8,82.3,95.0,3,8.2,5.9,70.5,82.9,4,2,2,0,3,84.1,3,Yes,8.01,83.2,Excellent,Not Placed
STU102311,21,Male,BSc Computer Science,4,80.3,5.8,74.3,74.4,2,8.7,10.0,73.1,64.1,2,0,2,0,2,90.7,2,No,8.39,82.6,Excellent,Placed
STU102312,19,Male,BSc Computer Science,3,68.2,4.0,66.6,86.8,1,6.8,7.1,48.6,47.9,1,1,3,0,1,78.3,3,Yes,8.44,84.0,Excellent,Not Placed
STU102313,23,Female,BCA,3,83.6,5.0,89.1,87.7,0,9.4,5.3,63.7,62.5,0,0,1,1,0,80.6,2,No,9.02,88.5,Excellent,Not Placed
STU102314,20,Male,BSc Data Science,3,75.2,4.8,93.0,65.7,0,6.0,7.8,63.2,57.3,4,0,2,0,3,78.8,3,No,8.59,81.4,Excellent,Placed
STU102315,19,Male,BSc Data Science,3,64.7,3.0,76.8,79.4,0,6.0,5.1,58.2,88.4,2,1,0,0,1,57.3,2,Yes,6.7,68.4,Good,Not Placed
STU102316,23,Male,BCA,4,73.7,3.2,84.6,39.2,0,9.7,7.3,76.7,70.9,4,1,3,1,0,98.3,1,Yes,6.15,61.8,Average,Not Placed
STU102317,21,Female,BSc Data Science,3,92.2,5.7,99.0,75.4,1,7.3,6.7,60.0,65.1,3,0,2,0,2,81.7,3,Yes,9.43,92.5,Excellent,Placed
STU102318,24,Female,BTech CSE,3,80.2,4.6,93.3,84.9,1,8.1,6.9,88.7,96.3,0,2,0,0,1,93.7,1,Yes,9.29,94.8,Excellent,Placed
STU102319,21,Other,BTech CSE,4,78.0,4.9,75.6,78.3,2,3.4,5.5,44.2,69.9,2,1,3,2,1,57.5,2,Yes,7.35,75.3,Good,Not Placed
STU102320,22,Male,BSc Data Science,3,74.0,3.7,81.1,67.7,2,7.2,6.6,66.0,58.2,3,0,3,0,2,88.6,2,No,7.37,73.2,Good,Not Placed
STU102321,18,Male,BSc Computer Science,2,74.8,2.9,74.2,87.1,0,7.0,6.6,40.5,59.9,1,2,2,1,3,85.0,3,Yes,8.39,84.4,Excellent,Not Placed
STU102322,22,Male,BCA,3,80.2,3.1,84.5,85.6,0,7.5,6.8,76.0,73.6,1,0,2,1,4,83.2,2,No,8.27,82.5,Excellent,Not Placed
STU102323,20,Female,BTech CSE,4,75.3,5.6,82.4,71.4,1,7.5,9.8,64.5,53.1,4,2,1,0,2,95.0,2,Yes,8.18,86.1,Excellent,Placed
STU102324,19,Male,BSc Data Science,3,82.5,3.5,69.3,89.9,0,5.9,5.9,64.8,100.0,1,0,0,1,3,72.5,1,Yes,8.15,83.0,Excellent,Not Placed
STU102325,20,Female,BSc Data Science,4,81.2,5.4,77.0,78.2,0,10.0,,60.1,69.8,0,0,2,0,4,92.6,2,Yes,9.24,93.5,Excellent,Not Placed
STU102326,24,Male,BTech CSE,3,66.1,5.6,59.3,52.7,0,5.1,4.7,83.2,67.6,1,1,3,0,2,67.8,2,Yes,7.93,79.2,Good,Not Placed
STU102327,23,Other,BSc Computer Science,3,83.3,4.9,70.6,75.8,1,6.1,3.5,82.9,35.9,1,2,3,0,2,78.7,1,Yes,7.4,76.1,Good,Not Placed
STU102328,21,Female,BCA,4,68.5,4.7,86.5,63.4,0,8.2,6.3,73.4,28.6,3,0,5,0,5,98.1,1,Yes,8.1,78.0,Good,Not Placed
STU102329,22,Female,BCA,3,68.0,6.0,83.6,78.0,0,4.7,9.1,62.0,55.0,2,1,2,0,2,79.2,1,No,7.49,74.1,Good,Not Placed
STU102330,22,Male,BSc Computer Science,4,77.7,2.2,92.4,35.0,0,6.4,4.8,70.7,56.4,0,2,1,1,2,73.9,3,Yes,6.05,59.2,Average,Not Placed
STU102331,24,Male,BSc Data Science,4,80.6,2.9,82.6,91.1,0,7.9,8.0,71.9,53.6,1,0,1,2,0,87.5,1,No,8.53,85.1,Excellent,Not Placed
STU102332,22,Male,BTech CSE,4,84.1,1.6,79.8,85.4,1,5.7,8.7,64.8,62.4,4,0,0,0,1,88.1,2,Yes,7.42,73.8,Good,Not Placed
STU102333,24,Male,BSc Computer Science,2,56.4,1.3,100.0,91.1,0,5.3,9.1,100.0,33.5,1,2,3,0,2,87.8,2,No,7.94,80.2,Excellent,Not Placed
STU102334,20,Male,BTech CSE,3,85.9,3.4,78.3,71.9,2,7.3,7.9,58.1,74.8,2,1,0,0,1,81.4,3,No,7.31,73.6,Good,Not Placed
STU102335,21,Male,BSc Computer Science,4,82.1,3.9,77.8,85.9,1,6.8,5.5,67.8,64.2,3,0,3,1,1,89.3,2,Yes,8.15,79.7,Good,Not Placed
STU102336,19,Male,BSc Data Science,3,70.7,4.3,82.5,74.5,0,5.4,4.9,61.8,72.3,3,0,0,1,1,81.7,2,No,6.93,70.3,Good,Not Placed
STU102337,23,Female,BSc Data Science,3,75.6,2.5,73.4,60.2,1,6.8,3.8,93.2,69.4,1,0,2,0,2,84.4,2,Yes,6.88,69.1,Good,Not Placed
STU102338,19,Female,BSc Data Science,2,80.0,2.9,84.8,62.3,0,6.5,9.8,58.6,52.4,4,1,3,0,0,100.0,2,Yes,7.65,72.7,Good,Placed
STU102339,20,Male,BSc Computer Science,3,45.0,4.8,74.0,67.9,0,8.3,8.2,81.1,71.0,1,1,0,2,3,80.2,3,No,8.07,78.5,Good,Not Placed
STU102340,23,Female,BCA,3,65.5,1.3,77.3,87.0,2,4.8,7.8,55.8,86.7,3,0,2,1,3,83.9,0,Yes,6.48,62.3,Average,Not Placed
STU102341,22,Male,BTech CSE,3,89.6,3.5,73.8,86.6,1,5.0,3.0,69.6,53.3,2,0,0,1,1,55.0,1,Yes,7.63,74.5,Good,Not Placed
STU102342,18,Male,BSc Data Science,2,72.0,5.5,62.4,64.2,1,6.1,7.8,96.9,81.1,1,1,2,1,0,84.4,1,Yes,6.25,60.5,Average,Not Placed
STU102343,20,Male,BCA,2,77.1,3.1,55.4,80.6,0,6.0,7.1,47.3,85.6,1,1,1,0,3,81.3,3,No,6.95,71.2,Good,Not Placed
STU102344,20,Female,BCA,2,76.8,2.9,66.3,72.2,2,8.2,7.3,55.0,67.0,5,1,2,3,4,84.1,2,Yes,7.64,77.2,Good,Not Placed
STU102345,21,Male,BCA,4,85.1,5.4,94.6,60.7,1,6.8,6.1,100.0,62.6,2,0,1,0,1,83.6,3,Yes,8.11,82.3,Excellent,Not Placed
STU102346,19,Male,BSc Data Science,4,73.9,1.4,82.8,57.8,2,7.7,7.1,83.5,60.7,1,0,1,3,1,80.5,4,Yes,6.42,63.3,Average,Not Placed
STU102347,20,Female,BCA,2,74.8,2.3,76.7,69.2,1,9.1,5.1,41.3,66.8,2,0,1,1,2,74.5,4,Yes,7.83,77.9,Good,Not Placed
STU102348,20,Male,BCA,2,79.9,2.4,70.6,83.2,0,5.1,6.9,60.3,100.0,2,1,4,2,2,93.4,4,Yes,7.91,80.0,Good,Placed
STU102349,22,Female,BSc Computer Science,3,86.5,4.5,95.9,65.9,0,9.1,4.8,62.9,54.7,1,0,1,1,0,97.9,1,Yes,8.9,91.1,Excellent,Not Placed
STU102350,22,Female,BTech CSE,3,89.6,1.1,74.9,81.5,0,6.6,8.4,78.1,73.6,4,4,1,0,1,85.5,3,No,7.71,74.9,Good,Placed
STU102351,23,Other,BCA,4,74.8,5.4,72.7,75.7,1,2.4,8.2,77.2,70.7,2,1,1,1,1,49.9,0,Yes,6.5,67.6,Good,Not Placed
STU102352,24,Male,BSc Computer Science,4,73.1,3.5,61.2,52.3,0,6.9,8.0,71.9,81.8,2,1,3,0,0,82.4,0,Yes,7.12,73.6,Good,Not Placed
STU102353,24,Male,BTech CSE,4,76.5,5.1,57.5,96.1,0,4.0,4.4,49.9,64.4,2,2,2,0,0,51.1,3,Yes,7.79,77.7,Good,Placed
STU102354,18,Male,BBA,3,91.4,5.4,87.1,86.3,1,4.1,6.9,87.9,70.5,4,3,2,2,2,86.0,0,Yes,9.33,91.0,Excellent,Not Placed
STU102355,24,Male,BTech CSE,3,85.8,2.3,100.0,55.1,0,4.7,8.0,79.0,52.5,2,1,0,0,2,70.8,5,No,6.81,68.1,Good,Not Placed
STU102356,21,Male,BCA,3,73.2,3.5,85.3,76.8,1,6.4,8.0,61.7,55.9,2,2,3,0,1,80.0,3,Yes,8.2,80.4,Excellent,Not Placed
STU102357,18,Male,BTech CSE,2,61.9,3.2,85.1,89.7,2,4.3,9.6,100.0,64.0,1,0,0,1,0,72.4,2,Yes,7.04,70.9,Good,Not Placed
STU102358,23,Female,BSc Computer Science,2,89.1,3.4,100.0,76.9,0,8.8,5.3,64.1,38.8,2,1,2,1,0,80.3,4,Yes,8.61,87.6,Excellent,Not Placed
STU102359,22,Female,BCA,2,90.2,2.6,87.5,67.0,2,8.5,6.3,79.7,58.9,3,0,2,2,2,87.8,2,Yes,8.58,82.5,Excellent,Not Placed
STU102360,24,Male,BTech CSE,3,66.9,5.2,81.9,70.5,0,10.0,7.5,100.0,72.3,2,2,2,0,1,86.6,2,Yes,7.97,79.5,Good,Placed
STU102361,19,Male,BSc Data Science,2,73.5,3.2,88.2,69.0,2,6.4,7.1,68.1,84.2,1,1,1,0,3,77.9,5,Yes,6.84,66.2,Good,Not Placed
STU102362,22,Male,BBA,2,86.8,3.0,91.9,70.3,0,5.6,8.2,59.9,56.5,4,1,2,1,2,89.5,1,No,7.49,73.8,Good,Placed
STU102363,21,Male,BTech CSE,3,81.9,5.2,87.6,85.5,1,6.9,3.8,78.7,63.7,1,0,0,1,3,46.7,1,Yes,8.74,84.7,Excellent,Not Placed
STU102364,22,Female,BSc Computer Science,4,58.1,4.8,76.7,77.7,0,8.1,6.3,69.6,65.4,1,1,5,0,2,83.8,5,Yes,8.31,81.4,Excellent,Placed
STU102365,21,Female,BTech CSE,2,66.7,3.9,86.5,61.6,0,8.8,6.3,86.6,56.2,3,0,1,0,2,81.8,1,No,8.91,87.8,Excellent,Placed
STU102366,21,Female,BSc Computer Science,3,83.8,2.9,74.4,68.7,0,5.4,8.1,79.4,59.1,3,1,1,0,0,87.8,3,Yes,7.21,73.9,Good,Placed
STU102367,21,Female,BSc Computer Science,2,80.5,5.7,81.7,67.2,2,8.3,8.7,82.1,77.2,2,2,2,1,3,92.0,1,No,9.17,89.3,Excellent,Placed
STU102368,23,Female,BTech CSE,4,84.7,1.9,86.4,75.5,0,8.3,7.3,56.0,100.0,0,2,3,1,1,72.6,0,No,8.29,79.2,Good,Not Placed
STU102369,21,Female,BTech CSE,3,85.8,5.1,100.0,58.6,1,10.0,10.0,81.4,69.3,1,1,5,0,3,100.0,0,No,9.17,88.9,Excellent,Placed
STU102370,21,Male,BTech CSE,4,80.4,4.4,86.8,53.9,1,9.1,6.7,51.4,81.9,1,2,5,0,1,92.4,2,Yes,8.62,86.1,Excellent,Placed
STU102371,19,Female,BTech CSE,3,82.2,1.6,82.2,60.9,0,9.9,5.8,77.1,43.5,2,0,1,0,2,88.3,2,Yes,7.7,78.7,Good,Placed
STU102372,18,Male,BBA,4,72.3,3.6,77.6,53.3,0,10.0,9.4,77.2,70.6,4,1,1,1,2,100.0,5,Yes,7.74,76.9,Good,Placed
STU102373,20,Male,BTech CSE,2,79.1,1.5,75.6,53.7,2,5.3,6.5,36.1,89.4,2,0,2,1,1,67.3,0,Yes,6.46,64.2,Average,Not Placed
STU102374,18,Male,BSc Computer Science,3,81.1,3.0,77.7,86.7,0,5.1,5.6,84.4,82.5,1,2,0,1,0,70.2,2,No,7.58,74.1,Good,Not Placed
STU102375,21,Male,BCA,2,95.1,3.9,82.4,70.5,0,8.3,8.4,66.5,61.9,3,0,3,0,1,87.5,7,Yes,8.3,86.5,Excellent,Placed
STU102376,19,Female,BTech CSE,3,69.8,2.0,92.1,76.5,0,5.9,5.6,59.9,80.8,3,0,3,0,3,83.3,1,Yes,7.08,72.2,Good,Not Placed
STU102377,22,Male,BSc Data Science,4,85.2,0.5,68.0,72.7,1,7.9,7.7,66.8,70.1,1,3,4,0,0,86.5,2,Yes,7.35,71.1,Good,Not Placed
STU102378,19,Male,BSc Data Science,3,76.8,3.3,90.4,73.4,0,6.4,9.0,48.4,43.0,2,0,1,0,1,89.3,0,Yes,7.05,74.0,Good,Not Placed
STU102379,21,Male,BCA,3,85.4,3.8,75.8,75.6,1,7.2,,91.3,52.0,2,0,3,2,0,80.1,4,No,7.89,76.8,Good,Placed
STU102380,19,Female,BTech CSE,4,76.8,2.9,74.3,79.1,2,7.1,8.9,79.0,76.4,2,0,4,0,0,84.2,1,Yes,7.98,78.7,Good,Placed
STU102381,24,Male,BTech CSE,3,89.8,3.5,87.6,76.4,0,7.8,7.5,97.4,61.4,3,0,3,1,2,94.9,2,Yes,8.69,86.0,Excellent,Placed
STU102382,19,Female,BSc Computer Science,4,70.6,3.2,77.9,100.0,3,4.4,4.3,65.5,41.0,1,2,2,0,1,76.4,2,Yes,7.89,77.5,Good,Not Placed
STU102383,21,Female,BSc Computer Science,2,79.4,2.0,87.2,59.7,0,4.2,8.3,63.3,68.5,4,0,0,1,2,78.5,2,Yes,6.33,65.0,Good,Not Placed
STU102384,23,Female,BTech CSE,4,82.4,6.4,86.3,59.3,1,6.3,9.3,81.6,55.3,1,1,4,0,1,97.6,4,No,8.94,88.1,Excellent,Not Placed
STU102385,24,Female,BSc Computer Science,2,71.2,4.0,90.9,65.4,0,6.7,7.6,83.2,21.8,2,1,2,2,1,76.3,1,Yes,8.11,80.6,Excellent,Placed
STU102386,19,Male,BSc Data Science,3,81.0,2.9,96.5,56.1,2,9.5,6.3,86.0,63.2,2,0,2,0,1,79.3,2,Yes,8.37,83.2,Excellent,Not Placed
STU102387,20,Male,BSc Data Science,3,88.1,2.3,63.1,68.5,0,7.3,7.3,83.6,36.7,3,2,1,2,0,78.9,2,Yes,7.32,72.2,Good,Not Placed
STU102388,20,Female,BSc Data Science,3,77.3,2.9,84.2,60.5,0,6.9,6.0,93.5,63.8,1,0,1,1,1,73.9,2,No,7.42,72.0,Good,Not Placed
STU102389,19,Male,BSc Computer Science,3,85.5,3.0,73.9,73.0,1,6.1,9.1,79.3,63.2,1,0,1,0,2,73.7,6,Yes,7.34,72.5,Good,Not Placed
STU102390,23,Male,BSc Computer Science,3,71.3,3.6,86.6,72.9,2,7.4,7.2,76.1,100.0,1,0,4,0,4,80.0,3,Yes,7.6,74.3,Good,Placed
STU102391,22,Female,BSc Data Science,4,67.0,5.2,66.5,56.3,1,6.1,7.4,90.7,74.4,0,0,3,0,3,80.9,1,Yes,6.57,66.2,Good,Not Placed
STU102392,21,Male,BBA,4,85.0,2.3,82.6,81.2,1,4.4,6.6,52.2,70.0,2,2,3,0,1,74.8,6,Yes,8.24,80.7,Excellent,Placed
STU102393,20,Female,BCA,4,72.4,3.8,61.3,62.4,1,8.4,8.6,79.5,85.4,2,0,2,1,0,92.0,4,Yes,7.86,78.9,Good,Placed
STU102394,22,Male,BSc Data Science,4,61.2,4.7,82.5,60.7,1,5.6,5.4,56.7,58.4,3,0,1,1,1,76.0,3,Yes,6.59,65.5,Good,Not Placed
STU102395,19,Female,BSc Data Science,4,70.4,2.5,82.1,77.3,0,5.7,10.0,72.5,58.4,1,0,0,0,3,78.2,1,Yes,6.08,62.2,Average,Not Placed
STU102396,22,Male,BCA,4,91.5,2.5,74.6,72.0,1,3.9,6.9,74.5,53.2,2,0,3,0,2,68.0,1,Yes,8.11,79.5,Good,Not Placed
STU102397,24,Female,BSc Data Science,4,88.6,1.2,,72.0,0,7.2,7.2,52.4,83.5,2,0,1,0,0,93.3,4,Yes,6.92,69.2,Good,Not Placed
STU102398,18,Male,BCA,3,66.8,6.0,77.9,60.1,1,9.6,5.3,67.6,68.0,1,2,2,3,0,98.8,2,No,7.81,78.0,Good,Placed
STU102399,20,Male,BSc Computer Science,4,63.4,4.3,65.0,58.6,1,3.4,9.5,70.8,54.4,3,0,1,1,2,78.0,1,No,6.27,65.2,Good,Not Placed
STU102400,19,Female,BSc Data Science,4,73.9,2.6,67.7,81.6,0,3.6,7.6,71.3,77.6,7,1,2,0,2,96.0,2,Yes,6.33,62.6,Average,Placed
STU102401,21,Male,BTech CSE,4,88.4,2.6,84.1,71.1,0,7.2,8.1,79.3,45.8,4,2,0,1,2,79.5,3,Yes,7.77,78.5,Good,Not Placed
STU102402,23,Male,BSc Computer Science,3,76.0,2.0,93.7,74.7,2,7.0,6.0,74.4,51.4,1,1,3,2,0,72.4,1,No,7.45,75.5,Good,Not Placed
STU102403,24,Female,BCA,2,76.1,3.7,90.7,73.8,0,5.6,9.0,71.6,60.1,4,0,2,0,2,82.6,6,Yes,8.23,84.5,Excellent,Not Placed
STU102404,19,Female,BTech CSE,4,71.9,3.0,59.7,80.1,0,5.5,5.9,68.2,66.6,3,0,1,0,1,69.0,3,No,7.28,72.6,Good,Not Placed
STU102405,21,Male,BCA,4,75.3,2.1,95.6,71.3,1,7.0,8.3,63.6,70.3,0,2,3,2,0,80.5,2,No,7.73,78.3,Good,Not Placed
STU102406,23,Female,BTech CSE,3,86.5,2.3,96.3,69.2,0,3.1,6.2,72.4,61.5,2,1,1,1,0,61.8,2,Yes,6.98,73.6,Good,Not Placed
STU102407,23,Male,BBA,2,78.9,4.6,73.8,80.6,0,4.2,4.9,51.6,68.8,1,1,3,3,1,65.8,3,No,7.94,76.3,Good,Not Placed
STU102408,19,Male,BSc Data Science,3,76.0,2.9,74.0,98.8,1,4.7,6.1,63.1,77.3,2,0,1,1,0,76.5,2,Yes,8.02,82.6,Excellent,Not Placed
STU102409,24,Female,BBA,3,84.5,1.7,76.3,57.1,1,5.8,5.0,68.1,89.8,0,0,5,1,1,79.8,1,Yes,6.49,62.1,Average,Not Placed
STU102410,22,Female,BTech CSE,3,78.7,3.6,85.6,65.4,0,5.8,6.7,46.4,65.6,0,0,1,1,4,67.3,1,Yes,7.75,76.7,Good,Not Placed
STU102411,22,Female,BBA,3,87.5,2.5,78.7,75.5,0,1.8,9.4,78.1,92.0,2,0,3,0,3,67.7,0,No,7.82,78.5,Good,Placed
STU102412,23,Other,BTech CSE,4,71.2,4.5,86.3,45.9,0,4.2,9.7,64.6,67.0,3,1,1,2,2,71.2,3,Yes,6.78,67.9,Good,Placed
STU102413,22,Male,BCA,3,80.7,5.8,67.7,85.3,0,7.5,10.0,66.5,60.7,2,1,3,3,0,86.2,0,Yes,8.44,86.5,Excellent,Placed
STU102414,18,Male,BTech CSE,3,86.9,0.6,70.2,81.5,0,7.4,6.4,70.4,56.9,0,0,1,1,2,75.6,3,Yes,7.78,78.0,Good,Not Placed
STU102415,23,Male,BCA,4,93.5,2.4,72.4,72.4,0,8.1,6.7,52.1,44.4,3,0,1,1,0,81.9,0,Yes,7.96,80.8,Excellent,Not Placed
STU102416,23,Female,BCA,3,67.1,3.7,73.0,77.6,1,7.4,7.3,69.3,57.6,0,0,3,0,1,80.0,1,Yes,8.02,79.5,Good,Not Placed
STU102417,21,Female,BCA,2,76.3,3.4,86.7,90.1,1,6.3,4.2,61.0,76.9,4,1,3,2,0,86.1,1,No,8.88,87.2,Excellent,Placed
STU102418,22,Male,BSc Data Science,3,64.8,5.4,84.7,75.5,3,4.7,5.9,80.0,52.7,4,1,4,2,0,93.9,2,Yes,6.82,69.9,Good,Not Placed
STU102419,24,Male,BSc Computer Science,3,68.3,3.5,89.2,56.8,0,4.7,5.9,78.1,52.6,1,1,2,0,2,62.0,1,Yes,6.61,67.2,Good,Not Placed
STU102420,23,Male,BTech CSE,4,78.2,3.8,93.9,83.5,0,5.0,5.4,56.2,57.0,1,1,1,0,3,71.1,3,Yes,8.97,85.6,Excellent,Not Placed
STU102421,24,Female,BBA,4,57.7,4.1,86.3,83.1,0,8.0,6.3,66.8,74.8,2,1,3,1,0,95.0,1,Yes,7.87,80.9,Excellent,Not Placed
STU102422,18,Male,BCA,3,82.2,2.5,62.4,74.5,0,7.5,4.5,51.3,54.7,3,2,3,0,1,79.7,1,No,7.09,70.7,Good,Not Placed
STU102423,21,Male,BBA,2,83.6,4.3,77.4,100.0,0,4.8,7.0,57.1,33.6,5,0,3,0,2,88.4,3,Yes,9.83,97.8,Excellent,Placed
STU102424,19,Male,BBA,2,77.2,4.1,78.9,70.7,1,7.2,4.3,70.4,36.9,1,0,2,1,2,63.5,0,No,7.64,76.2,Good,Not Placed
STU102425,24,Female,BCA,4,69.6,3.7,84.8,50.5,0,7.6,5.9,79.4,50.9,4,0,2,1,2,84.7,1,No,6.75,70.1,Good,Not Placed
STU102426,23,Female,BSc Data Science,4,75.6,0.6,71.6,75.1,1,7.4,4.1,64.4,65.9,1,1,3,2,1,65.0,2,Yes,6.39,61.5,Average,Not Placed
STU102427,18,Female,BTech CSE,3,99.2,2.4,98.3,73.8,0,8.1,8.6,62.8,60.7,1,1,2,1,0,84.9,2,Yes,8.69,87.3,Excellent,Not Placed
STU102428,20,Male,BSc Computer Science,3,72.8,3.8,77.6,98.7,0,6.6,10.0,78.4,63.0,1,1,3,0,1,99.4,2,Yes,9.1,90.1,Excellent,Placed
STU102429,18,Male,BTech CSE,4,70.1,3.4,78.4,76.3,2,6.0,5.9,74.1,86.7,2,1,4,1,1,76.6,3,Yes,6.87,69.7,Good,Not Placed
STU102430,18,Female,BTech CSE,4,54.9,4.6,79.8,69.1,2,6.6,5.4,47.9,92.7,2,0,3,0,2,86.4,1,Yes,6.89,67.3,Good,Not Placed
STU102431,21,Female,BSc Computer Science,2,,4.6,76.3,56.9,0,8.3,7.9,65.2,47.8,1,2,3,0,0,77.0,2,Yes,8.04,78.7,Good,Not Placed
STU102432,19,Male,BCA,4,65.6,4.0,62.9,93.7,1,7.9,5.8,63.8,44.5,1,3,1,0,1,73.5,2,No,7.92,80.1,Excellent,Not Placed
STU102433,20,Male,BSc Computer Science,3,78.9,4.6,95.7,44.6,1,,4.9,61.6,81.7,1,0,2,0,0,69.2,3,Yes,7.2,72.2,Good,Not Placed
STU102434,22,Male,BCA,2,99.1,4.3,75.0,77.6,0,8.6,4.0,60.7,66.1,4,0,2,0,2,79.7,0,Yes,8.78,88.1,Excellent,Placed
STU102435,22,Male,BSc Computer Science,3,81.7,2.7,88.9,47.9,1,9.8,4.8,75.8,65.4,4,1,2,0,1,81.0,1,Yes,8.02,79.3,Good,Not Placed
STU102436,24,Female,BTech CSE,2,81.6,3.5,77.3,68.5,0,10.0,8.7,50.5,49.1,0,1,4,1,1,100.0,4,No,7.56,77.5,Good,Not Placed
STU102437,18,Male,BSc Computer Science,3,74.7,1.9,75.1,67.7,1,10.0,,83.9,44.0,1,0,1,1,2,82.6,1,Yes,7.08,70.6,Good,Not Placed
STU102438,21,Male,BBA,3,81.1,5.7,68.3,63.8,1,10.0,6.0,67.5,25.6,3,1,1,0,0,81.9,2,Yes,7.86,79.5,Good,Not Placed
STU102439,21,Male,BSc Data Science,3,78.8,1.6,62.4,67.6,2,8.9,7.5,67.9,66.5,1,0,2,0,1,90.6,3,No,7.6,74.4,Good,Not Placed
STU102440,22,Male,BTech CSE,3,83.4,0.5,77.1,73.7,0,1.7,8.9,92.3,79.0,3,1,3,0,1,72.1,1,Yes,5.69,57.5,Average,Not Placed
STU102441,24,Male,BTech CSE,3,53.8,6.7,76.6,66.5,0,6.9,4.7,80.5,73.7,3,1,3,1,1,74.4,1,Yes,7.85,76.7,Good,Not Placed
STU102442,24,Male,BBA,2,81.8,3.4,97.8,70.6,1,3.9,7.2,60.8,69.1,2,1,1,0,2,80.8,0,Yes,7.22,70.4,Good,Not Placed
STU102443,24,Male,BTech CSE,4,82.3,4.8,82.8,63.7,1,9.5,4.0,71.3,49.2,2,1,1,2,1,76.0,3,Yes,8.21,80.5,Excellent,Not Placed
STU102444,20,Female,BCA,3,100.0,4.6,94.6,69.1,0,5.9,6.5,60.4,42.9,0,2,2,0,4,83.7,0,Yes,8.44,83.8,Excellent,Placed
STU102445,19,Female,BBA,3,78.0,5.1,,83.7,0,7.3,8.0,69.2,75.6,1,0,2,1,1,81.0,2,Yes,8.5,85.6,Excellent,Not Placed
STU102446,20,Male,BTech CSE,4,80.2,4.4,82.6,66.5,0,6.2,9.0,54.0,45.8,0,2,0,2,0,80.9,2,Yes,7.02,68.3,Good,Not Placed
STU102447,23,Female,BCA,3,82.0,4.4,88.1,90.7,1,,7.8,64.9,51.7,3,0,2,0,3,99.4,7,No,8.6,85.9,Excellent,Not Placed
STU102448,23,Female,BSc Computer Science,3,82.2,0.5,83.2,83.7,1,4.4,3.2,72.8,52.6,4,1,7,0,0,67.2,1,Yes,7.78,80.4,Excellent,Not Placed
STU102449,19,Female,BTech CSE,3,65.7,2.1,83.7,81.9,0,7.8,5.0,64.8,64.8,1,1,2,0,3,80.2,1,Yes,7.88,77.4,Good,Not Placed
STU102450,22,Male,BSc Computer Science,4,86.2,0.5,79.3,72.1,0,4.6,6.4,59.6,65.7,1,1,2,0,1,76.0,1,Yes,7.35,72.1,Good,Not Placed
STU102451,19,Male,BSc Data Science,4,68.8,2.3,68.9,60.6,0,2.7,7.2,92.8,78.0,4,0,0,1,1,64.1,4,No,5.64,57.2,Average,Not Placed
STU102452,21,Male,BTech CSE,2,82.1,2.7,67.0,73.2,2,6.8,7.1,65.6,65.6,3,2,4,1,2,93.4,0,No,7.02,68.3,Good,Not Placed
STU102453,23,Male,BTech CSE,3,69.4,3.3,89.8,93.1,0,4.3,5.7,56.2,63.4,0,0,6,0,1,87.0,1,No,7.66,75.5,Good,Not Placed
STU102454,18,Male,BSc Computer Science,2,75.8,2.1,74.7,62.1,1,3.8,8.4,65.4,83.3,2,0,0,1,4,66.6,2,Yes,7.2,73.0,Good,Not Placed
STU102455,18,Female,BCA,4,73.3,3.0,77.3,75.5,0,3.7,6.9,68.2,54.9,2,1,4,0,1,77.0,0,Yes,6.85,69.9,Good,Not Placed
STU102456,22,Male,BCA,3,75.5,2.7,74.7,61.1,1,5.8,5.0,76.5,65.4,1,0,2,1,1,73.3,2,No,7.18,71.7,Good,Not Placed
STU102457,21,Male,BTech CSE,4,77.2,4.0,72.2,67.2,1,8.2,5.9,70.6,48.5,2,0,0,1,3,78.6,0,No,8.07,80.1,Excellent,Not Placed
STU102458,20,Female,BTech CSE,3,81.7,4.6,65.9,75.6,0,3.9,10.0,67.3,67.4,1,0,3,1,2,85.8,2,Yes,7.83,76.2,Good,Placed
STU102459,21,Male,BCA,3,77.0,3.8,98.9,76.4,0,8.4,8.9,71.3,77.9,1,1,2,1,5,92.6,2,Yes,8.66,86.8,Excellent,Placed
STU102460,18,Female,BSc Data Science,4,86.7,4.4,59.6,73.4,1,5.5,8.3,98.8,55.0,3,1,1,1,6,73.2,2,No,6.92,68.6,Good,Not Placed
STU102461,18,Female,BCA,4,72.7,3.8,89.6,79.3,0,4.6,7.3,56.8,91.5,5,4,3,0,2,77.1,3,No,7.33,71.3,Good,Placed
STU102462,23,Female,BTech CSE,2,82.3,5.3,94.0,77.5,1,8.7,5.2,56.3,65.5,2,1,3,1,2,85.8,1,Yes,9.23,90.7,Excellent,Placed
STU102463,21,Other,BCA,3,69.7,6.3,83.6,68.1,0,,6.7,86.3,73.9,1,1,2,0,3,87.5,2,Yes,8.04,78.5,Good,Not Placed
STU102464,21,Male,BCA,3,95.8,0.5,80.1,80.7,0,8.0,5.8,57.9,40.4,3,1,3,0,2,78.1,2,Yes,7.24,72.6,Good,Not Placed
STU102465,18,Male,BCA,3,82.3,5.2,84.6,60.4,0,6.9,6.6,61.1,87.5,4,0,2,1,0,84.8,3,Yes,7.93,78.7,Good,Not Placed
STU102466,20,Female,BSc Computer Science,3,71.0,1.6,77.6,68.9,0,4.6,5.3,75.1,82.5,1,1,1,0,0,67.1,1,No,7.14,68.8,Good,Not Placed
STU102467,22,Female,BSc Data Science,3,95.3,3.8,92.8,66.4,2,8.7,7.7,60.4,33.5,2,0,2,1,4,90.8,3,No,8.77,90.6,Excellent,Not Placed
STU102468,24,Male,BSc Data Science,3,83.2,3.9,94.3,76.5,0,6.6,5.6,82.2,42.9,4,0,1,3,0,79.2,4,Yes,9.29,91.1,Excellent,Placed
STU102469,22,Female,BBA,2,71.1,4.4,88.0,43.5,1,6.7,5.7,60.1,77.7,5,2,1,0,2,73.8,3,No,6.82,69.9,Good,Not Placed
STU102470,21,Male,BCA,3,76.7,3.4,63.8,67.2,1,7.2,7.5,60.3,80.1,1,0,2,2,2,81.4,0,Yes,6.48,65.9,Good,Not Placed
STU102471,22,Female,BSc Data Science,3,66.6,3.5,89.4,77.5,0,8.3,,89.8,35.2,2,0,4,1,2,98.1,2,Yes,8.62,85.5,Excellent,Not Placed
STU102472,18,Male,BBA,3,66.6,4.0,96.1,100.0,0,3.6,5.1,65.0,76.7,5,0,1,0,2,68.1,4,Yes,7.71,75.7,Good,Not Placed
STU102473,18,Female,BSc Data Science,4,90.1,3.0,88.7,72.6,0,6.4,5.7,51.0,54.3,5,1,2,3,2,83.3,1,No,7.92,78.0,Good,Not Placed
STU102474,21,Female,BSc Computer Science,2,69.0,0.7,92.8,59.0,0,5.7,6.9,100.0,63.4,2,0,3,3,0,84.6,2,Yes,6.67,65.1,Good,Placed
STU102475,21,Male,BCA,3,64.6,3.5,74.0,80.1,1,9.2,6.0,68.6,61.5,1,1,3,0,1,77.7,2,Yes,7.7,76.2,Good,Not Placed
STU102476,24,Male,BTech CSE,3,84.4,2.4,76.8,63.8,0,9.6,3.3,63.3,52.7,2,0,2,1,2,85.0,1,No,6.92,69.6,Good,Not Placed
STU102477,24,Male,BSc Data Science,3,94.6,2.2,96.4,55.7,0,7.0,9.4,58.7,61.1,2,1,1,1,1,90.0,4,Yes,7.75,77.3,Good,Not Placed
STU102478,23,Female,BTech CSE,3,89.6,2.1,89.3,74.2,0,4.1,5.1,72.1,50.2,5,2,1,0,0,85.1,1,Yes,7.59,75.5,Good,Placed
STU102479,21,Female,BCA,3,100.0,0.5,79.3,87.9,0,5.4,7.3,71.5,55.2,1,0,2,1,2,89.8,4,Yes,7.7,76.9,Good,Not Placed
STU102480,20,Female,BSc Data Science,2,100.0,2.9,79.0,62.4,2,2.0,8.0,95.2,46.3,5,1,0,0,1,81.0,0,Yes,7.33,70.9,Good,Not Placed
STU102481,22,Female,BTech CSE,4,69.0,3.5,82.2,69.5,0,8.3,5.0,65.0,84.9,4,1,1,2,3,85.6,1,Yes,7.72,73.5,Good,Placed
STU102482,21,Female,BBA,4,74.9,4.7,78.7,80.3,0,5.5,7.3,81.4,56.8,2,2,2,0,3,86.0,3,Yes,7.54,72.5,Good,Placed
STU102483,19,Male,BCA,2,62.3,2.6,,84.3,0,8.7,7.8,100.0,80.4,1,2,1,2,0,88.3,2,No,7.64,75.1,Good,Placed
STU102484,23,Male,BTech CSE,3,66.4,5.9,100.0,89.1,1,5.5,3.5,74.7,74.1,1,0,1,1,4,73.6,1,Yes,8.22,83.5,Excellent,Not Placed
STU102485,19,Female,BSc Data Science,3,88.7,4.4,74.3,63.6,1,6.1,6.5,71.5,82.5,0,0,3,2,2,79.0,2,No,8.1,81.2,Excellent,Not Placed
STU102486,18,Male,BSc Computer Science,3,80.8,1.8,62.3,70.5,1,5.8,7.4,72.4,57.8,3,1,1,0,1,73.2,1,Yes,7.41,71.6,Good,Placed
STU102487,24,Male,BSc Data Science,3,92.6,2.8,74.7,46.0,0,3.6,8.3,72.6,61.7,5,1,5,1,3,93.0,1,No,5.95,57.1,Average,Not Placed
STU102488,22,Male,BSc Computer Science,3,69.3,6.5,88.1,67.3,0,3.6,4.0,63.9,66.6,0,0,2,1,1,51.9,4,No,6.84,70.4,Good,Not Placed
STU102489,21,Male,BSc Data Science,2,72.5,4.6,88.6,59.4,0,10.0,7.0,49.9,45.5,5,1,3,2,0,100.0,2,No,8.77,88.3,Excellent,Not Placed
STU102490,19,Female,BSc Data Science,4,83.9,2.7,70.2,73.7,0,5.1,8.3,78.9,66.2,2,0,2,0,2,95.2,3,Yes,8.38,83.7,Excellent,Not Placed
STU102491,22,Male,BCA,3,88.6,4.8,77.9,82.6,0,7.8,7.3,64.1,60.1,2,1,2,0,3,77.4,1,No,8.22,81.8,Excellent,Not Placed
STU102492,18,Female,BCA,3,61.7,1.6,91.5,80.3,0,10.0,8.0,64.4,84.0,0,0,3,0,1,94.0,3,No,7.95,78.9,Good,Not Placed
STU102493,24,Male,BBA,4,75.6,2.7,80.8,58.1,0,5.8,8.0,77.3,87.8,2,0,0,2,2,74.4,2,Yes,7.06,68.8,Good,Not Placed
STU102494,20,Male,BBA,2,82.0,0.5,70.7,67.2,0,7.3,5.4,63.8,93.9,0,1,1,0,3,83.7,2,Yes,6.4,64.0,Average,Not Placed
STU102495,23,Male,BTech CSE,3,85.8,4.4,73.0,77.5,1,7.0,8.3,86.7,36.3,0,2,3,2,3,83.5,2,Yes,7.78,76.8,Good,Not Placed
STU102496,22,Female,BSc Data Science,3,87.8,1.8,97.5,73.5,2,7.1,8.0,50.7,76.1,3,2,0,0,1,72.0,3,Yes,7.63,75.3,Good,Not Placed
STU102497,22,Female,BSc Data Science,3,77.3,3.4,77.0,63.6,0,7.4,6.0,69.1,59.6,2,2,0,2,3,73.0,4,No,7.37,74.2,Good,Not Placed
STU102498,20,Female,BTech CSE,3,65.6,1.2,82.6,76.5,0,4.3,6.7,54.1,54.1,2,0,1,0,3,76.7,0,Yes,6.96,69.8,Good,Not Placed
STU102499,22,Female,BBA,2,58.7,3.8,64.4,81.2,1,3.9,8.1,54.3,89.3,2,1,2,0,1,85.6,6,Yes,6.38,63.6,Average,Not Placed
STU102500,18,Female,BSc Data Science,2,76.2,3.4,79.4,69.7,3,6.4,8.9,61.7,48.8,3,3,2,0,3,81.6,2,Yes,7.72,77.8,Good,Not Placed
STU102501,18,Female,BTech CSE,2,75.1,1.3,100.0,60.1,1,9.0,6.5,75.7,68.3,4,2,3,0,2,92.6,1,Yes,7.25,70.1,Good,Placed
STU102502,20,Female,BBA,4,70.0,2.8,100.0,76.5,1,8.2,7.4,75.2,49.9,0,1,2,1,1,83.7,3,No,8.42,85.5,Excellent,Not Placed
STU102503,23,Female,BTech CSE,2,86.9,3.7,84.8,61.7,0,,9.0,82.6,26.2,2,1,1,0,1,73.6,3,Yes,6.63,67.9,Good,Not Placed
STU102504,21,Male,BCA,2,66.5,4.2,99.8,87.9,0,,6.0,49.6,41.0,1,1,1,0,1,75.2,1,No,9.23,93.8,Excellent,Not Placed
STU102505,19,Female,BCA,4,71.4,5.9,88.6,40.4,0,7.0,9.3,60.9,28.1,7,0,5,1,3,100.0,3,Yes,6.86,72.0,Good,Not Placed
STU102506,21,Female,BSc Computer Science,3,89.7,5.3,100.0,68.1,0,6.7,5.4,66.4,58.0,2,2,2,0,1,87.6,2,No,8.84,85.4,Excellent,Not Placed
STU102507,22,Female,BSc Computer Science,3,70.3,2.5,89.3,61.3,1,6.7,6.5,93.4,44.4,5,1,2,0,1,87.7,3,Yes,6.88,70.5,Good,Not Placed
STU102508,19,Male,BCA,2,81.2,2.4,96.7,80.5,0,7.1,8.0,43.9,83.5,1,0,2,0,3,84.1,4,Yes,8.87,85.8,Excellent,Not Placed
STU102509,20,Female,BSc Data Science,3,77.9,1.4,58.8,89.2,0,6.4,8.7,71.3,74.3,0,0,1,1,3,65.1,6,Yes,7.08,68.0,Good,Not Placed
STU102510,20,Female,BTech CSE,2,80.4,2.0,86.2,64.1,0,5.4,7.1,66.5,50.3,1,0,3,0,0,87.1,1,No,6.56,66.8,Good,Not Placed
STU102511,23,Male,BSc Computer Science,3,86.8,4.8,75.3,60.7,0,6.1,3.9,39.3,48.5,2,1,4,1,3,82.9,2,No,8.04,80.4,Excellent,Not Placed
STU102512,19,Female,BSc Data Science,4,81.3,1.1,88.2,79.7,1,3.2,6.5,81.0,55.8,3,0,0,2,0,55.7,2,No,5.89,60.3,Average,Not Placed
STU102513,18,Male,BSc Computer Science,3,64.1,3.3,87.7,50.5,1,7.4,6.4,56.2,59.0,5,2,3,0,2,88.2,4,Yes,7.41,75.9,Good,Placed
STU102514,19,Male,BSc Computer Science,2,65.8,3.0,97.2,75.0,1,,6.6,85.5,84.5,2,0,1,0,1,67.5,3,Yes,8.25,82.5,Excellent,Placed
STU102515,22,Male,BTech CSE,3,80.9,2.4,93.5,71.6,1,9.5,8.8,56.3,56.6,0,1,1,0,3,95.2,1,Yes,8.22,79.7,Good,Not Placed
STU102516,18,Male,BCA,3,68.8,1.5,66.5,69.4,0,7.6,5.0,61.3,66.6,0,1,1,2,1,68.0,1,Yes,6.11,62.7,Average,Placed
STU102517,24,Female,BTech CSE,3,87.6,0.7,61.6,61.9,0,6.2,6.7,85.1,56.2,2,0,2,3,4,76.8,3,Yes,6.3,62.9,Average,Not Placed
STU102518,24,Male,BSc Computer Science,3,81.1,1.6,79.7,46.7,0,7.4,6.5,58.6,74.1,1,4,2,0,1,73.5,1,Yes,6.07,60.8,Average,Not Placed
STU102519,24,Male,BCA,3,60.8,3.4,90.3,83.7,1,5.9,6.4,76.0,76.6,1,3,8,1,2,88.7,3,No,8.44,85.0,Excellent,Not Placed
STU102520,20,Male,BTech CSE,3,96.9,4.4,89.0,79.6,1,5.3,5.3,42.4,84.0,3,2,3,0,3,62.2,3,Yes,7.7,77.5,Good,Not Placed
STU102521,19,Male,BSc Data Science,4,74.3,5.9,82.7,71.3,1,2.2,7.2,71.3,79.8,4,0,1,0,2,79.9,1,No,7.44,72.1,Good,Not Placed
STU102522,24,Male,BSc Data Science,4,75.9,4.0,88.8,74.8,1,7.2,6.2,74.9,26.3,2,0,1,3,1,89.1,2,Yes,7.81,77.5,Good,Not Placed
STU102523,21,Female,BSc Data Science,3,82.2,4.4,91.0,70.2,1,7.4,5.7,83.0,40.7,1,0,4,0,1,80.3,1,Yes,9.08,91.1,Excellent,Not Placed
STU102524,23,Male,BSc Data Science,4,77.1,5.9,82.8,83.8,1,8.8,6.0,70.5,68.3,3,1,3,1,0,75.6,1,Yes,8.47,85.0,Excellent,Not Placed
STU102525,21,Female,BSc Data Science,2,87.6,4.0,88.8,69.6,0,9.1,5.9,53.2,68.8,1,0,2,1,3,77.4,6,Yes,8.58,86.5,Excellent,Placed
STU102526,24,Female,BTech CSE,4,67.8,5.0,89.8,71.6,0,7.1,5.3,59.7,60.5,1,0,5,0,1,78.0,2,Yes,8.53,84.8,Excellent,Not Placed
STU102527,23,Male,BCA,2,89.5,2.9,81.6,73.8,1,4.3,5.6,44.5,80.4,0,0,3,1,1,68.1,2,Yes,6.81,68.1,Good,Not Placed
STU102528,22,Female,BBA,3,84.8,4.6,98.3,67.4,1,4.3,4.4,59.6,89.1,2,0,2,2,3,62.5,3,Yes,7.29,74.7,Good,Not Placed
STU102529,21,Male,BSc Computer Science,4,70.3,3.8,68.8,70.9,0,6.9,9.6,66.9,54.0,2,1,2,2,2,80.1,3,Yes,8.29,80.0,Good,Not Placed
STU102530,19,Male,BCA,3,80.5,3.1,100.0,70.4,0,8.1,7.1,72.4,40.1,3,2,3,0,0,85.8,0,Yes,8.77,87.3,Excellent,Placed
STU102531,19,Male,BCA,4,90.1,5.8,93.5,63.8,0,8.2,6.6,50.8,72.0,0,2,0,1,1,75.4,4,Yes,9.59,99.2,Excellent,Placed
STU102532,21,Male,BSc Computer Science,3,83.2,1.7,100.0,60.6,0,5.7,8.4,80.2,55.3,4,2,2,0,1,70.5,0,Yes,6.25,62.3,Average,Not Placed
STU102533,24,Male,BSc Computer Science,3,79.5,2.2,65.3,69.6,0,2.7,7.2,66.3,30.9,3,1,4,0,1,84.5,3,Yes,5.72,58.0,Average,Not Placed
STU102534,19,Female,BCA,3,84.2,5.3,78.1,68.4,1,4.3,7.8,80.3,69.6,3,0,4,1,2,91.2,1,Yes,7.89,80.5,Excellent,Not Placed
STU102535,22,Male,BCA,4,85.1,5.0,87.3,84.7,0,3.0,7.1,92.3,72.1,2,2,2,0,1,75.9,1,Yes,8.27,86.5,Excellent,Placed
STU102536,18,Female,BTech CSE,2,72.9,3.5,84.8,60.5,0,7.1,9.6,59.2,53.7,0,1,1,0,1,87.2,1,No,7.76,78.9,Good,Not Placed
STU102537,24,Male,BCA,3,79.6,4.0,77.2,65.3,1,6.0,10.0,69.4,62.4,2,0,2,0,2,74.7,1,Yes,7.4,75.7,Good,Not Placed
STU102538,22,Female,BTech CSE,4,86.5,4.3,85.4,74.2,1,6.0,9.8,55.6,70.1,1,0,0,0,3,75.2,1,No,7.64,76.0,Good,Not Placed
STU102539,23,Male,BSc Computer Science,4,79.3,4.0,95.7,76.8,0,7.4,1.9,60.4,88.5,1,1,2,1,1,65.9,0,Yes,8.92,88.2,Excellent,Not Placed
STU102540,22,Male,BSc Data Science,4,70.8,3.9,83.6,70.3,0,,5.8,61.8,74.8,0,2,3,1,1,71.2,1,No,7.99,78.2,Good,Not Placed
STU102541,24,Male,BSc Data Science,3,80.8,2.2,67.0,81.8,1,10.0,5.9,64.0,41.0,3,1,2,1,2,93.6,0,No,7.89,78.0,Good,Not Placed
STU102542,23,Male,BCA,4,74.1,5.4,100.0,70.7,0,6.2,8.9,66.7,88.7,0,1,3,0,1,82.7,3,Yes,8.32,83.5,Excellent,Placed
STU102543,24,Male,BTech CSE,4,83.8,3.2,71.5,61.6,1,3.4,6.2,83.5,92.3,2,2,0,0,2,67.9,2,Yes,6.91,64.6,Average,Not Placed
STU102544,19,Female,BCA,4,92.3,2.0,68.6,71.5,0,1.9,6.3,53.5,71.8,0,0,1,2,2,76.8,4,Yes,6.52,68.6,Good,Not Placed
STU102545,18,Male,BSc Data Science,2,84.8,3.7,74.0,80.9,0,7.5,6.0,66.9,83.0,3,0,3,1,3,85.1,1,Yes,8.18,82.2,Excellent,Not Placed
STU102546,24,Female,BSc Computer Science,3,69.8,4.0,75.2,83.7,2,7.6,6.3,77.4,45.6,1,0,1,1,0,78.0,1,Yes,7.77,78.6,Good,Not Placed
STU102547,24,Female,BCA,3,81.0,4.1,85.0,83.3,1,7.6,6.8,85.1,65.6,2,1,1,0,1,84.4,1,Yes,8.71,87.6,Excellent,Placed
STU102548,19,Female,BSc Computer Science,3,52.2,5.0,100.0,74.3,0,,7.7,49.7,78.7,2,0,0,1,1,62.7,7,Yes,8.49,84.3,Excellent,Not Placed
STU102549,20,Male,BTech CSE,3,77.0,2.9,72.2,75.2,2,4.9,6.6,77.3,69.1,4,3,1,2,2,87.1,2,Yes,7.1,71.5,Good,Not Placed
STU102550,19,Male,BSc Computer Science,2,87.4,3.4,94.0,79.1,2,9.5,6.6,57.9,53.1,3,0,1,0,1,100.0,1,No,8.84,87.6,Excellent,Not Placed
STU102551,23,Female,BBA,3,82.0,2.2,100.0,52.5,0,6.2,6.0,72.8,48.9,1,1,0,1,1,65.2,1,Yes,7.26,69.8,Good,Placed
STU102552,19,Female,BTech CSE,3,79.1,3.9,77.3,63.4,0,5.4,7.2,67.1,69.6,2,2,1,1,1,68.6,2,Yes,6.8,69.6,Good,Not Placed
STU102553,19,Male,BSc Data Science,2,99.3,2.2,80.9,75.6,0,9.0,3.8,70.7,77.1,2,1,2,1,0,72.0,0,Yes,8.37,81.4,Excellent,Placed
STU102554,18,Male,BSc Data Science,3,61.0,2.6,85.4,60.2,1,4.6,4.0,75.1,46.7,0,2,2,0,1,65.5,1,Yes,6.3,63.6,Average,Not Placed
STU102555,19,Male,BSc Data Science,4,63.2,5.0,77.0,85.8,1,5.8,5.2,56.0,56.4,3,0,5,0,2,89.1,1,Yes,9.15,92.0,Excellent,Not Placed
STU102556,24,Female,BSc Computer Science,3,82.8,3.7,62.0,84.8,0,8.7,7.8,72.7,100.0,4,1,0,1,1,84.3,0,No,8.37,84.2,Excellent,Placed
STU102557,18,Female,BSc Data Science,2,87.0,5.6,96.9,65.5,2,8.9,4.1,77.8,75.3,1,2,1,0,4,81.1,2,Yes,9.43,94.0,Excellent,Not Placed
STU102558,21,Male,BBA,2,87.4,5.3,83.7,61.1,0,8.9,8.3,62.1,61.0,1,2,1,0,1,77.3,3,Yes,8.07,84.1,Excellent,Not Placed
STU102559,20,Female,BSc Computer Science,3,72.3,3.8,75.8,77.2,1,7.8,7.0,53.4,80.7,1,1,1,0,1,84.2,2,Yes,6.69,66.3,Good,Not Placed
STU102560,18,Female,BSc Data Science,4,69.6,4.0,81.5,56.7,1,10.0,5.0,41.6,76.8,2,1,2,2,1,87.5,2,Yes,7.98,81.3,Excellent,Not Placed
STU102561,23,Male,BSc Computer Science,3,68.1,3.1,78.5,73.7,1,8.2,7.6,64.5,68.7,2,0,2,1,3,73.8,1,Yes,8.31,82.2,Excellent,Not Placed
STU102562,21,Female,BSc Data Science,2,81.2,5.1,88.5,100.0,1,7.1,5.3,84.5,69.0,3,1,4,0,2,100.0,0,Yes,9.61,94.7,Excellent,Placed
STU102563,18,Female,BTech CSE,3,68.2,4.0,72.1,59.9,0,6.5,6.8,62.4,54.4,2,3,0,1,2,68.0,3,Yes,7.13,69.2,Good,Not Placed
STU102564,18,Male,BSc Computer Science,4,89.1,4.9,77.8,62.6,0,6.0,6.0,70.4,80.1,1,2,2,0,1,70.6,2,No,8.11,81.0,Excellent,Not Placed
STU102565,20,Female,BCA,2,77.8,2.5,83.6,64.6,0,4.3,8.4,71.6,52.2,2,1,2,0,0,76.7,1,No,6.74,70.2,Good,Placed
STU102566,24,Male,BCA,3,71.0,1.5,,61.2,0,2.5,8.1,88.0,78.9,3,1,2,0,0,71.5,1,Yes,5.11,53.6,Average,Not Placed
STU102567,23,Male,BTech CSE,3,71.0,4.3,79.3,61.8,1,8.2,8.4,38.8,80.1,0,0,3,1,1,84.1,3,Yes,8.22,83.7,Excellent,Not Placed
STU102568,22,Male,BSc Computer Science,2,62.7,4.6,74.4,92.6,1,6.3,8.8,81.2,56.0,1,1,1,0,0,89.9,2,Yes,7.77,76.6,Good,Placed
STU102569,22,Male,BBA,2,70.1,3.6,88.7,72.8,0,5.0,8.0,68.3,38.0,1,2,4,2,2,75.4,0,No,8.62,85.4,Excellent,Not Placed
STU102570,18,Male,BCA,3,72.5,4.4,84.7,82.9,1,10.0,7.3,81.0,76.5,2,1,2,0,0,82.0,2,Yes,8.75,86.3,Excellent,Not Placed
STU102571,19,Male,BSc Data Science,2,82.1,2.2,96.0,86.4,0,8.7,3.9,78.5,77.5,2,2,0,2,0,78.6,1,Yes,8.53,85.5,Excellent,Placed
STU102572,23,Female,BCA,2,77.0,4.9,59.8,50.4,0,6.2,6.9,60.3,72.0,1,0,4,1,1,74.0,4,Yes,6.05,61.7,Average,Not Placed
STU102573,21,Male,BSc Computer Science,3,69.4,5.3,75.2,62.8,1,7.5,3.5,88.5,41.7,0,2,1,0,1,56.3,1,Yes,7.13,72.9,Good,Not Placed
STU102574,19,Female,BSc Data Science,2,65.7,5.0,84.2,61.1,1,6.5,4.8,92.3,69.8,2,1,1,0,3,80.0,3,Yes,7.51,75.3,Good,Not Placed
STU102575,19,Male,BCA,3,75.6,3.7,96.2,40.4,1,5.8,8.0,84.6,93.2,1,1,2,1,4,78.5,2,No,7.23,72.2,Good,Not Placed
STU102576,23,Female,BSc Computer Science,2,57.5,5.3,69.8,77.1,0,8.7,4.9,96.3,91.3,5,0,4,0,4,93.4,0,Yes,8.54,83.7,Excellent,Placed
STU102577,24,Female,BSc Computer Science,3,74.8,1.8,73.2,75.6,0,7.0,7.5,65.3,85.1,3,1,3,1,0,97.1,2,Yes,7.19,72.6,Good,Not Placed
STU102578,18,Male,BCA,4,89.2,4.4,96.5,87.9,0,4.3,6.5,55.8,74.4,1,0,1,0,3,69.2,2,Yes,8.22,85.2,Excellent,Not Placed
STU102579,18,Female,BSc Computer Science,3,76.0,4.6,100.0,77.7,2,7.2,6.5,78.0,73.1,1,0,3,0,3,90.8,2,No,8.97,90.0,Excellent,Placed
STU102580,18,Male,BTech CSE,3,79.6,4.3,100.0,40.7,1,7.6,6.2,72.3,57.1,2,1,1,0,0,80.6,0,Yes,7.67,77.6,Good,Placed
STU102581,18,Female,BCA,2,78.4,2.1,100.0,63.6,0,9.6,7.6,76.0,91.7,3,0,1,0,1,97.4,1,Yes,8.32,81.4,Excellent,Not Placed
STU102582,22,Female,BSc Data Science,3,64.1,3.8,86.7,64.4,1,7.0,6.3,60.1,68.1,3,0,0,0,0,67.8,1,Yes,5.92,60.6,Average,Not Placed
STU102583,18,Female,BSc Data Science,2,95.6,3.1,83.5,78.1,1,6.6,6.1,93.8,83.6,0,2,2,1,2,81.0,2,No,8.87,87.9,Excellent,Not Placed
STU102584,22,Female,BTech CSE,2,73.9,0.6,100.0,40.2,1,7.4,7.4,70.6,60.4,1,2,1,0,2,76.2,0,Yes,6.09,61.1,Average,Not Placed
STU102585,22,Male,BTech CSE,3,78.0,1.7,78.4,78.5,0,4.6,6.7,51.9,74.8,1,0,0,3,1,68.5,2,Yes,6.48,65.7,Good,Not Placed
STU102586,24,Male,BSc Data Science,4,71.4,5.2,70.9,81.5,2,10.0,5.0,70.4,63.3,2,3,1,1,2,84.7,3,No,8.21,82.5,Excellent,Not Placed
STU102587,18,Female,BSc Data Science,3,89.4,2.9,85.1,69.0,0,10.0,6.6,76.1,40.8,3,0,1,0,1,98.2,1,Yes,8.86,89.7,Excellent,Not Placed
STU102588,20,Male,BTech CSE,2,63.4,5.1,78.0,62.4,0,8.2,4.7,55.4,52.9,1,1,3,1,0,71.9,0,Yes,7.35,72.6,Good,Not Placed
STU102589,21,Male,BBA,4,91.0,5.2,73.5,86.1,0,7.1,6.8,75.8,58.6,1,0,1,1,2,73.5,4,Yes,9.3,95.9,Excellent,Not Placed
STU102590,19,Male,BTech CSE,2,75.0,4.3,91.4,55.4,0,4.0,8.8,69.9,89.4,4,1,0,0,0,70.1,2,Yes,7.01,71.3,Good,Not Placed
STU102591,22,Male,BBA,4,72.7,2.6,79.2,85.7,0,6.6,5.3,53.0,47.3,2,1,3,0,1,69.4,1,Yes,7.32,71.4,Good,Not Placed
STU102592,23,Other,BSc Computer Science,3,71.7,4.9,84.0,82.9,1,7.4,8.1,58.7,49.2,3,1,1,2,0,100.0,2,Yes,8.63,88.9,Excellent,Not Placed
STU102593,23,Male,BTech CSE,3,96.1,3.8,88.0,78.7,0,4.7,7.8,70.1,53.4,1,0,1,2,1,72.2,1,Yes,7.96,78.7,Good,Not Placed
STU102594,21,Male,BSc Data Science,3,62.0,3.6,62.6,93.8,1,5.5,4.3,68.7,84.5,3,1,2,0,3,74.3,1,Yes,6.54,64.2,Average,Not Placed
STU102595,23,Female,BSc Data Science,4,72.7,2.1,95.6,72.2,0,5.6,7.0,43.0,62.7,1,1,1,0,0,64.9,1,No,7.57,76.4,Good,Not Placed
STU102596,20,Female,BCA,4,65.1,2.7,100.0,79.5,0,5.4,8.7,74.5,63.1,1,1,2,1,1,90.7,1,Yes,6.49,66.1,Good,Not Placed
STU102597,23,Male,BTech CSE,3,59.9,2.2,96.1,71.4,0,9.5,5.8,70.9,78.0,0,2,2,1,2,78.8,3,Yes,7.83,78.8,Good,Placed
STU102598,19,Male,BBA,3,91.1,4.9,42.5,68.1,1,6.2,5.8,78.9,91.6,1,0,1,1,4,70.3,1,No,6.82,71.5,Good,Not Placed
STU102599,19,Female,BSc Computer Science,3,77.7,5.8,84.5,78.3,1,8.9,5.5,75.2,96.5,1,1,0,0,2,73.2,3,Yes,9.03,93.7,Excellent,Placed
STU102600,22,Female,BSc Data Science,3,66.4,4.9,61.6,68.4,1,5.6,7.2,63.9,89.9,2,1,0,0,1,85.7,2,Yes,7.13,72.7,Good,Not Placed
STU102601,18,Male,BCA,4,86.3,3.8,95.1,72.8,0,5.9,4.2,68.8,62.1,2,1,1,1,1,72.9,3,Yes,8.89,88.7,Excellent,Not Placed
STU102602,24,Male,BCA,2,74.0,3.0,95.2,72.8,0,,4.9,100.0,59.0,1,2,3,1,0,80.5,3,Yes,8.04,81.0,Excellent,Placed
STU102603,20,Male,BCA,3,71.5,4.2,86.1,67.1,0,6.9,5.4,57.0,62.5,0,1,4,2,1,67.9,0,Yes,8.63,86.9,Excellent,Not Placed
STU102604,22,Male,BSc Computer Science,4,83.8,2.9,52.9,80.8,0,4.6,3.8,63.2,37.3,1,3,2,0,3,62.3,2,Yes,7.19,72.7,Good,Not Placed
STU102605,20,Male,BBA,4,73.8,3.5,82.1,50.7,0,7.1,4.1,57.2,42.5,1,1,1,3,1,81.1,0,Yes,6.59,67.2,Good,Not Placed
STU102606,18,Female,BCA,2,68.4,2.3,69.7,63.7,0,4.5,5.4,51.6,75.0,0,1,2,0,2,64.0,3,Yes,7.17,67.8,Good,Not Placed
STU102607,23,Male,BCA,2,85.0,4.5,83.5,60.3,0,9.8,6.3,62.4,40.5,5,1,1,0,1,93.0,1,Yes,8.91,87.7,Excellent,Placed
STU102608,23,Female,BSc Computer Science,4,76.6,4.6,81.8,75.7,1,5.5,8.8,65.3,48.3,1,0,2,1,1,71.8,1,Yes,7.35,76.2,Good,Not Placed
STU102609,24,Male,BSc Data Science,3,85.5,4.9,93.5,69.1,0,8.1,8.5,56.9,68.1,3,0,5,0,1,92.8,4,Yes,8.62,87.4,Excellent,Not Placed
STU102610,18,Female,BTech CSE,3,74.0,4.3,80.3,55.0,0,5.5,7.5,100.0,48.1,2,0,1,0,5,83.0,2,Yes,7.48,76.3,Good,Not Placed
STU102611,22,Female,BSc Data Science,2,88.2,4.2,100.0,77.6,0,8.8,10.0,66.8,56.0,4,0,2,0,0,96.1,2,Yes,9.5,94.6,Excellent,Placed
STU102612,24,Male,BSc Data Science,4,78.1,1.9,86.4,74.7,1,5.6,6.7,54.5,56.3,2,0,2,1,2,88.1,3,No,6.94,70.8,Good,Not Placed
STU102613,18,Male,BCA,2,88.6,1.9,76.2,72.4,0,6.4,8.1,80.3,26.3,0,0,4,0,1,84.8,4,Yes,7.24,70.9,Good,Not Placed
STU102614,21,Male,BCA,2,88.3,4.0,81.0,81.4,1,6.1,6.1,54.8,64.1,1,0,4,2,3,77.8,0,Yes,8.69,86.9,Excellent,Not Placed
STU102615,19,Female,BSc Computer Science,2,90.4,5.2,96.2,78.3,1,6.0,7.8,65.6,59.1,1,0,0,2,4,67.0,2,Yes,8.62,86.8,Excellent,Not Placed
STU102616,24,Female,BCA,4,78.7,3.1,97.6,69.2,0,3.9,5.8,44.8,61.3,3,0,3,1,0,77.7,1,No,7.31,72.1,Good,Placed
STU102617,24,Male,BSc Data Science,4,81.8,3.5,52.6,77.0,0,5.2,3.8,77.4,42.8,1,0,3,0,2,80.7,4,Yes,7.55,76.4,Good,Not Placed
STU102618,22,Male,BSc Computer Science,4,75.7,3.5,68.9,88.4,1,7.1,6.3,77.0,51.2,1,1,3,0,2,82.2,3,No,7.53,76.8,Good,Not Placed
STU102619,20,Male,BCA,3,69.0,0.7,75.1,70.2,0,7.5,8.9,75.7,58.0,0,1,2,1,3,86.5,4,Yes,7.27,72.0,Good,Not Placed
STU102620,21,Female,BCA,4,98.0,3.9,97.5,87.0,2,4.5,4.0,78.3,47.5,2,1,7,0,2,79.2,0,Yes,8.98,89.2,Excellent,Not Placed
STU102621,22,Male,BSc Computer Science,4,70.5,2.7,95.8,94.7,0,5.3,5.2,64.0,56.7,3,0,1,2,1,76.2,3,Yes,7.47,76.7,Good,Not Placed
STU102622,18,Male,BTech CSE,4,87.0,4.4,93.1,76.0,0,6.4,7.2,78.6,100.0,3,0,3,0,0,90.3,2,No,8.21,83.1,Excellent,Not Placed
STU102623,18,Male,BBA,4,85.3,3.5,94.5,59.9,2,6.6,7.7,98.4,70.3,0,2,2,0,0,79.3,4,No,8.09,79.3,Good,Placed
STU102624,18,Male,BCA,3,79.8,3.2,100.0,68.4,0,7.2,8.3,73.4,57.9,1,2,1,0,0,73.3,5,No,7.86,79.4,Good,Not Placed
STU102625,18,Female,BCA,3,76.5,3.3,88.2,74.0,1,8.4,8.4,68.2,63.3,1,0,3,0,5,98.5,5,No,8.13,79.2,Good,Placed
STU102626,20,Male,BCA,4,76.5,3.0,94.0,72.2,1,7.1,6.8,48.1,84.5,1,0,1,1,1,73.6,0,Yes,7.92,80.0,Good,Not Placed
STU102627,21,Female,BSc Data Science,4,71.4,1.5,86.8,73.5,1,4.7,4.8,71.9,55.0,2,2,0,1,0,73.7,3,Yes,7.31,71.1,Good,Not Placed
STU102628,23,Male,BSc Computer Science,3,78.9,4.9,93.6,86.6,1,7.8,8.4,54.8,69.2,1,1,2,1,1,78.1,5,Yes,8.39,84.9,Excellent,Not Placed
STU102629,19,Male,BTech CSE,2,66.2,2.5,76.7,61.8,0,8.3,5.4,68.1,86.4,4,0,2,1,0,97.1,3,Yes,7.48,74.5,Good,Not Placed
STU102630,20,Female,BTech CSE,3,85.5,2.8,72.5,76.4,1,3.7,5.3,55.0,64.2,2,1,1,1,1,63.5,3,Yes,6.82,66.8,Good,Not Placed
STU102631,20,Other,BCA,3,75.7,3.6,74.7,83.1,1,7.3,9.4,54.1,61.4,1,1,2,1,1,84.0,0,Yes,8.3,83.2,Excellent,Not Placed
STU102632,23,Female,BSc Computer Science,2,68.4,1.8,79.0,69.0,1,8.9,6.3,66.6,89.1,3,0,3,1,2,84.7,4,Yes,7.47,74.4,Good,Placed
STU102633,23,Male,BBA,4,65.2,2.8,91.0,59.7,2,5.3,7.2,94.2,81.4,1,2,2,0,3,77.6,1,Yes,6.01,61.3,Average,Not Placed
STU102634,19,Male,BSc Data Science,3,76.7,6.4,,69.5,0,7.8,8.3,59.1,73.5,2,0,2,1,1,80.4,2,Yes,9.42,95.1,Excellent,Not Placed
STU102635,19,Female,BSc Computer Science,3,,4.0,75.3,59.5,1,5.2,7.0,53.8,63.4,2,2,0,0,3,80.6,0,Yes,6.98,69.4,Good,Not Placed
STU102636,23,Male,BBA,3,72.8,2.2,100.0,63.5,0,6.0,7.0,100.0,46.4,3,1,4,0,3,82.2,3,No,7.24,71.1,Good,Not Placed
STU102637,18,Male,BTech CSE,3,83.0,0.5,79.6,79.0,0,4.9,9.4,60.5,97.5,1,2,1,2,5,82.7,4,No,6.8,70.1,Good,Not Placed
STU102638,20,Female,BTech CSE,2,81.5,5.0,82.2,75.2,0,7.6,5.3,65.7,82.7,1,2,1,1,4,64.8,3,Yes,7.9,81.2,Excellent,Not Placed
STU102639,22,Female,BCA,3,78.6,2.0,85.2,80.5,0,7.9,7.0,66.5,63.7,0,0,1,0,0,91.3,1,Yes,8.0,82.5,Excellent,Not Placed
STU102640,19,Other,BSc Data Science,2,68.7,2.7,75.1,77.8,0,7.3,7.4,75.2,84.2,3,2,3,1,1,91.2,2,Yes,7.75,77.2,Good,Placed
STU102641,19,Female,BCA,2,70.6,2.9,76.5,69.5,1,7.6,3.3,53.8,81.1,3,2,1,0,3,77.4,1,Yes,7.57,75.3,Good,Placed
STU102642,23,Female,BSc Computer Science,2,64.0,2.1,78.7,59.9,0,7.8,5.7,64.8,55.2,2,2,2,2,2,83.2,3,No,6.68,67.1,Good,Not Placed
STU102643,21,Male,BCA,2,76.1,3.4,69.1,75.9,1,8.9,4.8,73.6,60.6,3,1,7,0,0,100.0,2,No,6.75,69.8,Good,Not Placed
STU102644,22,Male,BTech CSE,3,83.6,2.7,73.0,65.6,0,5.5,8.2,68.4,77.5,3,0,2,3,0,88.0,3,Yes,6.98,70.0,Good,Not Placed
STU102645,22,Female,BTech CSE,3,65.9,4.4,81.2,70.3,0,1.9,7.0,56.3,51.0,2,1,3,0,1,70.0,1,Yes,6.8,64.5,Average,Not Placed
STU102646,19,Female,BSc Computer Science,4,72.4,3.7,77.5,63.4,1,5.8,6.5,52.5,76.0,1,0,3,1,1,79.5,1,Yes,7.68,75.5,Good,Not Placed
STU102647,18,Male,BCA,3,77.5,5.6,74.9,82.8,0,5.8,6.4,75.2,61.4,1,1,1,2,2,62.3,0,Yes,9.65,97.2,Excellent,Placed
STU102648,21,Male,BCA,4,83.6,5.7,93.3,45.1,1,8.0,8.6,62.8,52.9,3,0,3,0,1,100.0,2,Yes,8.3,81.5,Excellent,Not Placed
STU102649,22,Male,BTech CSE,3,63.2,2.1,62.7,78.2,0,2.4,6.6,86.4,50.1,1,3,2,2,5,61.8,2,No,6.78,67.0,Good,Not Placed
STU102650,19,Female,BSc Computer Science,4,100.0,3.0,88.4,73.8,0,7.0,7.3,66.6,61.4,2,0,2,1,0,84.1,1,No,8.53,86.9,Excellent,Placed
STU102651,22,Male,BTech CSE,3,85.5,6.7,83.7,82.6,0,8.9,5.5,74.3,69.9,3,1,1,0,0,100.0,3,Yes,9.83,97.5,Excellent,Placed
STU102652,24,Male,BSc Data Science,3,72.0,1.8,85.1,57.3,0,6.5,8.2,76.9,55.6,4,0,3,1,0,75.1,1,Yes,6.65,66.8,Good,Placed
STU102653,21,Male,BSc Computer Science,2,67.3,4.7,68.5,71.4,1,7.5,8.5,74.1,59.3,5,1,1,2,1,97.4,2,Yes,8.11,80.6,Excellent,Not Placed
STU102654,21,Female,BTech CSE,3,80.8,4.3,75.9,66.9,1,5.2,4.2,56.9,67.9,1,0,5,0,1,75.6,2,Yes,8.63,82.4,Excellent,Not Placed
STU102655,24,Male,BSc Computer Science,3,82.7,2.2,86.3,70.1,0,7.8,6.0,80.0,100.0,1,1,0,1,2,65.5,1,Yes,6.81,70.3,Good,Placed
STU102656,20,Female,BSc Computer Science,3,68.1,2.3,76.1,72.2,3,6.3,5.2,78.8,70.2,2,0,3,1,0,76.2,2,Yes,5.99,60.3,Average,Placed
STU102657,24,Female,BTech CSE,4,66.9,6.3,65.1,66.2,1,5.5,7.1,59.3,71.6,0,1,0,0,2,64.6,8,Yes,8.22,81.5,Excellent,Not Placed
STU102658,23,Male,BCA,2,69.1,6.2,79.0,70.7,1,6.6,7.0,61.6,65.0,1,2,1,0,1,71.8,1,Yes,8.02,84.1,Excellent,Not Placed
STU102659,23,Male,BCA,2,78.6,4.1,79.9,86.9,2,,7.8,71.2,98.8,1,1,4,0,0,93.2,1,Yes,8.69,87.0,Excellent,Not Placed
STU102660,19,Male,BSc Computer Science,3,78.8,1.4,90.0,89.4,0,6.3,5.7,76.1,33.4,3,0,1,0,2,73.1,2,No,7.14,69.9,Good,Not Placed
STU102661,21,Male,BCA,4,99.6,5.4,94.5,74.9,2,6.2,6.7,62.3,47.6,4,1,3,1,1,86.3,1,No,10.0,99.4,Excellent,Not Placed
STU102662,20,Female,BTech CSE,3,56.4,1.4,83.5,89.6,0,6.4,6.1,71.4,51.6,0,0,2,0,3,75.3,1,Yes,6.29,66.8,Good,Not Placed
STU102663,20,Male,BTech CSE,3,71.3,4.6,86.8,54.7,0,7.0,4.6,58.7,79.1,5,4,1,0,2,71.8,1,Yes,8.04,80.4,Excellent,Placed
STU102664,22,Female,BTech CSE,2,72.7,1.1,93.6,81.7,0,6.9,5.0,66.1,57.8,1,1,2,2,6,72.5,2,Yes,7.32,76.8,Good,Placed
STU102665,22,Male,BSc Computer Science,3,82.9,3.5,79.9,74.5,2,6.9,3.7,66.0,77.9,3,0,2,0,0,75.1,2,No,8.01,78.0,Good,Not Placed
STU102666,24,Male,BCA,4,83.3,4.8,88.0,67.5,1,4.3,8.8,98.0,23.9,2,1,3,0,0,82.8,2,Yes,7.3,73.8,Good,Placed
STU102667,20,Female,BCA,4,76.0,0.5,66.4,79.4,1,6.2,4.8,80.7,70.2,0,1,1,1,3,69.8,3,Yes,6.9,68.4,Good,Not Placed
STU102668,24,Male,BTech CSE,2,93.1,2.7,75.8,73.9,1,8.8,6.2,66.5,45.2,0,3,0,0,2,79.9,2,Yes,8.86,86.5,Excellent,Not Placed
STU102669,24,Male,BCA,3,66.8,3.7,100.0,64.8,0,7.5,9.3,69.8,79.1,3,0,2,0,1,93.5,4,Yes,7.47,70.9,Good,Placed
STU102670,22,Male,BTech CSE,3,71.0,3.0,93.3,80.4,2,8.7,5.9,61.0,47.7,0,0,0,0,1,79.8,2,Yes,7.99,78.2,Good,Not Placed
STU102671,21,Male,BTech CSE,2,64.8,2.5,91.2,71.5,0,7.2,8.2,64.4,52.4,5,0,0,0,1,86.0,3,Yes,6.84,70.4,Good,Not Placed
STU102672,24,Female,BSc Data Science,3,76.5,3.3,72.3,63.4,3,6.9,6.1,69.0,42.9,5,1,0,3,2,72.0,1,No,6.23,62.1,Average,Not Placed
STU102673,18,Male,BSc Data Science,3,74.7,5.1,65.2,81.7,0,9.1,7.3,61.0,47.2,0,1,2,1,1,82.6,2,No,9.68,96.8,Excellent,Not Placed
STU102674,21,Female,BSc Computer Science,3,85.9,5.6,71.5,51.5,0,5.7,6.4,73.8,64.4,1,1,5,0,1,79.0,0,No,6.84,65.6,Good,Not Placed
STU102675,20,Female,BTech CSE,4,96.5,4.6,83.1,91.7,0,5.6,4.8,74.1,59.1,3,0,3,0,0,70.7,4,Yes,9.23,91.5,Excellent,Not Placed
STU102676,20,Male,BCA,3,92.9,5.8,87.8,82.9,2,9.6,9.8,100.0,53.3,0,1,3,1,3,93.1,2,No,10.0,97.6,Excellent,Not Placed
STU102677,24,Male,BBA,4,65.8,2.7,99.4,49.3,1,8.1,8.4,36.2,39.7,0,1,4,2,1,86.2,0,Yes,7.68,73.4,Good,Not Placed
STU102678,21,Male,BSc Computer Science,4,78.5,4.4,68.7,86.6,1,6.0,6.4,64.0,53.1,4,0,2,0,1,80.1,0,No,7.34,75.9,Good,Not Placed
STU102679,22,Female,BBA,4,85.7,2.0,75.8,73.0,0,5.4,5.3,57.6,82.0,1,2,3,0,1,69.0,3,No,6.63,69.6,Good,Not Placed
STU102680,22,Male,BCA,2,84.7,7.9,100.0,47.3,0,4.6,5.4,32.0,67.3,0,3,3,0,1,63.7,3,No,9.75,93.2,Excellent,Not Placed
STU102681,23,Female,BCA,4,100.0,3.7,64.5,49.7,1,5.9,6.3,73.1,71.1,3,2,1,0,1,68.0,3,Yes,7.23,71.1,Good,Not Placed
STU102682,20,Male,BTech CSE,4,75.8,4.7,84.4,78.9,0,8.2,5.3,65.6,87.1,2,0,1,0,1,82.6,0,Yes,8.66,85.7,Excellent,Placed
STU102683,19,Female,BTech CSE,2,78.8,0.9,60.8,58.9,0,2.6,6.8,78.0,79.4,0,1,1,0,4,66.8,4,No,5.67,55.4,Average,Not Placed
STU102684,23,Male,BSc Data Science,3,100.0,4.7,78.2,61.5,1,8.5,8.8,79.1,84.9,5,0,3,0,1,100.0,1,Yes,8.76,87.8,Excellent,Placed
STU102685,22,Female,BTech CSE,3,82.2,3.7,100.0,73.3,0,7.8,5.9,55.3,67.9,3,2,2,0,2,93.8,4,Yes,8.61,88.9,Excellent,Not Placed
STU102686,21,Male,BTech CSE,4,72.0,4.2,88.0,78.1,0,4.6,8.9,62.2,55.6,2,1,1,0,2,67.7,6,No,6.65,69.9,Good,Not Placed
STU102687,22,Male,BCA,4,68.3,3.5,96.6,74.6,0,6.6,5.0,86.4,66.5,2,0,1,0,3,79.8,1,Yes,7.93,79.3,Good,Not Placed
STU102688,21,Male,BSc Computer Science,4,80.1,3.3,88.0,61.1,1,5.6,8.4,41.5,66.7,3,2,1,0,1,82.8,0,Yes,6.13,61.1,Average,Not Placed
STU102689,23,Male,BTech CSE,4,88.7,3.0,87.8,63.0,1,4.9,8.6,61.9,32.8,1,2,3,1,0,72.8,5,Yes,8.26,82.2,Excellent,Placed
STU102690,20,Other,BSc Data Science,3,88.5,3.4,64.0,59.3,1,7.0,8.5,68.0,59.5,1,0,2,1,2,84.6,1,Yes,7.36,74.0,Good,Not Placed
STU102691,22,Male,BSc Data Science,2,69.3,5.7,100.0,74.8,0,7.5,7.5,59.1,82.2,3,3,8,0,1,100.0,2,No,9.23,90.8,Excellent,Placed
STU102692,24,Male,BTech CSE,2,79.0,2.9,99.9,74.2,0,7.9,6.7,63.5,33.1,1,1,4,0,2,87.5,1,Yes,8.08,79.9,Good,Not Placed
STU102693,21,Female,BSc Data Science,2,73.5,6.9,73.8,76.8,1,3.3,8.3,86.6,37.0,4,1,6,0,0,90.7,2,No,7.27,77.8,Good,Placed
STU102694,20,Male,BCA,3,76.5,3.6,98.8,74.2,0,5.7,7.0,82.4,48.3,5,0,4,0,1,86.4,0,Yes,8.2,81.7,Excellent,Not Placed
STU102695,19,Female,BBA,4,87.1,5.6,93.7,73.4,0,7.6,7.0,49.7,55.0,3,0,4,1,0,94.9,4,Yes,8.39,79.2,Good,Not Placed
STU102696,21,Female,BSc Computer Science,4,77.5,5.2,89.2,82.7,0,8.2,5.3,80.1,61.8,0,1,0,2,3,72.9,1,Yes,9.05,89.2,Excellent,Not Placed
STU102697,23,Male,BTech CSE,3,84.5,1.2,84.3,73.2,1,7.0,5.3,70.3,94.5,1,0,1,0,0,86.6,1,Yes,6.73,69.4,Good,Not Placed
STU102698,19,Female,BTech CSE,3,84.8,1.5,80.9,82.6,0,8.4,7.6,78.7,76.4,0,0,2,0,4,95.2,3,Yes,7.24,74.1,Good,Placed
STU102699,19,Male,BCA,3,71.9,2.5,100.0,67.3,0,6.9,6.2,85.2,69.1,3,0,3,0,0,82.6,0,Yes,7.31,75.4,Good,Placed
STU102700,18,Male,BCA,3,90.3,1.2,83.5,62.6,1,7.5,8.0,73.3,62.1,0,1,2,0,0,78.4,0,No,6.74,67.0,Good,Not Placed
STU102701,22,Female,BSc Data Science,3,67.0,2.9,87.2,86.4,0,5.0,8.3,92.4,63.5,0,3,1,0,1,66.9,0,Yes,7.48,77.2,Good,Not Placed
STU102702,21,Female,BSc Data Science,3,65.4,3.5,100.0,66.4,0,7.8,4.6,87.8,79.3,3,1,4,0,1,82.0,1,No,7.96,79.5,Good,Not Placed
STU102703,19,Male,BSc Computer Science,4,73.2,4.5,94.8,70.7,1,4.1,5.6,89.0,84.1,4,0,3,0,2,70.3,1,Yes,7.96,78.8,Good,Placed
STU102704,18,Female,BSc Computer Science,4,68.2,3.8,68.4,62.1,1,4.7,5.5,65.5,53.2,2,1,3,2,2,69.7,0,Yes,6.7,65.8,Good,Not Placed
STU102705,23,Male,BSc Computer Science,4,84.1,3.5,75.6,95.8,1,5.1,9.2,71.2,71.7,0,1,3,1,2,66.6,1,Yes,7.54,77.5,Good,Not Placed
STU102706,20,Male,BCA,2,100.0,5.0,73.0,53.6,1,9.5,6.6,66.9,67.6,1,0,2,0,0,91.1,0,Yes,7.68,79.6,Good,Not Placed
STU102707,24,Female,BSc Data Science,2,89.3,4.8,86.9,83.8,0,5.9,7.4,58.3,82.3,6,0,0,1,2,67.3,3,Yes,9.13,90.7,Excellent,Placed
STU102708,24,Male,BSc Computer Science,3,69.8,6.4,76.7,49.7,0,7.3,5.5,83.0,88.2,0,2,2,0,4,68.5,2,Yes,7.61,76.0,Good,Placed
STU102709,21,Male,BSc Computer Science,4,68.0,3.8,77.8,67.5,2,7.5,6.9,76.9,70.7,6,0,1,0,2,88.2,5,Yes,7.59,75.9,Good,Not Placed
STU102710,19,Female,BCA,4,87.8,0.5,79.4,80.9,1,7.5,5.9,60.0,62.3,2,2,2,0,2,80.8,1,Yes,7.01,70.6,Good,Not Placed
STU102711,24,Female,BSc Computer Science,3,66.2,4.1,86.1,92.2,0,4.7,3.9,73.0,39.7,3,2,0,1,1,74.9,3,No,9.03,89.3,Excellent,Not Placed
STU102712,22,Male,BCA,4,68.2,6.9,79.1,69.1,0,7.2,5.8,49.3,46.9,0,1,0,0,0,79.2,2,No,7.75,78.7,Good,Not Placed
STU102713,24,Male,BSc Data Science,3,81.7,5.0,92.7,65.5,0,4.8,7.2,30.0,68.4,2,0,2,0,0,83.4,3,Yes,7.22,75.3,Good,Not Placed
STU102714,24,Female,BTech CSE,3,72.6,5.4,70.0,74.4,1,3.5,10.0,71.9,84.0,1,1,5,1,1,91.0,2,Yes,7.28,73.4,Good,Not Placed
STU102715,24,Female,BCA,4,79.2,3.6,65.7,91.8,0,9.6,4.7,92.1,92.1,1,0,1,1,2,76.3,3,No,8.54,85.1,Excellent,Placed
STU102716,18,Female,BSc Computer Science,4,74.7,4.9,74.8,74.0,0,6.1,6.6,59.2,29.9,3,0,1,2,2,91.0,1,Yes,7.73,76.9,Good,Not Placed
STU102717,19,Male,BSc Data Science,2,77.7,5.5,70.8,78.1,1,6.1,7.2,64.8,57.9,1,0,1,1,1,77.0,1,Yes,7.98,81.8,Excellent,Not Placed
STU102718,22,Male,BCA,3,86.7,3.0,82.6,64.3,0,8.4,8.1,56.0,68.7,1,1,0,0,1,70.8,3,Yes,7.67,75.0,Good,Not Placed
STU102719,19,Male,BCA,3,84.2,2.7,77.6,82.9,1,8.0,6.2,67.4,79.0,2,1,3,0,1,72.4,0,No,8.22,80.1,Excellent,Placed
STU102720,21,Female,BBA,2,87.2,4.2,67.7,53.2,1,5.5,5.9,62.7,58.6,3,1,2,0,3,77.5,1,No,7.04,68.4,Good,Not Placed
STU102721,21,Female,BSc Computer Science,4,84.4,5.0,67.5,87.0,0,7.1,8.0,67.4,60.2,2,0,3,0,0,85.7,2,Yes,8.12,79.8,Good,Not Placed
STU102722,21,Female,BBA,3,85.1,0.5,84.0,87.9,0,7.6,7.9,53.6,67.6,2,1,1,0,2,67.8,1,No,8.95,86.7,Excellent,Not Placed
STU102723,23,Other,BSc Computer Science,2,78.0,3.2,91.9,96.2,2,4.3,8.2,64.7,34.7,1,0,2,0,2,81.7,4,No,7.55,78.3,Good,Not Placed
STU102724,24,Male,BSc Computer Science,2,63.5,0.6,74.2,87.9,0,5.3,7.9,56.1,58.7,4,0,1,1,1,86.2,2,No,5.74,58.4,Average,Not Placed
STU102725,23,Male,BSc Data Science,4,76.9,3.3,81.0,65.5,0,6.1,4.3,38.1,58.0,4,0,1,0,3,77.9,4,Yes,8.11,79.1,Good,Not Placed
STU102726,18,Male,BSc Data Science,4,81.2,6.0,74.9,89.6,1,6.7,8.0,78.1,70.8,2,0,1,0,0,76.9,1,No,8.83,85.6,Excellent,Placed
STU102727,21,Male,BCA,4,78.7,2.6,80.3,85.6,1,9.0,7.0,71.6,72.0,0,1,2,0,1,92.9,0,Yes,8.52,82.1,Excellent,Placed
STU102728,22,Male,BSc Data Science,2,82.2,3.1,100.0,63.3,0,5.4,3.2,68.6,54.7,3,2,5,1,2,85.2,4,No,7.16,72.7,Good,Not Placed
STU102729,19,Male,BSc Data Science,4,98.6,4.5,100.0,74.5,2,9.3,7.8,73.5,64.8,1,1,1,0,1,75.4,5,No,8.14,81.4,Excellent,Placed
STU102730,24,Female,BCA,3,73.0,5.0,77.1,37.0,0,7.5,6.1,46.2,66.1,2,0,2,2,2,84.5,3,No,6.8,69.7,Good,Not Placed
STU102731,20,Female,BCA,3,74.0,4.9,76.4,55.4,0,3.8,8.4,87.2,60.4,4,0,2,1,1,89.8,2,No,7.53,74.2,Good,Placed
STU102732,22,Male,BCA,4,90.1,3.6,86.8,81.9,0,7.3,6.4,66.2,81.3,3,0,1,0,0,75.5,2,Yes,8.11,86.0,Excellent,Not Placed
STU102733,24,Female,BSc Data Science,2,79.2,4.4,83.3,91.6,1,9.3,7.7,82.7,62.1,3,1,0,1,3,91.1,4,No,9.57,96.7,Excellent,Placed
STU102734,23,Male,BSc Computer Science,3,82.5,4.3,89.5,81.9,0,6.3,,48.3,99.3,2,1,2,1,3,92.6,4,Yes,8.31,81.1,Excellent,Not Placed
STU102735,23,Female,BTech CSE,2,72.1,2.4,80.6,72.7,0,5.4,5.1,63.2,52.1,3,1,2,0,2,79.4,2,No,7.88,76.8,Good,Not Placed
STU102736,22,Female,BSc Data Science,3,,0.9,80.0,59.6,2,5.7,8.9,92.5,77.0,5,2,0,1,3,84.5,4,Yes,5.25,53.7,Average,Not Placed
STU102737,23,Female,BCA,3,65.9,2.2,86.9,79.7,0,7.6,5.5,78.5,82.5,3,0,0,1,2,81.2,2,Yes,6.7,67.4,Good,Not Placed
STU102738,21,Male,BSc Data Science,4,79.7,5.7,84.7,49.0,1,4.2,5.3,48.6,47.1,2,0,4,1,1,85.1,3,Yes,8.49,86.3,Excellent,Not Placed
STU102739,18,Male,BTech CSE,3,68.2,6.8,76.7,78.2,2,9.9,8.4,75.8,73.1,1,1,2,0,2,89.5,0,No,9.19,92.2,Excellent,Placed
STU102740,19,Male,BCA,3,67.0,3.4,83.4,61.2,0,8.7,7.1,59.1,87.2,5,0,2,0,3,100.0,1,Yes,6.55,66.5,Good,Not Placed
STU102741,18,Female,BTech CSE,4,84.6,5.6,83.4,81.1,2,7.9,10.0,51.8,74.5,1,1,2,2,1,95.8,2,Yes,8.73,89.7,Excellent,Not Placed
STU102742,24,Female,BSc Computer Science,4,71.7,3.1,51.6,81.6,1,4.6,5.0,59.2,28.6,1,2,1,1,3,66.7,2,No,6.91,68.5,Good,Not Placed
STU102743,19,Female,BCA,3,66.0,4.0,81.4,65.2,0,9.3,7.9,70.0,78.3,2,0,0,0,2,80.9,3,No,7.8,78.6,Good,Not Placed
STU102744,19,Male,BSc Data Science,3,65.0,2.6,91.9,83.2,0,9.0,7.5,69.6,72.6,0,3,7,0,2,94.9,3,Yes,7.86,79.5,Good,Not Placed
STU102745,18,Female,BCA,2,87.1,5.0,77.2,50.9,0,9.3,8.8,55.9,73.2,4,1,2,0,1,100.0,2,Yes,9.61,93.9,Excellent,Placed
STU102746,22,Female,BTech CSE,2,76.9,2.5,73.8,70.3,0,7.3,9.1,65.7,60.7,3,1,1,0,2,96.0,3,Yes,6.55,68.4,Good,Not Placed
STU102747,19,Male,BSc Computer Science,3,74.0,2.2,73.9,81.5,1,6.8,8.0,53.7,49.4,1,3,3,0,1,81.2,0,No,7.32,71.1,Good,Not Placed
STU102748,18,Male,BSc Computer Science,2,79.7,3.6,85.6,79.5,1,7.3,7.6,66.3,91.4,1,0,2,1,3,81.7,1,No,8.17,82.3,Excellent,Not Placed
STU102749,19,Female,BSc Computer Science,3,78.8,4.7,71.1,65.3,1,7.6,6.8,73.4,85.0,3,0,0,0,1,77.3,2,No,8.59,84.1,Excellent,Placed
STU102750,20,Male,BSc Computer Science,2,72.7,3.7,84.6,82.6,1,9.1,6.8,45.2,85.1,3,0,3,2,4,93.7,0,No,8.9,91.4,Excellent,Placed
STU102751,22,Female,BSc Computer Science,3,74.7,2.8,83.7,83.0,0,4.3,8.2,50.6,61.3,1,1,2,0,0,71.7,1,Yes,8.11,80.8,Excellent,Not Placed
STU102752,21,Other,BCA,3,85.3,2.2,67.3,57.9,1,7.2,7.7,59.0,69.0,2,1,3,0,0,84.9,0,Yes,6.55,66.0,Good,Not Placed
STU102753,19,Female,BSc Data Science,2,86.2,1.0,92.4,70.7,0,7.7,7.7,75.3,75.1,3,0,4,1,3,100.0,1,No,7.54,77.2,Good,Not Placed
STU102754,20,Female,BCA,3,69.6,2.8,95.8,74.3,1,8.7,6.7,51.7,68.9,3,1,3,0,1,91.4,3,Yes,7.62,77.7,Good,Not Placed
STU102755,21,Female,BTech CSE,3,90.8,3.3,84.8,74.2,1,6.3,4.6,78.7,67.0,0,0,1,0,2,55.1,4,No,8.52,84.6,Excellent,Not Placed
STU102756,21,Female,BCA,3,98.1,4.3,82.4,81.7,0,7.0,5.8,51.4,78.1,0,0,3,1,0,62.9,1,Yes,8.18,82.3,Excellent,Not Placed
STU102757,24,Male,BSc Computer Science,3,75.1,1.7,76.5,67.0,1,6.6,5.9,54.3,53.5,1,1,6,0,1,92.0,1,No,7.23,71.5,Good,Placed
STU102758,19,Male,BCA,4,74.8,4.5,76.9,91.6,0,7.3,7.2,61.9,89.3,3,2,1,1,2,90.5,2,Yes,8.19,81.0,Excellent,Placed
STU102759,18,Male,BBA,2,69.0,2.6,77.2,67.3,0,5.8,8.6,59.9,65.8,0,1,1,2,1,88.5,3,No,6.77,67.4,Good,Not Placed
STU102760,19,Female,BSc Data Science,2,71.3,2.7,90.2,58.4,0,8.0,6.7,56.6,52.5,0,0,3,1,0,86.7,2,No,7.49,74.9,Good,Not Placed
STU102761,20,Male,BSc Data Science,2,81.2,5.4,88.3,69.3,0,7.5,5.4,49.0,51.2,1,1,4,0,3,72.6,5,Yes,9.19,90.5,Excellent,Placed
STU102762,21,Male,BBA,3,100.0,0.5,60.3,75.0,2,4.2,3.9,45.7,38.0,0,2,4,0,4,58.7,2,No,5.75,57.2,Average,Not Placed
STU102763,19,Male,BSc Data Science,4,85.3,1.7,65.7,57.9,0,4.7,6.1,79.0,73.7,3,0,0,2,2,79.5,1,No,6.73,67.4,Good,Not Placed
STU102764,18,Female,BBA,2,74.7,3.6,72.9,68.3,0,6.5,5.2,68.0,52.9,2,2,1,0,1,81.0,2,No,7.22,73.5,Good,Not Placed
STU102765,24,Female,BCA,3,73.8,3.5,76.9,57.1,3,10.0,8.1,91.2,66.7,0,0,4,0,1,92.2,1,No,7.33,73.1,Good,Not Placed
STU102766,19,Other,BSc Data Science,3,71.4,0.9,86.7,80.4,0,6.3,7.9,67.4,68.9,4,1,4,0,0,92.9,3,Yes,6.73,70.5,Good,Not Placed
STU102767,22,Male,BTech CSE,4,88.6,2.8,76.1,69.9,0,5.0,5.6,73.5,22.0,3,0,1,0,1,65.4,5,No,6.99,68.7,Good,Not Placed
STU102768,24,Female,BTech CSE,4,75.6,4.9,86.6,43.4,0,5.5,7.3,87.4,60.9,2,1,3,1,0,73.5,3,No,7.95,79.3,Good,Not Placed
STU102769,18,Female,BCA,3,82.5,1.8,99.6,84.5,0,7.7,7.0,75.9,97.4,2,0,1,0,2,72.2,1,Yes,8.42,83.3,Excellent,Not Placed
STU102770,20,Male,BBA,3,75.6,5.1,75.6,58.0,0,9.7,5.2,63.1,75.9,2,0,2,1,1,85.5,5,Yes,7.79,77.5,Good,Placed
STU102771,21,Female,BSc Computer Science,4,99.2,2.4,71.9,100.0,0,5.6,7.4,60.4,69.6,3,0,1,1,0,78.2,3,Yes,8.62,85.9,Excellent,Not Placed
STU102772,19,Male,BTech CSE,4,72.7,0.7,69.6,63.8,2,7.1,6.9,72.9,59.1,2,0,2,1,2,80.9,2,No,7.76,79.3,Good,Placed
STU102773,18,Female,BSc Data Science,3,71.0,4.7,70.6,65.1,0,5.8,8.1,74.8,20.0,2,0,1,1,2,81.6,2,No,7.56,76.6,Good,Not Placed
STU102774,24,Male,BCA,3,73.2,3.9,88.1,73.9,1,7.9,6.6,73.7,66.6,2,2,1,2,2,74.6,1,Yes,8.41,85.2,Excellent,Not Placed
STU102775,22,Male,BBA,3,82.2,1.3,90.3,43.0,0,5.8,9.1,65.6,68.5,1,1,1,0,0,83.2,0,No,6.83,66.7,Good,Not Placed
STU102776,18,Female,BBA,3,92.3,2.7,88.9,77.3,0,8.2,5.9,62.0,49.3,0,4,2,0,1,81.8,1,No,7.56,76.6,Good,Not Placed
STU102777,23,Male,BSc Computer Science,3,82.3,6.1,70.5,80.4,0,2.0,4.6,74.6,50.8,2,0,1,0,2,62.9,2,No,6.82,68.6,Good,Not Placed
STU102778,22,Male,BCA,3,85.1,4.5,77.8,82.9,0,7.9,7.1,66.2,56.4,4,0,3,1,0,93.6,4,No,8.7,86.6,Excellent,Not Placed
STU102779,24,Female,BCA,4,83.7,5.2,77.8,75.4,0,6.3,8.7,48.9,68.5,2,2,2,1,2,78.0,2,Yes,8.47,83.9,Excellent,Placed
STU102780,20,Male,BSc Computer Science,3,61.3,1.8,100.0,73.1,0,7.7,5.0,57.9,38.7,5,0,1,1,1,81.6,0,No,8.05,80.8,Excellent,Not Placed
STU102781,21,Female,BCA,4,77.8,5.3,85.3,53.8,0,6.5,6.4,53.0,34.0,0,3,4,2,1,88.7,3,Yes,8.06,80.5,Excellent,Placed
STU102782,24,Male,BSc Data Science,3,74.8,1.4,83.2,77.9,0,4.4,7.7,73.3,76.5,1,0,2,1,1,77.3,3,Yes,7.45,77.0,Good,Not Placed
STU102783,20,Female,BSc Data Science,4,76.6,1.4,85.1,71.5,1,6.9,3.3,57.8,56.5,2,1,4,0,5,75.8,0,Yes,6.58,67.8,Good,Not Placed
STU102784,19,Female,BTech CSE,3,69.8,4.8,77.3,66.9,1,8.0,10.0,98.7,85.2,3,3,3,0,1,100.0,2,Yes,7.98,78.8,Good,Placed
STU102785,18,Female,BCA,3,86.7,1.5,86.4,59.6,0,7.0,7.2,75.6,48.1,1,0,5,0,0,87.0,2,Yes,8.13,80.2,Excellent,Not Placed
STU102786,23,Female,BSc Computer Science,3,78.5,5.8,76.7,77.8,0,3.9,6.1,90.4,62.1,2,0,1,1,3,63.5,0,Yes,8.16,82.0,Excellent,Not Placed
STU102787,22,Female,BSc Computer Science,3,78.4,1.6,97.7,68.1,2,6.9,8.2,90.8,83.0,0,0,1,1,2,72.2,1,Yes,8.44,83.6,Excellent,Not Placed
STU102788,22,Female,BSc Computer Science,4,76.5,2.0,72.4,49.4,3,7.4,6.9,63.2,84.4,1,3,3,1,1,82.7,2,No,6.9,68.8,Good,Not Placed
STU102789,18,Female,BSc Data Science,2,71.7,5.2,84.1,69.3,1,5.8,6.0,83.5,66.0,1,1,2,1,1,66.6,4,Yes,7.39,75.7,Good,Placed
STU102790,23,Female,BSc Data Science,3,60.2,2.6,89.4,62.8,0,1.1,8.0,69.4,46.3,2,1,0,0,2,45.4,1,No,6.06,61.1,Average,Not Placed
STU102791,18,Male,BTech CSE,2,80.7,4.7,81.1,82.5,1,5.6,7.4,84.7,35.5,2,0,3,0,2,75.8,1,Yes,8.54,84.9,Excellent,Not Placed
STU102792,19,Male,BTech CSE,4,79.1,1.8,83.4,70.0,0,4.2,3.7,48.4,63.4,1,1,2,0,0,66.9,1,Yes,5.73,59.9,Average,Not Placed
STU102793,20,Female,BTech CSE,3,83.3,3.1,79.8,68.8,4,6.3,6.2,72.9,79.4,2,3,2,0,0,71.3,0,No,6.4,64.4,Average,Not Placed
STU102794,24,Male,BBA,3,78.7,4.6,72.0,75.7,2,4.2,5.9,73.2,52.4,1,0,1,0,0,62.2,0,Yes,7.56,75.1,Good,Not Placed
STU102795,22,Male,BTech CSE,2,67.2,2.2,100.0,92.1,1,4.2,6.2,87.5,77.0,4,1,2,1,2,61.8,5,Yes,8.07,83.1,Excellent,Not Placed
STU102796,19,Female,BTech CSE,3,70.1,5.0,78.1,76.9,2,7.9,7.3,52.4,38.8,4,0,2,0,0,92.0,5,Yes,8.62,84.9,Excellent,Not Placed
STU102797,20,Male,BCA,4,91.4,3.0,67.6,62.5,1,6.8,3.3,64.4,65.4,0,1,2,0,4,72.9,6,Yes,6.39,65.8,Good,Placed
STU102798,19,Male,BSc Data Science,2,81.2,3.7,74.0,53.3,0,7.4,8.3,71.3,78.4,1,0,5,0,1,96.6,0,Yes,6.7,68.2,Good,Placed
STU102799,23,Other,BSc Computer Science,3,86.0,2.0,96.6,88.0,0,5.5,5.9,74.0,80.4,0,0,2,0,3,72.8,5,Yes,8.55,87.0,Excellent,Not Placed
STU102800,22,Female,BCA,2,,2.3,100.0,42.6,0,5.6,8.0,94.4,69.3,0,1,3,0,0,78.0,2,Yes,7.61,75.3,Good,Not Placed
STU102801,24,Male,BSc Computer Science,3,68.2,2.2,86.1,71.7,0,5.4,5.9,72.1,57.9,2,1,6,2,3,85.7,1,Yes,7.03,68.1,Good,Not Placed
STU102802,18,Other,BSc Data Science,3,74.6,2.6,90.7,100.0,1,5.6,6.3,74.8,54.1,2,0,1,1,0,67.0,2,Yes,7.78,79.3,Good,Placed
STU102803,18,Female,BTech CSE,3,84.8,5.8,100.0,50.7,1,5.7,9.8,80.9,38.4,3,1,0,1,2,93.8,1,Yes,8.29,83.6,Excellent,Not Placed
STU102804,20,Male,BSc Computer Science,3,69.8,5.2,71.4,58.6,0,4.7,5.1,70.8,56.7,1,2,4,2,1,84.5,3,Yes,6.55,65.4,Good,Placed
STU102805,24,Male,BSc Data Science,3,73.9,4.2,86.3,74.4,0,5.2,6.0,58.6,88.7,4,0,1,0,0,91.4,4,Yes,8.06,81.1,Excellent,Not Placed
STU102806,21,Female,BBA,3,72.8,2.5,100.0,62.3,0,6.9,5.8,57.3,61.8,2,1,3,0,3,82.0,3,Yes,7.04,72.6,Good,Not Placed
STU102807,23,Female,BSc Data Science,3,70.6,2.2,91.2,70.6,1,4.7,9.4,79.1,66.2,5,1,1,2,0,77.0,2,Yes,6.22,62.5,Average,Not Placed
STU102808,20,Female,BSc Data Science,2,76.7,2.0,79.0,77.1,2,7.1,4.7,65.7,69.3,4,0,3,0,6,85.2,2,Yes,8.03,78.3,Good,Not Placed
STU102809,21,Female,BSc Data Science,4,73.1,3.0,86.0,78.8,0,3.7,8.2,53.0,59.2,2,1,2,1,2,82.8,0,Yes,7.95,76.6,Good,Not Placed
STU102810,19,Female,BTech CSE,4,74.0,3.9,100.0,85.3,0,7.0,4.2,53.9,78.8,2,2,1,1,1,72.7,1,Yes,8.2,85.9,Excellent,Not Placed
STU102811,23,Male,BSc Computer Science,2,80.7,4.4,83.7,53.0,0,6.4,4.8,68.9,67.6,0,1,2,0,2,72.8,2,Yes,8.29,82.6,Excellent,Not Placed
STU102812,19,Female,BSc Computer Science,2,88.0,3.5,,87.2,0,7.1,5.5,76.0,62.1,3,0,3,1,4,75.3,4,Yes,9.19,93.1,Excellent,Placed
STU102813,24,Male,BCA,2,85.6,4.3,88.7,88.2,0,7.1,6.3,79.7,53.2,2,2,2,0,2,83.8,0,Yes,8.72,84.9,Excellent,Not Placed
STU102814,22,Female,BSc Computer Science,4,79.8,4.9,72.1,82.1,0,4.7,8.4,71.3,77.1,3,1,1,0,2,85.1,0,No,7.5,72.8,Good,Not Placed
STU102815,23,Female,BCA,4,94.4,2.9,73.9,58.4,2,6.6,6.4,48.7,68.1,1,2,1,1,1,76.5,1,No,7.19,72.2,Good,Not Placed
STU102816,21,Male,BTech CSE,3,84.6,5.1,76.9,57.8,2,4.5,7.6,58.9,65.2,2,1,3,0,1,68.7,4,Yes,8.03,77.9,Good,Not Placed
STU102817,22,Male,BTech CSE,3,86.0,2.0,81.8,75.6,0,5.8,5.7,41.3,64.3,4,1,2,0,2,77.9,2,No,6.76,70.5,Good,Not Placed
STU102818,18,Male,BTech CSE,3,76.4,4.4,72.7,79.7,0,8.2,6.9,89.1,72.3,2,1,1,0,4,83.9,3,Yes,8.96,90.5,Excellent,Placed
STU102819,21,Male,BTech CSE,3,74.1,3.5,86.5,86.1,1,4.7,8.5,39.5,49.2,2,0,3,1,1,91.6,3,Yes,7.61,76.7,Good,Not Placed
STU102820,20,Female,BSc Computer Science,4,81.8,3.8,78.2,66.2,0,6.4,7.8,72.6,48.4,0,1,1,1,1,80.8,2,Yes,7.97,80.4,Excellent,Not Placed
STU102821,18,Male,BTech CSE,3,87.1,2.9,91.0,79.5,0,5.0,7.7,79.8,70.7,2,0,2,0,1,64.3,3,No,8.21,83.7,Excellent,Placed
STU102822,18,Female,BSc Data Science,4,79.7,5.4,82.5,78.9,0,7.1,3.8,78.4,77.7,1,1,1,0,1,82.9,0,Yes,8.34,80.4,Excellent,Placed
STU102823,20,Male,BSc Computer Science,3,71.7,2.6,80.3,64.1,1,8.2,5.8,95.3,40.7,2,1,1,2,0,76.8,0,Yes,6.94,69.9,Good,Placed
STU102824,23,Female,BCA,2,65.2,5.6,80.7,66.7,1,5.7,7.0,56.2,75.4,2,2,3,2,1,81.4,1,Yes,7.67,80.4,Excellent,Not Placed
STU102825,18,Female,BCA,3,62.2,5.6,98.1,52.8,0,6.9,6.5,61.5,85.7,4,0,3,1,1,79.5,2,Yes,7.23,71.0,Good,Not Placed
STU102826,24,Female,BSc Data Science,3,78.4,4.2,91.7,59.2,0,6.1,6.0,40.6,31.5,3,1,3,1,3,80.1,6,Yes,7.77,75.9,Good,Not Placed
STU102827,21,Male,BSc Computer Science,4,86.2,3.0,66.3,64.4,1,4.7,5.4,70.0,54.4,2,3,2,1,1,76.3,2,No,7.48,74.1,Good,Not Placed
STU102828,22,Female,BCA,3,55.0,2.2,76.5,78.3,0,7.1,8.4,55.8,65.5,0,0,1,0,1,82.7,1,Yes,6.46,62.0,Average,Not Placed
STU102829,18,Male,BTech CSE,3,71.9,0.5,83.1,99.2,1,,7.3,78.7,100.0,2,0,0,1,1,77.3,0,No,7.64,75.5,Good,Not Placed
STU102830,21,Male,BCA,3,70.3,4.3,58.1,77.8,0,4.7,8.2,57.8,60.3,3,2,2,0,3,94.2,2,No,7.99,77.4,Good,Placed
STU102831,19,Male,BCA,3,81.8,1.8,86.7,57.1,1,,10.0,72.7,58.7,1,1,3,0,1,92.9,2,No,6.68,67.3,Good,Placed
STU102832,21,Male,BTech CSE,3,71.3,2.0,72.7,66.3,1,8.8,3.8,91.7,69.9,2,1,1,0,1,72.1,5,Yes,7.21,71.3,Good,Not Placed
STU102833,22,Female,BSc Data Science,4,65.7,4.3,73.9,84.6,1,4.9,7.2,57.2,51.2,1,0,2,1,0,74.2,0,No,8.55,84.4,Excellent,Not Placed
STU102834,21,Male,BTech CSE,3,71.9,2.9,74.3,62.4,1,9.0,6.4,86.9,65.0,1,0,1,0,3,83.2,5,Yes,7.2,71.1,Good,Not Placed
STU102835,20,Female,BSc Computer Science,3,70.3,3.8,95.8,90.0,0,6.5,8.7,42.9,62.6,4,0,6,0,0,94.5,0,Yes,9.03,90.1,Excellent,Placed
STU102836,22,Female,BBA,4,78.1,4.2,88.7,80.2,0,6.4,,73.9,86.3,1,0,3,0,0,91.9,0,No,8.51,83.7,Excellent,Not Placed
STU102837,23,Male,BSc Computer Science,2,75.9,5.9,77.0,69.0,0,9.5,6.6,73.8,64.6,4,0,1,1,2,91.7,1,No,9.27,93.6,Excellent,Not Placed
STU102838,19,Female,BCA,2,82.4,3.8,75.8,49.0,0,8.0,7.0,63.4,100.0,1,2,1,1,4,83.8,3,Yes,8.26,84.6,Excellent,Not Placed
STU102839,20,Male,BSc Data Science,3,77.9,2.7,83.8,84.1,0,5.4,8.4,78.3,43.8,1,1,1,1,1,73.4,0,Yes,8.25,83.0,Excellent,Not Placed
STU102840,23,Male,BCA,2,88.1,3.4,99.6,79.7,0,5.6,8.0,72.2,62.4,3,1,3,0,1,84.5,3,Yes,8.84,86.2,Excellent,Placed
STU102841,21,Male,BBA,4,73.5,2.6,79.2,77.7,1,7.1,9.7,73.0,65.7,1,1,4,0,1,94.7,2,Yes,8.19,82.0,Excellent,Placed
STU102842,22,Female,BCA,3,84.2,6.3,,100.0,0,7.1,7.2,59.5,66.3,3,1,3,0,0,84.4,1,No,9.25,95.2,Excellent,Placed
STU102843,19,Female,BSc Data Science,3,81.2,4.1,83.9,60.8,1,6.4,6.3,62.8,42.8,0,1,0,0,0,71.3,0,No,7.67,76.5,Good,Not Placed
STU102844,20,Male,BCA,2,75.0,4.4,85.0,90.3,0,5.2,5.4,81.4,70.0,2,1,4,0,0,82.8,1,No,9.65,96.9,Excellent,Placed
STU102845,23,Male,BTech CSE,3,84.9,5.5,86.1,69.8,0,5.5,7.1,54.5,38.1,1,1,1,2,4,69.0,1,Yes,7.51,78.6,Good,Not Placed
STU102846,23,Female,BSc Data Science,3,70.0,2.2,81.6,75.1,0,6.5,5.3,60.1,48.0,2,0,1,1,2,68.4,0,No,7.37,70.9,Good,Not Placed
STU102847,19,Male,BBA,3,90.4,1.4,83.5,75.7,1,3.6,7.0,47.8,53.3,0,1,1,0,4,54.0,1,No,7.93,77.5,Good,Not Placed
STU102848,24,Female,BCA,4,70.2,3.5,,82.0,0,7.4,9.6,67.0,74.7,1,1,1,1,1,74.5,2,Yes,7.98,79.7,Good,Placed
STU102849,21,Female,BCA,3,64.6,1.4,94.0,63.4,0,7.0,8.4,96.7,75.9,2,2,2,0,2,81.3,1,No,6.58,63.7,Average,Not Placed
STU102850,19,Male,BCA,3,63.8,2.9,76.2,100.0,0,4.8,4.6,74.8,69.5,3,0,1,0,1,64.6,1,Yes,7.2,74.0,Good,Not Placed
STU102851,23,Female,BTech CSE,3,78.9,0.5,79.2,58.7,0,7.4,3.9,50.6,57.6,2,2,4,0,1,83.2,3,No,5.95,62.7,Average,Not Placed
STU102852,18,Male,BTech CSE,3,72.4,1.5,86.3,67.7,0,3.4,4.1,87.9,80.5,5,2,3,0,0,78.8,4,Yes,6.52,65.6,Good,Not Placed
STU102853,20,Female,BCA,3,79.8,5.3,84.3,94.1,1,7.2,5.8,53.4,58.7,0,1,1,1,1,62.1,1,No,8.85,91.3,Excellent,Placed
STU102854,19,Female,BCA,2,67.0,4.1,99.3,86.2,2,8.1,6.3,80.7,49.0,1,0,1,4,0,72.4,0,No,8.84,89.4,Excellent,Not Placed
STU102855,24,Male,BTech CSE,3,82.9,6.2,,67.7,0,7.2,8.6,67.0,78.0,2,0,3,1,0,79.9,4,Yes,9.63,95.3,Excellent,Placed
STU102856,23,Male,BCA,2,79.8,3.5,76.6,80.2,0,7.6,8.1,74.7,28.1,2,1,2,0,1,77.6,1,No,6.25,64.8,Average,Not Placed
STU102857,21,Other,BCA,3,73.4,3.4,100.0,59.1,0,7.7,7.7,83.8,65.2,1,0,1,0,4,79.2,0,No,7.92,80.0,Excellent,Not Placed
STU102858,23,Female,BCA,3,84.2,3.8,92.4,62.3,0,7.2,5.8,47.0,55.2,1,1,2,0,4,92.3,0,Yes,8.13,80.2,Excellent,Not Placed
STU102859,21,Male,BCA,2,83.8,8.9,83.4,67.6,2,6.4,5.9,63.4,74.6,2,0,2,0,3,81.2,2,Yes,8.82,87.4,Excellent,Placed
STU102860,19,Female,BCA,4,78.9,5.1,74.7,89.1,0,5.9,5.7,79.9,67.3,3,2,2,0,1,81.0,2,Yes,8.49,83.5,Excellent,Not Placed
STU102861,21,Male,BCA,3,86.9,2.2,81.3,46.7,1,8.6,9.0,65.2,63.4,2,0,0,1,1,80.7,2,Yes,7.59,78.1,Good,Not Placed
STU102862,22,Male,BSc Data Science,4,89.1,4.1,60.9,82.6,0,7.6,5.8,59.8,44.1,1,1,3,1,2,91.2,0,No,9.07,88.2,Excellent,Not Placed
STU102863,22,Female,BTech CSE,2,70.1,3.7,88.0,67.3,0,8.6,4.4,66.1,66.1,1,1,0,1,1,74.7,4,No,8.42,86.5,Excellent,Not Placed
STU102864,22,Male,BSc Data Science,4,89.3,4.6,67.5,79.5,0,8.3,,60.4,70.2,3,1,0,0,1,66.4,2,Yes,9.06,88.0,Excellent,Not Placed
STU102865,24,Female,BTech CSE,2,69.0,6.3,87.4,79.0,1,4.4,9.3,62.4,58.9,3,2,1,0,3,80.1,3,No,8.96,88.5,Excellent,Not Placed
STU102866,24,Male,BCA,3,85.7,4.4,76.7,71.7,1,5.3,6.7,87.7,64.2,3,0,6,0,0,91.6,3,Yes,7.63,76.7,Good,Placed
STU102867,18,Female,BSc Computer Science,4,87.5,2.9,83.4,62.9,1,3.2,6.7,62.6,76.7,2,2,3,2,3,68.6,4,Yes,6.9,70.0,Good,Not Placed
STU102868,24,Male,BSc Data Science,2,76.3,6.3,75.2,64.0,2,,4.7,87.1,55.5,3,0,1,2,1,64.1,0,Yes,7.19,70.2,Good,Placed
STU102869,19,Female,BTech CSE,2,77.5,1.5,74.1,68.2,0,3.3,7.7,83.0,41.8,2,1,1,1,0,73.7,2,Yes,6.33,65.2,Good,Not Placed
STU102870,23,Female,BCA,4,75.0,3.1,90.1,52.5,1,2.4,8.4,74.9,78.0,2,0,3,2,1,95.6,0,Yes,7.4,73.2,Good,Not Placed
STU102871,23,Male,BTech CSE,3,69.8,4.9,75.1,73.1,1,6.1,6.5,60.1,72.8,4,0,4,0,0,79.0,1,Yes,8.08,81.8,Excellent,Not Placed
STU102872,18,Female,BCA,3,71.6,2.3,72.1,63.5,0,8.6,8.0,71.5,76.4,0,0,1,0,2,64.1,3,No,8.02,81.2,Excellent,Not Placed
STU102873,24,Male,BSc Data Science,2,83.0,3.4,70.4,66.4,1,7.1,2.0,69.2,55.3,3,0,2,1,0,68.2,1,No,8.09,81.3,Excellent,Not Placed
STU102874,21,Male,BBA,3,86.6,2.4,91.4,69.5,0,7.8,9.4,60.2,65.0,1,1,2,1,1,80.2,4,Yes,7.69,77.3,Good,Placed
STU102875,18,Female,BSc Computer Science,2,77.9,3.4,69.7,81.0,2,6.6,7.0,69.6,69.4,3,0,4,1,1,83.8,1,No,7.87,79.2,Good,Not Placed
STU102876,21,Male,BSc Data Science,4,67.9,2.5,82.1,86.9,1,6.8,5.7,61.3,75.6,1,0,0,1,0,71.3,2,Yes,7.22,71.7,Good,Not Placed
STU102877,21,Female,BBA,3,66.5,3.6,100.0,88.5,1,7.9,6.2,94.0,71.5,1,2,2,0,0,84.2,1,No,8.32,83.6,Excellent,Placed
STU102878,20,Male,BSc Data Science,4,76.9,3.0,74.4,76.9,0,6.2,10.0,52.4,55.7,3,1,4,4,0,84.9,1,Yes,7.48,76.2,Good,Placed
STU102879,23,Male,BCA,2,72.7,5.5,73.4,67.3,1,6.7,7.2,77.7,65.9,5,0,4,2,0,91.1,2,Yes,8.12,80.2,Excellent,Placed
STU102880,22,Male,BBA,4,89.9,4.1,94.0,56.3,0,5.8,7.4,68.5,45.6,4,2,4,1,1,94.1,3,Yes,8.21,84.4,Excellent,Not Placed
STU102881,24,Male,BCA,3,71.0,4.6,68.9,100.0,2,4.3,6.9,78.5,67.5,2,1,2,2,1,71.6,4,No,8.29,80.9,Excellent,Not Placed
STU102882,21,Male,BTech CSE,4,84.0,3.7,93.9,93.4,0,6.3,5.9,79.8,93.2,0,1,2,0,1,70.2,2,No,8.91,90.3,Excellent,Not Placed
STU102883,20,Female,BCA,3,71.8,2.8,77.8,82.7,0,4.4,4.5,84.0,36.1,1,0,1,2,2,59.3,1,Yes,7.49,74.5,Good,Not Placed
STU102884,23,Female,BTech CSE,4,75.2,4.0,91.9,79.9,1,8.1,8.0,62.7,61.3,2,1,2,1,4,92.2,0,Yes,8.18,83.5,Excellent,Not Placed
STU102885,22,Female,BSc Computer Science,3,79.7,3.8,86.8,67.8,0,7.4,6.2,47.2,61.3,2,2,0,0,1,78.3,4,No,7.33,72.9,Good,Not Placed
STU102886,21,Male,BBA,2,83.2,0.5,88.3,73.6,1,9.2,6.6,100.0,67.4,3,2,2,0,3,94.0,1,Yes,7.72,75.7,Good,Placed
STU102887,21,Male,BSc Computer Science,3,82.2,3.6,77.1,83.0,0,5.1,8.5,63.8,59.4,1,1,2,1,2,90.6,0,No,7.39,73.7,Good,Placed
STU102888,18,Male,BCA,2,72.4,4.5,77.7,49.3,0,4.0,8.0,47.2,45.6,4,1,3,2,1,69.0,3,No,6.47,64.9,Average,Not Placed
STU102889,18,Male,BSc Computer Science,3,79.0,2.4,76.3,64.7,3,3.8,6.1,72.5,70.3,2,1,1,0,1,79.6,3,Yes,6.76,71.0,Good,Not Placed
STU102890,23,Male,BCA,3,74.3,4.8,96.6,72.1,2,9.3,7.6,66.1,75.4,4,2,1,0,1,87.8,0,No,9.05,92.0,Excellent,Not Placed
STU102891,22,Male,BTech CSE,3,63.7,4.0,82.1,48.9,2,5.8,8.0,79.2,86.0,0,1,3,1,3,77.2,1,Yes,6.12,62.5,Average,Not Placed
STU102892,21,Male,BTech CSE,3,80.3,2.9,100.0,54.1,3,3.8,5.6,67.3,71.7,4,1,2,0,0,70.5,2,Yes,7.2,71.7,Good,Not Placed
STU102893,23,Male,BSc Computer Science,3,90.6,4.3,84.5,64.1,2,7.3,6.1,86.3,80.5,2,1,1,0,1,77.7,1,Yes,7.91,78.9,Good,Placed
STU102894,23,Male,BTech CSE,2,93.4,2.9,80.0,73.0,0,5.9,7.3,64.5,51.0,1,0,3,2,1,91.0,2,Yes,6.78,68.6,Good,Not Placed
STU102895,19,Male,BCA,4,81.2,3.9,79.6,90.1,0,4.8,8.0,50.5,54.7,2,1,2,0,1,75.8,1,No,7.78,77.2,Good,Not Placed
STU102896,24,Male,BSc Computer Science,4,80.5,3.1,74.3,66.6,1,,7.4,76.8,34.3,2,0,1,2,2,92.9,1,Yes,8.43,84.0,Excellent,Not Placed
STU102897,18,Male,BSc Data Science,3,51.8,4.3,84.5,94.6,0,6.2,7.4,51.8,78.7,1,1,5,2,1,92.3,1,Yes,8.1,77.6,Good,Not Placed
STU102898,22,Male,BSc Computer Science,2,100.0,5.5,81.0,63.3,0,7.5,6.1,69.9,62.2,3,2,1,0,1,79.9,4,No,9.21,95.1,Excellent,Not Placed
STU102899,21,Male,BCA,3,92.3,2.8,75.2,70.5,2,7.3,5.3,83.5,69.8,0,0,0,1,0,71.7,0,Yes,7.41,74.4,Good,Placed
STU102900,23,Male,BTech CSE,4,85.6,4.9,81.3,54.2,0,10.0,7.6,59.1,77.8,2,0,2,0,3,78.9,3,Yes,8.69,90.2,Excellent,Placed
STU102901,21,Male,BCA,3,78.7,3.1,76.5,66.8,1,6.1,5.7,76.7,80.6,3,0,1,0,1,68.5,3,Yes,7.65,77.6,Good,Not Placed
STU102902,19,Male,BSc Computer Science,3,55.7,3.1,85.2,49.2,0,4.7,6.1,72.2,56.5,1,0,0,2,0,60.3,3,Yes,6.27,61.5,Average,Not Placed
STU102903,22,Male,BCA,2,79.8,2.9,89.9,100.0,1,5.3,3.9,60.3,54.1,2,1,2,0,2,65.4,3,No,8.3,86.3,Excellent,Not Placed
STU102904,23,Male,BTech CSE,4,78.3,1.0,75.1,59.5,0,8.3,5.9,88.3,58.0,2,0,1,0,3,70.2,2,Yes,7.09,69.2,Good,Not Placed
STU102905,21,Female,BCA,3,63.9,4.3,77.0,76.3,2,7.0,6.1,76.7,48.0,1,1,2,1,3,84.6,1,Yes,8.08,81.2,Excellent,Not Placed
STU102906,18,Male,BSc Computer Science,2,82.5,3.9,72.1,66.3,0,5.7,5.2,86.5,67.3,2,2,2,0,1,77.1,2,Yes,6.79,67.4,Good,Not Placed
STU102907,24,Male,BCA,2,90.4,3.7,94.5,69.2,1,7.1,5.4,57.8,81.5,2,0,4,1,1,84.9,1,Yes,8.08,83.0,Excellent,Not Placed
STU102908,19,Female,BTech CSE,3,81.4,5.8,62.5,71.1,1,8.9,6.9,70.1,35.5,5,1,2,2,2,97.4,2,No,8.99,88.1,Excellent,Placed
STU102909,22,Male,BSc Data Science,3,81.4,6.0,74.8,83.4,1,9.5,7.7,83.3,58.6,1,0,1,0,2,82.8,3,No,8.79,87.5,Excellent,Not Placed
STU102910,19,Male,BTech CSE,3,82.0,5.5,89.8,78.1,2,7.2,7.7,69.7,43.4,3,0,1,3,0,94.5,1,Yes,7.87,78.9,Good,Not Placed
STU102911,18,Female,BSc Data Science,4,74.8,3.1,75.1,74.9,0,8.5,7.8,92.7,51.4,1,1,1,1,0,80.4,3,Yes,7.42,72.1,Good,Placed
STU102912,22,Female,BTech CSE,2,85.6,3.1,74.7,79.0,1,3.9,8.4,60.4,57.5,5,1,1,1,2,87.2,2,No,7.77,76.1,Good,Not Placed
STU102913,19,Male,BCA,4,93.2,2.0,89.4,76.5,0,7.6,8.8,69.1,85.1,1,0,2,0,3,100.0,3,Yes,9.15,90.2,Excellent,Placed
STU102914,20,Male,BSc Data Science,3,78.4,3.6,57.1,56.7,0,6.2,6.5,80.8,91.8,3,0,1,0,2,82.6,3,No,6.6,67.4,Good,Not Placed
STU102915,18,Male,BSc Computer Science,3,70.4,3.5,82.3,69.0,2,4.4,6.1,74.5,76.8,3,2,0,2,1,68.0,2,Yes,6.99,69.5,Good,Not Placed
STU102916,18,Male,BCA,4,64.1,4.3,75.9,80.2,2,4.8,8.0,72.9,66.6,1,0,6,1,2,87.4,1,Yes,6.28,59.8,Average,Not Placed
STU102917,18,Female,BCA,3,83.0,1.9,76.2,64.9,0,5.0,4.5,73.7,67.0,3,1,0,1,2,71.1,1,Yes,7.1,70.8,Good,Not Placed
STU102918,20,Male,BBA,3,84.1,2.9,93.7,76.3,0,7.0,6.7,41.7,77.0,1,2,1,1,1,72.5,2,No,7.83,81.9,Excellent,Not Placed
STU102919,20,Male,BBA,4,81.6,1.0,81.8,85.2,1,4.5,5.4,65.8,77.7,3,2,4,0,3,82.4,1,No,7.47,76.7,Good,Not Placed
STU102920,21,Female,BTech CSE,3,75.6,2.4,69.3,63.7,2,7.8,5.5,72.3,75.0,2,0,1,0,2,87.6,1,No,7.45,74.4,Good,Not Placed
STU102921,23,Female,BCA,3,80.8,4.8,65.7,84.2,0,8.2,5.9,73.8,81.1,0,0,3,0,0,71.0,0,Yes,8.03,79.8,Good,Not Placed
STU102922,24,Male,BCA,4,72.6,1.8,81.3,70.7,1,6.3,7.9,55.9,54.6,2,1,2,1,2,74.9,3,Yes,6.77,69.5,Good,Not Placed
STU102923,19,Female,BSc Computer Science,3,70.9,6.1,66.9,72.9,1,6.1,10.0,72.2,62.2,3,0,1,1,3,87.9,2,No,9.56,94.8,Excellent,Placed
STU102924,21,Male,BCA,3,68.0,5.0,95.3,82.2,1,6.8,8.0,74.6,76.8,3,0,2,1,0,89.2,1,No,9.08,88.5,Excellent,Not Placed
STU102925,19,Female,BBA,4,68.1,4.3,69.9,79.1,0,5.6,3.8,71.8,57.5,3,0,0,0,2,62.7,4,Yes,7.96,80.3,Excellent,Not Placed
STU102926,24,Male,BCA,3,83.3,5.5,81.9,39.4,0,9.1,6.5,68.2,100.0,2,1,3,0,0,96.3,1,Yes,7.6,76.8,Good,Not Placed
STU102927,23,Male,BBA,2,75.3,3.3,60.6,50.0,0,2.7,5.8,56.0,75.8,1,1,1,1,0,58.7,1,No,5.64,58.8,Average,Not Placed
STU102928,20,Male,BSc Computer Science,4,71.2,2.4,61.2,78.4,0,5.8,5.2,58.0,58.5,1,0,0,0,1,64.6,2,Yes,6.99,70.2,Good,Not Placed
STU102929,23,Male,BTech CSE,2,64.4,3.4,79.7,70.3,0,3.7,6.5,72.6,92.2,1,1,1,2,4,52.5,3,No,6.93,71.7,Good,Not Placed
STU102930,20,Male,BCA,4,84.7,0.9,100.0,52.8,1,7.5,5.6,39.1,77.5,4,0,1,1,2,79.0,4,No,8.0,79.3,Good,Not Placed
STU102931,24,Female,BTech CSE,4,88.7,5.3,75.8,64.1,2,6.9,5.5,83.9,53.2,2,0,5,1,0,95.7,2,No,7.99,76.8,Good,Not Placed
STU102932,23,Female,BCA,3,67.8,3.0,89.6,51.6,0,7.9,7.9,62.5,68.3,2,1,2,1,1,91.5,2,Yes,7.55,72.6,Good,Not Placed
STU102933,21,Male,BTech CSE,2,76.8,2.4,76.6,70.7,0,6.8,7.1,73.7,52.1,1,0,4,0,0,86.8,2,Yes,7.57,76.8,Good,Not Placed
STU102934,22,Male,BTech CSE,2,68.7,2.5,93.2,87.1,3,7.2,9.4,84.7,71.8,1,1,1,1,0,88.1,1,No,7.64,76.0,Good,Not Placed
STU102935,21,Male,BCA,3,76.6,3.5,81.0,63.4,1,4.9,4.8,51.2,48.0,1,1,2,1,4,67.9,2,Yes,7.64,74.9,Good,Not Placed
STU102936,19,Female,BSc Data Science,4,84.1,3.7,68.3,74.9,0,6.8,4.5,74.1,67.2,2,0,0,3,1,68.3,1,No,8.28,83.4,Excellent,Placed
STU102937,21,Female,BSc Computer Science,3,94.2,3.3,79.3,70.7,0,5.1,6.3,64.7,64.0,2,0,0,1,0,70.6,0,Yes,7.76,78.5,Good,Not Placed
STU102938,24,Female,BSc Data Science,2,73.5,3.3,62.4,91.2,1,7.6,6.0,44.3,72.3,0,1,2,1,3,83.1,5,Yes,7.47,73.3,Good,Placed
STU102939,18,Female,BSc Computer Science,3,85.0,4.3,72.2,87.2,1,4.8,7.8,89.6,74.7,1,2,1,0,2,88.0,1,No,8.36,84.2,Excellent,Not Placed
STU102940,19,Male,BSc Data Science,4,85.2,1.9,86.2,52.9,2,5.6,7.5,54.8,74.6,2,1,4,1,2,89.7,2,No,6.91,68.9,Good,Not Placed
STU102941,23,Male,BSc Data Science,3,76.5,3.8,74.8,69.7,1,6.3,,85.5,67.8,1,0,4,0,0,92.4,5,Yes,7.12,72.2,Good,Not Placed
STU102942,19,Female,BTech CSE,4,89.6,3.0,77.2,61.4,0,9.3,4.3,52.2,48.8,1,1,2,0,2,72.3,2,Yes,8.45,83.1,Excellent,Not Placed
STU102943,22,Female,BSc Computer Science,3,74.7,0.5,92.3,64.8,3,6.6,6.4,47.5,68.2,1,1,2,1,1,73.8,2,Yes,7.12,70.8,Good,Not Placed
STU102944,20,Male,BCA,4,82.4,1.9,76.5,81.4,1,10.0,3.8,51.2,60.0,2,0,1,2,0,86.8,1,Yes,8.3,81.0,Excellent,Not Placed
STU102945,23,Male,BTech CSE,3,72.3,2.3,87.6,74.3,0,9.0,8.5,53.1,90.5,0,2,1,0,2,84.0,1,Yes,8.51,84.5,Excellent,Not Placed
STU102946,19,Female,BTech CSE,3,83.3,6.0,75.4,81.3,0,6.0,5.5,55.1,76.2,2,0,3,1,2,80.9,0,No,9.16,91.0,Excellent,Not Placed
STU102947,23,Male,BSc Computer Science,4,82.3,4.2,92.1,44.5,0,7.2,6.8,79.0,37.3,2,0,2,0,3,85.9,2,No,7.89,78.8,Good,Not Placed
STU102948,23,Male,BSc Data Science,3,89.9,3.9,96.4,83.2,0,7.5,4.4,97.7,68.8,0,2,0,0,2,69.7,2,No,8.78,84.5,Excellent,Not Placed
STU102949,23,Female,BSc Data Science,3,96.4,2.8,60.4,77.1,1,1.2,5.5,88.0,100.0,4,2,6,0,0,85.4,0,Yes,6.63,65.1,Good,Placed
STU102950,20,Male,BTech CSE,4,87.2,2.7,71.2,91.3,0,3.4,6.3,68.6,50.4,1,1,1,0,1,55.0,1,No,8.33,84.0,Excellent,Not Placed
STU102951,24,Male,BTech CSE,3,84.7,1.7,79.4,64.7,1,7.3,6.6,64.5,74.1,1,0,0,1,2,86.6,4,Yes,6.59,66.9,Good,Not Placed
STU102952,21,Female,BCA,2,74.1,3.0,74.5,84.9,0,7.4,6.9,64.3,58.2,2,0,1,0,2,78.3,0,No,7.49,76.0,Good,Not Placed
STU102953,23,Female,BTech CSE,3,55.3,5.6,91.4,75.5,0,6.8,7.9,37.1,90.9,2,2,3,1,0,85.3,4,Yes,8.2,80.7,Excellent,Not Placed
STU102954,18,Other,BCA,4,91.0,1.5,84.4,73.6,0,4.5,8.5,70.8,54.4,1,1,2,0,4,85.4,4,No,6.8,67.5,Good,Not Placed
STU102955,24,Male,BCA,3,96.6,2.6,71.6,66.1,1,10.0,7.9,75.5,63.1,4,0,2,0,1,96.1,2,No,8.41,82.2,Excellent,Placed
STU102956,22,Male,BTech CSE,2,81.1,4.9,97.6,70.9,1,7.5,7.0,55.2,75.0,3,0,1,1,0,96.4,2,No,8.58,89.6,Excellent,Placed
STU102957,20,Female,BSc Computer Science,3,67.9,4.9,97.4,60.2,1,8.3,5.8,47.8,43.7,4,0,3,1,2,96.7,2,No,8.03,81.9,Excellent,Not Placed
STU102958,19,Female,BSc Data Science,3,91.8,2.4,67.4,67.2,0,8.2,6.4,67.7,62.4,4,1,3,0,2,93.4,2,No,7.64,75.8,Good,Not Placed
STU102959,20,Male,BSc Computer Science,4,89.1,5.2,75.3,64.9,0,6.8,6.7,80.7,73.6,1,1,2,0,1,87.0,2,Yes,8.46,84.5,Excellent,Placed
STU102960,19,Female,BBA,2,57.6,2.8,91.2,68.6,1,6.7,7.4,54.6,28.6,5,1,3,0,1,93.4,2,Yes,7.65,72.0,Good,Not Placed
STU102961,20,Male,BSc Computer Science,3,79.4,1.8,92.2,69.8,0,8.1,5.4,53.1,78.6,5,2,0,1,2,82.7,0,No,6.54,66.7,Good,Not Placed
STU102962,19,Male,BSc Computer Science,2,80.4,5.7,97.4,70.1,0,5.6,6.6,59.3,46.9,0,1,6,1,3,72.8,2,Yes,7.96,76.8,Good,Placed
STU102963,23,Male,BCA,3,62.0,3.6,100.0,71.9,0,8.3,8.2,74.4,46.0,4,0,2,2,0,94.8,1,Yes,8.38,83.0,Excellent,Not Placed
STU102964,21,Male,BCA,4,67.2,3.2,86.6,71.8,0,6.8,8.3,57.7,85.4,3,1,3,0,4,88.8,1,Yes,7.55,79.0,Good,Not Placed
STU102965,19,Male,BSc Data Science,2,88.9,3.8,96.0,73.3,2,7.6,6.1,89.5,55.4,0,1,1,0,0,81.5,3,Yes,8.0,78.4,Good,Not Placed
STU102966,19,Male,BSc Computer Science,3,78.7,2.0,100.0,71.6,1,6.8,5.9,61.7,36.8,1,1,0,0,0,75.2,3,No,6.98,71.9,Good,Not Placed
STU102967,18,Female,BTech CSE,3,68.5,2.7,81.8,68.8,0,4.9,7.0,60.3,68.6,2,0,0,0,4,71.2,1,No,7.16,73.7,Good,Not Placed
STU102968,19,Female,BSc Data Science,4,71.3,5.7,73.4,77.2,0,6.2,6.7,68.9,81.4,1,1,2,2,2,76.9,0,Yes,7.82,75.9,Good,Not Placed
STU102969,18,Male,BSc Data Science,3,66.0,6.3,84.8,86.5,0,8.7,3.9,81.9,51.6,3,1,4,1,2,92.7,2,Yes,9.33,91.9,Excellent,Placed
STU102970,22,Male,BCA,3,78.8,1.8,99.5,68.0,0,7.7,9.6,76.4,69.9,2,3,1,0,0,84.3,3,Yes,7.62,75.8,Good,Placed
STU102971,23,Male,BCA,4,85.5,2.9,100.0,65.6,0,8.5,5.7,42.1,65.1,4,0,4,1,1,89.0,2,Yes,8.39,85.0,Excellent,Placed
STU102972,18,Male,BBA,4,89.8,3.5,83.6,76.5,1,8.2,6.0,75.1,48.2,1,1,0,0,3,89.3,1,Yes,7.99,73.6,Good,Not Placed
STU102973,21,Female,BSc Computer Science,4,71.3,3.8,80.2,73.3,0,5.5,4.8,82.1,51.0,2,0,6,0,4,88.6,4,Yes,7.92,79.4,Good,Not Placed
STU102974,24,Female,BCA,3,74.5,2.1,68.0,60.4,2,3.7,8.4,83.4,75.0,0,1,2,1,4,84.1,1,Yes,6.74,65.8,Good,Not Placed
STU102975,23,Female,BTech CSE,4,83.0,4.5,82.9,63.0,0,8.0,5.7,88.9,78.3,3,0,4,0,2,91.2,3,No,7.81,79.5,Good,Placed
STU102976,18,Male,BTech CSE,3,87.5,4.6,69.0,64.9,0,6.2,7.5,99.5,66.5,3,0,2,1,0,80.8,2,Yes,8.21,79.6,Good,Placed
STU102977,23,Male,BTech CSE,2,81.7,4.8,71.3,59.6,0,7.7,7.8,69.4,20.0,1,0,1,1,3,82.2,3,No,7.21,75.1,Good,Not Placed
STU102978,23,Male,BCA,3,90.7,4.6,84.6,77.3,0,9.0,5.8,63.3,95.9,2,0,1,0,1,83.0,1,Yes,8.84,92.4,Excellent,Not Placed
STU102979,23,Male,BSc Data Science,3,96.2,3.6,67.9,81.2,0,5.9,5.6,56.6,92.2,2,1,1,0,0,67.9,1,No,7.51,74.3,Good,Not Placed
STU102980,22,Female,BCA,4,61.7,5.0,85.9,62.3,0,5.1,7.2,51.3,77.1,1,1,1,0,3,68.4,0,No,6.98,70.2,Good,Not Placed
STU102981,21,Other,BTech CSE,2,93.2,4.3,92.4,55.7,1,4.7,3.6,61.6,48.3,1,0,2,0,2,65.8,1,Yes,7.14,71.1,Good,Not Placed
STU102982,20,Male,BSc Computer Science,4,91.0,1.3,70.4,74.1,1,6.5,7.9,60.7,45.0,1,0,0,0,2,91.2,2,No,7.41,73.6,Good,Not Placed
STU102983,20,Female,BSc Computer Science,4,66.2,1.3,75.5,72.4,0,4.0,,53.2,64.1,4,0,2,1,0,75.9,2,Yes,6.87,68.7,Good,Not Placed
STU102984,18,Male,BSc Data Science,3,82.6,4.0,66.1,99.6,1,7.1,5.6,71.1,55.1,1,0,1,1,1,86.9,1,Yes,7.74,75.5,Good,Not Placed
STU102985,23,Male,BCA,4,84.4,5.4,88.5,80.0,0,7.2,5.9,67.3,83.4,5,2,1,1,0,73.9,4,Yes,8.83,89.1,Excellent,Placed
STU102986,18,Female,BCA,2,67.1,4.2,65.6,58.5,3,7.2,6.4,69.1,81.0,1,1,3,2,2,76.5,3,Yes,6.77,68.0,Good,Placed
STU102987,22,Male,BBA,2,77.4,4.4,89.7,60.6,0,3.5,6.1,54.2,41.2,5,2,1,1,1,69.1,0,Yes,7.12,73.4,Good,Not Placed
STU102988,22,Male,BCA,4,79.6,1.9,85.2,75.8,0,8.6,9.0,74.1,83.8,1,0,2,0,3,94.1,2,No,8.18,80.8,Excellent,Not Placed
STU102989,19,Female,BCA,3,67.2,3.6,100.0,71.3,0,6.7,5.0,58.7,61.3,2,1,5,2,1,75.4,0,Yes,7.82,77.5,Good,Not Placed
STU102990,22,Female,BBA,2,,5.2,100.0,70.7,0,5.7,5.3,88.6,54.2,1,2,1,1,3,72.2,2,Yes,8.03,79.5,Good,Not Placed
STU102991,19,Male,BSc Computer Science,3,92.0,4.2,68.9,72.8,1,7.7,6.8,37.2,64.0,0,1,1,1,3,82.7,4,No,7.85,78.8,Good,Not Placed
STU102992,21,Male,BTech CSE,4,94.8,3.7,100.0,81.3,2,7.6,8.6,60.1,45.8,1,0,0,0,1,74.6,2,No,8.95,91.1,Excellent,Not Placed
STU102993,18,Female,BCA,3,67.0,4.4,76.1,94.2,2,4.4,6.2,74.9,84.7,2,0,3,0,1,72.5,1,Yes,7.43,74.8,Good,Not Placed
STU102994,24,Female,BSc Computer Science,3,51.4,3.8,73.1,88.0,0,6.4,5.3,49.6,62.3,2,0,3,1,0,82.3,5,No,8.16,81.0,Excellent,Not Placed
STU102995,21,Female,BSc Data Science,3,90.4,5.3,76.4,59.8,2,5.4,6.9,86.4,82.4,4,0,3,1,1,74.2,2,Yes,7.27,70.3,Good,Not Placed
STU102996,22,Male,BTech CSE,4,96.2,3.8,78.8,65.6,0,5.7,7.9,82.3,82.2,4,1,1,1,0,84.4,4,No,7.41,73.8,Good,Not Placed
STU102997,21,Female,BCA,2,86.8,3.5,100.0,43.8,0,7.4,7.8,91.8,56.1,1,1,1,0,2,81.3,3,Yes,7.1,70.5,Good,Not Placed
STU102998,21,Male,BSc Data Science,2,75.1,1.9,51.0,74.5,1,4.9,4.7,86.0,66.8,2,0,1,1,1,73.1,3,Yes,5.43,54.1,Average,Not Placed
STU102999,21,Female,BTech CSE,3,67.2,5.3,100.0,65.7,0,7.5,7.8,78.2,53.1,1,0,2,2,2,81.6,2,No,7.54,73.8,Good,Not Placed
STU103000,22,Male,BSc Computer Science,3,84.2,2.1,91.1,71.8,2,4.8,6.1,69.9,85.8,4,1,3,1,1,77.9,2,Yes,7.39,77.0,Good,Placed
STU103001,24,Female,BSc Computer Science,3,88.5,3.9,83.8,62.1,1,8.7,4.5,51.1,57.0,3,2,1,0,1,78.3,1,Yes,8.51,84.8,Excellent,Placed
STU103002,23,Male,BCA,3,71.4,4.7,75.4,62.0,3,5.3,8.3,86.9,75.6,3,0,0,1,1,75.4,3,Yes,6.94,67.8,Good,Not Placed
STU103003,21,Male,BCA,2,80.8,6.2,81.0,53.5,0,10.0,4.2,58.9,81.0,1,2,4,0,2,90.2,2,No,8.47,85.2,Excellent,Not Placed
STU103004,19,Male,BTech CSE,2,73.7,3.8,91.4,68.2,2,8.0,4.6,64.9,91.2,2,1,3,0,3,86.6,0,Yes,6.75,67.9,Good,Not Placed
STU103005,22,Male,BTech CSE,3,85.5,5.6,92.6,78.8,1,6.2,8.4,62.5,82.2,3,0,4,0,1,87.2,3,Yes,9.06,91.7,Excellent,Not Placed
STU103006,21,Female,BBA,3,57.4,3.5,72.9,63.9,0,4.8,4.5,60.3,60.5,4,0,4,3,2,77.1,1,No,5.31,55.6,Average,Not Placed
STU103007,24,Female,BTech CSE,3,82.0,2.7,90.5,79.8,0,7.4,5.8,84.1,88.3,1,1,1,0,1,73.4,1,No,8.51,82.7,Excellent,Placed
STU103008,23,Female,BSc Computer Science,3,74.3,7.6,75.5,63.7,2,8.3,5.3,80.7,82.0,4,2,5,0,2,100.0,3,Yes,8.83,85.8,Excellent,Placed
STU103009,22,Male,BTech CSE,3,96.3,1.7,80.1,72.0,0,7.6,6.5,75.2,42.3,6,0,0,1,0,83.3,1,No,7.29,77.2,Good,Not Placed
STU103010,20,Female,BCA,3,81.1,7.9,96.4,88.3,0,5.5,5.6,68.1,82.6,2,2,3,2,0,82.4,0,Yes,9.32,92.3,Excellent,Placed
STU103011,23,Female,BSc Data Science,3,85.1,5.9,90.7,66.1,0,9.1,5.2,44.2,72.2,1,1,2,0,2,72.6,5,Yes,9.15,90.7,Excellent,Placed
STU103012,19,Male,BSc Data Science,2,68.6,2.6,64.2,74.7,0,7.0,7.5,67.0,62.9,2,0,1,0,4,80.8,0,No,6.94,69.8,Good,Not Placed
STU103013,21,Male,BCA,2,,4.5,83.5,75.1,2,5.3,7.8,86.7,63.2,1,0,0,2,1,81.0,1,Yes,8.37,81.9,Excellent,Not Placed
STU103014,24,Female,BTech CSE,3,81.9,1.4,86.6,75.3,0,10.0,5.4,61.1,64.5,2,0,2,0,0,80.0,0,Yes,8.42,84.0,Excellent,Not Placed
STU103015,20,Female,BSc Computer Science,4,74.4,4.4,83.6,78.4,1,7.7,7.4,60.1,59.2,4,1,2,0,2,99.0,1,No,9.0,89.7,Excellent,Not Placed
STU103016,24,Female,BSc Computer Science,3,75.6,4.0,54.3,75.0,2,7.2,10.0,80.0,71.6,2,2,3,0,2,95.9,3,Yes,7.14,68.8,Good,Not Placed
STU103017,20,Male,BSc Data Science,4,80.6,4.8,67.1,59.7,2,5.6,6.8,67.6,82.2,0,1,4,0,2,72.1,1,Yes,7.03,73.5,Good,Not Placed
STU103018,22,Female,BSc Computer Science,3,60.9,2.9,62.5,67.0,0,6.4,6.8,85.3,48.1,5,1,0,2,2,76.7,6,Yes,6.74,66.1,Good,Not Placed
STU103019,20,Male,BCA,3,72.8,3.7,75.0,78.9,1,5.0,6.7,55.8,35.1,1,2,2,0,2,73.0,1,No,6.74,69.0,Good,Not Placed
STU103020,19,Female,BTech CSE,4,85.9,4.2,83.5,80.5,3,6.8,6.9,70.8,65.8,2,3,1,1,1,84.7,0,Yes,7.66,76.2,Good,Not Placed
STU103021,19,Female,BSc Data Science,2,74.1,2.8,76.3,63.1,3,7.5,6.7,72.6,81.2,1,1,4,0,1,67.0,0,Yes,7.36,73.8,Good,Not Placed
STU103022,18,Male,BTech CSE,2,100.0,5.6,75.2,83.7,0,3.0,3.9,66.8,76.3,4,2,2,0,1,70.1,4,Yes,7.66,80.8,Excellent,Not Placed
STU103023,19,Female,BCA,4,78.9,3.7,62.8,66.3,0,,7.3,86.8,57.5,5,2,2,2,1,84.3,3,No,7.12,67.8,Good,Placed
STU103024,23,Male,BCA,3,59.5,4.0,68.3,76.0,2,4.9,5.7,68.6,61.1,3,2,2,0,1,74.4,3,Yes,6.41,63.9,Average,Not Placed
STU103025,20,Other,BSc Computer Science,2,82.4,2.3,71.5,74.3,0,3.8,5.1,77.6,34.6,3,1,1,1,2,70.9,2,No,6.87,66.9,Good,Not Placed
STU103026,19,Male,BTech CSE,2,67.4,1.0,91.7,61.0,0,5.0,4.5,67.0,86.8,1,2,2,2,0,74.3,3,Yes,6.16,59.8,Average,Placed
STU103027,22,Male,BSc Computer Science,4,81.4,1.5,86.7,68.7,2,9.2,5.0,67.7,57.8,4,0,2,2,1,99.4,1,No,7.71,76.8,Good,Not Placed
STU103028,24,Male,BTech CSE,4,72.3,4.4,90.6,47.5,2,8.6,9.5,73.0,67.2,2,0,1,1,2,87.3,1,Yes,7.89,77.5,Good,Placed
STU103029,24,Male,BBA,3,73.0,2.3,87.1,67.3,0,5.4,5.8,54.9,60.4,4,3,1,2,0,75.3,1,Yes,7.4,74.5,Good,Not Placed
STU103030,18,Male,BBA,2,88.4,4.6,91.0,86.8,0,7.5,6.0,59.8,51.4,4,1,2,0,1,86.7,1,Yes,7.89,78.6,Good,Not Placed
STU103031,24,Female,BTech CSE,4,,6.0,67.0,49.1,2,4.4,8.3,66.2,55.6,1,1,1,0,4,72.2,4,Yes,6.27,64.7,Average,Not Placed
STU103032,20,Female,BTech CSE,3,73.1,4.7,96.7,61.6,0,10.0,8.1,68.7,57.4,2,3,1,0,2,96.0,1,Yes,8.91,87.8,Excellent,Not Placed
STU103033,18,Female,BCA,3,72.0,4.1,93.5,66.5,0,6.1,5.8,67.8,54.6,3,1,2,0,1,78.7,3,Yes,7.94,75.5,Good,Not Placed
STU103034,20,Male,BTech CSE,3,91.4,4.5,77.9,46.4,2,2.9,5.2,43.6,76.3,2,0,3,0,1,68.2,4,Yes,6.82,68.0,Good,Not Placed
STU103035,22,Female,BSc Data Science,3,74.5,5.2,92.7,47.9,2,10.0,9.2,82.1,76.8,2,1,2,1,4,92.7,2,Yes,8.25,82.6,Excellent,Placed
STU103036,18,Male,BBA,3,68.6,4.0,95.4,96.7,1,6.0,7.6,67.3,61.1,4,0,1,1,1,65.9,3,Yes,8.8,91.1,Excellent,Not Placed
STU103037,21,Female,BCA,4,80.3,4.5,81.4,79.0,0,10.0,5.8,49.7,67.0,1,0,0,0,1,83.7,2,No,9.15,88.2,Excellent,Not Placed
STU103038,23,Male,BSc Data Science,4,,2.7,87.9,84.0,0,8.2,9.1,62.4,88.8,2,0,1,0,2,87.2,2,Yes,8.07,80.7,Excellent,Not Placed
STU103039,23,Female,BSc Computer Science,3,70.5,2.0,76.3,76.2,1,7.0,6.1,90.1,39.7,2,1,3,0,1,87.0,3,Yes,8.07,80.6,Excellent,Placed
STU103040,20,Female,BSc Data Science,3,84.9,2.7,96.5,79.0,1,3.2,5.6,58.9,89.6,4,1,3,2,1,78.9,0,No,7.44,73.1,Good,Not Placed
STU103041,24,Male,BCA,3,49.3,3.0,77.0,68.2,2,6.7,5.1,95.7,90.7,3,2,1,1,1,71.6,3,Yes,6.88,69.0,Good,Not Placed
STU103042,21,Male,BSc Computer Science,3,68.4,2.9,85.5,84.5,1,3.7,4.7,62.2,77.6,1,1,2,1,2,77.3,2,Yes,7.42,74.5,Good,Not Placed
STU103043,18,Male,BTech CSE,3,71.2,5.2,81.5,89.2,0,5.9,7.0,89.9,72.0,2,0,3,1,1,92.7,5,Yes,8.71,86.8,Excellent,Placed
STU103044,21,Male,BSc Computer Science,3,93.5,0.5,75.6,63.9,0,6.8,1.6,86.1,72.0,4,0,0,1,1,68.7,3,Yes,7.05,69.2,Good,Placed
STU103045,21,Female,BCA,2,82.5,3.2,63.2,69.0,0,8.9,4.8,70.0,41.5,3,1,3,1,0,94.2,3,Yes,8.21,78.4,Good,Placed
STU103046,24,Female,BTech CSE,2,77.7,4.6,91.7,65.0,0,5.4,6.7,50.5,74.4,1,0,2,2,1,77.8,0,No,8.13,79.7,Good,Not Placed
STU103047,18,Male,BCA,3,77.0,4.6,81.6,71.0,0,10.0,8.7,56.0,82.6,2,0,2,1,1,89.8,1,Yes,9.82,98.0,Excellent,Placed
STU103048,22,Female,BCA,3,79.2,2.3,,80.9,1,3.7,7.8,64.2,45.0,2,0,5,0,0,91.7,3,Yes,7.26,73.0,Good,Not Placed
STU103049,24,Female,BTech CSE,3,,6.1,95.4,69.9,0,5.0,8.8,72.8,49.0,1,1,0,1,1,72.4,1,Yes,8.14,83.8,Excellent,Not Placed
STU103050,21,Female,BTech CSE,3,79.3,1.4,95.2,51.0,0,6.8,6.6,55.6,88.4,3,1,5,1,3,92.5,3,Yes,8.06,79.6,Good,Not Placed
STU103051,21,Male,BSc Computer Science,4,97.5,3.0,90.1,83.6,1,2.3,10.0,44.8,61.2,6,0,2,0,1,79.7,3,Yes,7.48,76.7,Good,Not Placed
STU103052,22,Male,BSc Computer Science,4,73.6,3.0,90.3,62.8,1,4.4,4.1,67.5,79.6,2,2,2,2,1,50.6,1,No,7.01,71.2,Good,Not Placed
STU103053,21,Male,BSc Data Science,3,79.7,3.0,83.7,76.9,1,7.3,5.6,55.0,49.3,2,1,4,1,1,84.1,3,No,7.79,75.6,Good,Placed
STU103054,21,Female,BSc Computer Science,2,78.4,5.5,91.1,78.0,0,8.2,8.1,57.7,75.7,3,0,2,0,3,93.6,2,Yes,8.56,86.0,Excellent,Not Placed
STU103055,21,Male,BCA,3,87.4,3.5,77.1,66.9,1,4.7,7.0,58.6,75.4,1,1,3,0,1,57.2,3,Yes,7.47,74.5,Good,Not Placed
STU103056,23,Male,BBA,3,71.1,4.0,55.1,61.0,0,5.5,5.4,69.0,31.9,0,0,1,0,1,68.3,1,Yes,6.36,62.2,Average,Not Placed
STU103057,24,Female,BTech CSE,2,74.3,4.8,89.8,66.3,2,7.4,7.2,77.0,77.3,0,1,5,0,2,76.1,2,Yes,7.42,75.3,Good,Not Placed
STU103058,19,Female,BTech CSE,4,62.9,2.5,90.0,91.2,0,3.4,5.8,88.4,56.3,2,1,1,0,1,84.1,1,Yes,7.71,76.5,Good,Placed
STU103059,24,Female,BSc Computer Science,3,87.9,3.3,67.5,60.6,1,6.2,6.1,49.8,70.4,3,0,4,0,3,97.2,2,Yes,7.61,75.4,Good,Placed
STU103060,22,Male,BTech CSE,3,,6.0,87.7,58.8,1,6.1,9.8,60.6,61.1,0,0,2,1,0,66.6,1,Yes,7.25,70.8,Good,Not Placed
STU103061,21,Male,BSc Computer Science,3,83.4,4.1,87.5,74.3,1,9.7,8.4,76.4,80.7,4,0,2,2,1,94.7,1,Yes,7.98,82.0,Excellent,Placed
STU103062,24,Female,BSc Data Science,2,94.8,1.9,93.9,69.4,1,7.5,7.8,68.7,82.9,1,0,4,2,3,95.9,0,Yes,8.95,86.9,Excellent,Not Placed
STU103063,23,Male,BCA,2,97.3,2.2,80.8,67.1,0,6.5,7.7,53.6,87.8,0,0,1,0,1,83.3,1,Yes,6.65,69.9,Good,Not Placed
STU103064,22,Male,BSc Computer Science,3,74.9,4.8,65.3,61.2,0,7.9,5.0,81.6,85.4,3,3,0,1,0,76.7,2,Yes,7.28,75.8,Good,Not Placed
STU103065,20,Male,BBA,2,74.5,1.8,76.7,71.7,0,6.9,,68.4,82.0,2,0,4,1,2,88.8,1,Yes,6.41,64.7,Average,Placed
STU103066,24,Male,BCA,2,77.3,2.8,76.6,70.1,0,4.8,7.8,91.8,62.9,2,0,1,2,4,77.7,1,Yes,7.35,70.5,Good,Not Placed
STU103067,20,Male,BCA,4,87.0,3.8,80.7,88.0,1,7.8,8.3,69.8,62.3,2,0,2,1,0,84.9,6,Yes,7.82,79.0,Good,Placed
STU103068,21,Female,BSc Data Science,3,76.7,3.5,83.3,61.4,1,8.0,8.4,60.9,57.4,2,0,1,1,0,79.7,3,Yes,8.13,82.3,Excellent,Not Placed
STU103069,23,Female,BTech CSE,2,75.3,5.7,79.4,66.2,0,5.9,6.0,61.2,53.1,2,0,5,0,2,85.0,0,No,7.99,81.9,Excellent,Not Placed
STU103070,23,Female,BSc Data Science,3,,0.5,86.4,87.4,0,6.9,5.4,47.9,40.0,2,1,5,1,1,87.5,0,No,8.01,80.1,Excellent,Not Placed
STU103071,24,Male,BCA,3,78.4,4.2,69.9,65.8,0,10.0,7.5,88.0,74.6,1,1,2,0,0,99.6,2,Yes,8.99,87.7,Excellent,Placed
STU103072,22,Male,BSc Computer Science,3,76.5,3.1,86.0,63.3,0,6.9,4.5,66.6,64.6,2,0,5,3,0,94.3,0,No,7.05,68.7,Good,Not Placed
STU103073,22,Male,BSc Computer Science,2,69.2,5.5,73.7,77.4,1,6.1,6.0,42.6,67.9,5,2,1,0,0,74.8,2,No,8.03,75.8,Good,Not Placed
STU103074,23,Female,BCA,3,88.3,3.1,79.8,73.9,2,4.7,8.6,80.7,76.2,0,0,0,0,2,73.8,5,Yes,6.7,68.5,Good,Not Placed
STU103075,22,Male,BCA,2,80.5,3.2,61.9,68.3,2,4.9,5.9,52.9,65.7,1,2,2,2,0,68.7,1,Yes,6.71,65.9,Good,Not Placed
STU103076,23,Female,BSc Computer Science,3,77.9,3.5,92.4,72.9,0,6.7,8.0,75.7,59.1,0,0,3,2,2,83.7,1,Yes,7.58,74.1,Good,Not Placed
STU103077,24,Female,BSc Computer Science,3,59.4,2.5,78.6,77.7,1,5.4,3.5,61.2,61.9,6,1,2,1,0,82.3,2,Yes,6.34,62.5,Average,Not Placed
STU103078,19,Male,BBA,2,87.5,2.6,85.7,73.9,1,7.6,6.5,75.4,55.5,3,2,1,0,0,76.8,5,Yes,8.44,82.0,Excellent,Placed
STU103079,23,Male,BTech CSE,3,66.7,3.3,73.0,78.9,1,5.7,5.0,48.4,81.3,3,0,2,0,2,59.0,0,Yes,7.88,75.1,Good,Not Placed
STU103080,20,Female,BCA,3,82.5,6.0,75.8,69.7,2,10.0,3.6,71.9,43.5,1,0,1,0,0,82.5,2,Yes,8.52,85.1,Excellent,Not Placed
STU103081,22,Female,BSc Computer Science,3,70.2,2.8,71.4,59.6,0,6.9,,56.8,72.1,1,0,0,2,3,72.8,2,Yes,7.44,74.7,Good,Not Placed
STU103082,23,Male,BSc Data Science,3,67.3,2.5,83.7,78.8,0,3.7,6.6,42.9,66.8,3,1,0,1,0,68.8,2,Yes,7.37,75.0,Good,Not Placed
STU103083,23,Male,BCA,3,,2.9,88.3,68.7,0,6.8,6.2,76.3,43.2,3,0,0,0,2,83.6,0,Yes,7.79,78.4,Good,Not Placed
STU103084,24,Female,BBA,4,79.0,3.5,71.0,68.4,0,5.8,7.0,65.4,62.0,2,2,2,1,2,76.0,1,No,7.51,74.9,Good,Not Placed
STU103085,22,Male,BTech CSE,2,78.4,6.2,83.5,81.0,0,7.8,7.6,59.3,75.1,1,1,1,0,2,90.7,3,No,9.36,92.9,Excellent,Not Placed
STU103086,19,Male,BCA,4,97.5,2.4,79.3,91.9,0,6.5,7.4,60.5,61.9,0,0,3,0,1,86.6,1,No,7.69,77.0,Good,Not Placed
STU103087,24,Male,BCA,2,97.4,7.2,84.1,51.8,1,7.2,6.7,77.2,52.7,0,1,2,1,2,76.0,0,Yes,8.49,85.9,Excellent,Not Placed
STU103088,19,Male,BCA,3,75.5,4.2,72.1,68.2,3,10.0,7.3,68.4,65.9,4,1,1,0,2,100.0,0,Yes,7.52,76.7,Good,Not Placed
STU103089,24,Male,BSc Data Science,3,64.9,2.0,87.1,71.1,1,6.1,4.5,76.1,42.0,2,0,4,0,2,85.9,1,No,6.35,66.7,Good,Not Placed
STU103090,22,Male,BSc Computer Science,2,92.1,2.7,78.9,73.3,2,7.8,4.8,68.1,56.0,0,2,1,0,1,65.5,0,No,8.48,85.9,Excellent,Not Placed
STU103091,18,Male,BSc Data Science,2,64.6,0.6,80.5,69.8,0,8.5,5.0,81.7,46.7,3,1,3,1,2,89.2,1,Yes,6.42,64.8,Average,Not Placed
STU103092,22,Female,BBA,3,82.8,3.7,100.0,70.9,0,7.1,6.8,48.4,69.0,5,1,3,1,2,90.6,4,Yes,7.97,81.9,Excellent,Not Placed
STU103093,22,Other,BCA,4,75.3,5.1,62.6,76.4,1,3.6,8.1,47.6,82.2,1,0,2,1,0,70.5,2,Yes,6.21,61.9,Average,Not Placed
STU103094,19,Female,BSc Computer Science,3,78.8,3.5,87.9,69.7,2,7.9,9.4,75.3,71.9,3,0,1,1,4,78.4,0,Yes,8.1,81.0,Excellent,Not Placed
STU103095,19,Female,BTech CSE,3,90.3,4.7,86.8,65.6,0,2.9,7.5,81.9,92.3,2,1,1,4,2,66.5,1,No,7.38,72.9,Good,Not Placed
STU103096,22,Female,BSc Computer Science,4,70.1,4.1,88.9,65.3,0,9.6,4.2,74.8,81.8,3,3,2,0,2,80.9,2,No,8.88,85.6,Excellent,Placed
STU103097,22,Male,BCA,4,71.9,5.3,88.4,87.9,0,4.2,7.3,83.7,51.0,2,0,1,0,1,59.5,0,No,7.92,77.6,Good,Not Placed
STU103098,22,Male,BCA,3,85.6,2.0,84.1,95.8,3,10.0,8.0,80.9,61.8,3,1,1,1,0,88.3,1,Yes,8.49,85.6,Excellent,Placed
STU103099,19,Female,BSc Data Science,3,95.9,4.8,86.5,67.9,0,6.7,6.0,72.1,71.4,2,1,1,1,4,66.7,2,No,8.33,81.8,Excellent,Placed
STU103100,22,Male,BBA,2,100.0,6.3,100.0,68.2,0,8.1,6.3,41.1,53.3,3,0,2,0,1,89.8,4,Yes,10.0,100.0,Excellent,Placed
STU103101,22,Male,BBA,3,63.5,7.3,80.1,76.7,0,7.4,8.3,66.3,72.6,1,1,5,0,2,81.8,5,Yes,8.33,84.7,Excellent,Placed
STU103102,21,Female,BBA,2,73.8,5.6,80.0,73.6,0,8.2,6.6,62.4,71.6,1,2,1,3,3,85.8,1,Yes,9.0,87.7,Excellent,Placed
STU103103,18,Male,BTech CSE,2,67.7,3.8,70.3,70.2,0,3.0,7.0,75.4,69.7,1,0,1,0,3,58.6,6,Yes,6.79,66.1,Good,Not Placed
STU103104,20,Male,BSc Data Science,2,86.5,2.1,72.9,57.0,0,5.3,6.2,76.1,63.6,1,0,1,0,3,64.3,1,Yes,6.52,66.7,Good,Not Placed
STU103105,18,Other,BBA,4,78.6,2.3,84.5,62.2,0,7.2,8.6,46.4,49.1,2,1,3,3,1,85.4,3,No,7.16,71.7,Good,Not Placed
STU103106,21,Female,BBA,4,86.8,3.2,86.1,80.3,1,6.6,4.4,50.3,71.5,2,1,2,1,1,71.5,1,Yes,8.56,86.4,Excellent,Placed
STU103107,20,Male,BSc Data Science,2,74.0,6.3,80.8,68.7,0,5.8,6.4,34.4,66.2,2,1,2,2,3,75.3,2,Yes,7.72,78.3,Good,Placed
STU103108,24,Other,BCA,2,85.0,2.7,89.2,95.6,0,6.8,6.0,91.3,53.1,4,0,4,0,1,84.8,3,Yes,9.26,92.4,Excellent,Placed
STU103109,22,Female,BSc Computer Science,2,76.2,3.8,77.6,95.1,0,6.1,5.9,75.7,65.9,0,0,1,2,4,64.2,0,Yes,8.74,87.7,Excellent,Not Placed
STU103110,21,Female,BCA,3,79.4,4.9,100.0,61.0,2,10.0,4.9,61.8,59.3,2,0,2,0,1,79.2,2,Yes,8.78,88.1,Excellent,Placed
STU103111,24,Male,BCA,2,72.2,0.5,83.7,87.9,0,8.9,8.9,71.1,72.9,3,1,2,1,1,87.7,2,Yes,7.51,74.8,Good,Placed
STU103112,22,Male,BBA,4,91.6,1.9,89.4,70.4,1,9.2,6.2,73.0,73.1,1,0,3,2,1,82.4,3,No,8.92,88.8,Excellent,Not Placed
STU103113,19,Female,BBA,2,65.4,6.4,83.8,73.7,0,9.8,5.6,78.2,56.6,1,2,0,0,3,77.1,3,Yes,8.8,90.8,Excellent,Not Placed
STU103114,23,Female,BCA,2,,5.1,75.4,80.4,1,7.4,8.1,40.3,64.2,0,0,2,0,1,78.0,2,Yes,8.84,89.2,Excellent,Not Placed
STU103115,21,Female,BSc Data Science,2,95.8,5.1,76.4,84.0,0,4.8,6.8,56.3,57.4,0,1,0,2,1,66.4,3,Yes,8.96,89.0,Excellent,Not Placed
STU103116,19,Male,BTech CSE,4,90.8,2.1,69.4,63.3,0,6.0,4.0,71.2,88.1,3,2,2,0,1,80.8,3,No,7.37,69.9,Good,Not Placed
STU103117,21,Male,BTech CSE,4,69.6,5.7,63.1,98.3,0,7.1,3.7,68.5,59.7,2,2,1,1,0,73.8,2,Yes,8.79,85.6,Excellent,Placed
STU103118,21,Female,BSc Data Science,4,70.1,2.3,92.4,75.4,0,6.8,6.6,75.9,69.7,1,1,3,0,1,85.0,3,Yes,8.48,81.1,Excellent,Placed
STU103119,19,Male,BTech CSE,3,83.1,3.6,75.3,48.3,0,4.1,7.7,49.5,93.9,5,2,4,1,0,68.6,5,No,6.65,63.4,Average,Not Placed
STU103120,20,Female,BTech CSE,2,84.5,4.5,81.3,68.9,1,7.1,6.7,63.9,24.7,4,0,0,2,3,82.1,0,Yes,7.51,74.1,Good,Not Placed
STU103121,18,Male,BBA,2,89.9,4.7,98.9,97.4,0,4.5,4.5,67.0,75.3,4,0,2,0,0,73.3,1,Yes,8.81,90.3,Excellent,Not Placed
STU103122,22,Male,BSc Data Science,3,63.9,4.2,94.9,64.9,1,10.0,8.3,76.6,73.2,2,0,6,0,2,100.0,1,No,7.95,79.3,Good,Placed
STU103123,21,Female,BCA,4,91.2,3.2,83.6,99.5,0,7.9,5.5,71.8,55.2,2,1,4,0,0,100.0,4,No,8.81,89.3,Excellent,Not Placed
STU103124,22,Female,BBA,3,69.0,0.7,79.7,73.5,0,6.2,10.0,55.3,43.0,1,1,1,2,1,88.3,4,Yes,5.92,62.3,Average,Not Placed
STU103125,23,Male,BCA,3,91.3,3.6,80.3,72.0,1,6.6,6.5,83.5,57.9,2,0,1,1,1,85.0,2,No,9.11,89.3,Excellent,Not Placed
STU103126,19,Male,BTech CSE,3,61.8,0.5,100.0,59.4,0,9.6,7.6,60.5,60.7,1,0,3,2,2,94.8,4,Yes,7.29,74.6,Good,Placed
STU103127,22,Female,BCA,2,66.9,4.4,83.9,79.4,0,3.8,8.6,54.6,70.3,3,1,1,0,0,87.1,5,Yes,6.79,68.2,Good,Placed
STU103128,19,Male,BSc Data Science,3,95.2,2.0,,68.1,1,5.6,7.2,69.5,43.0,4,0,5,0,0,91.2,1,No,7.3,70.9,Good,Not Placed
STU103129,22,Female,BSc Data Science,3,95.8,3.3,67.7,71.8,1,7.5,6.7,56.4,49.5,3,2,2,3,1,82.8,3,Yes,7.42,76.0,Good,Placed
STU103130,18,Female,BCA,2,79.0,2.7,82.5,69.5,1,2.8,8.0,82.9,57.4,2,1,3,0,0,76.3,4,No,6.34,62.2,Average,Not Placed
STU103131,18,Male,BBA,3,74.7,4.3,94.8,82.1,0,6.2,6.3,87.6,97.4,3,2,2,3,1,74.2,4,Yes,8.33,83.4,Excellent,Placed
STU103132,18,Female,BCA,4,77.8,2.3,93.9,69.5,1,5.7,7.1,61.5,59.0,3,2,3,2,2,63.2,3,Yes,6.63,68.1,Good,Not Placed
STU103133,18,Male,BTech CSE,3,82.1,3.9,88.9,41.9,0,10.0,6.5,55.0,52.1,3,2,1,0,2,83.5,6,Yes,8.29,80.6,Excellent,Not Placed
STU103134,18,Female,BTech CSE,3,83.0,3.8,75.3,61.8,0,6.3,6.9,76.5,77.7,1,1,2,1,1,86.5,0,Yes,7.43,77.7,Good,Not Placed
STU103135,18,Male,BSc Data Science,2,75.1,3.6,67.6,56.2,0,4.6,8.1,69.0,38.9,5,1,0,1,0,82.1,4,No,6.99,68.6,Good,Not Placed
STU103136,19,Female,BTech CSE,3,58.6,4.1,80.0,89.8,0,4.9,4.9,58.4,51.0,3,0,2,0,4,81.6,5,No,8.16,79.9,Good,Not Placed
STU103137,21,Male,BCA,4,72.6,1.7,93.5,79.2,0,1.7,6.1,63.4,33.3,1,0,3,1,1,64.6,4,No,6.7,64.4,Average,Not Placed
STU103138,22,Male,BTech CSE,3,62.4,1.8,100.0,72.6,1,9.5,6.0,66.8,63.5,2,1,0,1,2,76.2,4,Yes,7.93,79.2,Good,Not Placed
STU103139,18,Other,BSc Computer Science,2,85.7,5.7,83.2,69.7,1,6.7,8.4,46.0,55.7,3,0,4,0,2,92.9,1,No,8.65,87.3,Excellent,Not Placed
STU103140,19,Female,BSc Data Science,4,81.7,1.2,80.9,55.0,1,6.2,6.6,80.6,86.3,2,0,3,2,2,77.0,5,Yes,6.42,65.0,Average,Not Placed
STU103141,19,Male,BSc Data Science,4,76.9,6.7,84.3,69.3,1,8.2,5.3,55.1,68.2,1,1,1,0,0,73.9,3,No,8.96,88.3,Excellent,Not Placed
STU103142,19,Male,BTech CSE,3,75.5,3.3,84.4,83.4,1,7.5,3.6,61.2,64.0,4,0,2,2,0,88.3,3,Yes,7.47,76.2,Good,Not Placed
STU103143,21,Female,BBA,3,97.7,2.2,95.1,81.8,0,6.5,8.6,69.2,49.0,1,1,2,0,2,92.2,2,Yes,8.62,86.6,Excellent,Placed
STU103144,22,Male,BCA,2,89.5,4.8,77.9,77.1,0,4.7,6.8,82.1,60.8,3,0,0,1,2,68.7,1,Yes,8.79,85.3,Excellent,Not Placed
STU103145,21,Male,BSc Computer Science,4,80.1,2.7,80.7,55.3,0,5.5,6.5,94.0,79.7,4,1,1,0,3,78.8,2,Yes,7.27,71.3,Good,Placed
STU103146,20,Female,BCA,3,72.6,4.0,87.1,63.2,0,6.7,6.7,64.1,49.7,2,1,2,0,1,82.9,0,No,7.52,78.4,Good,Not Placed
STU103147,24,Male,BTech CSE,3,90.9,5.4,75.0,76.5,0,7.7,8.6,81.5,78.9,2,1,2,0,4,92.3,1,No,7.96,82.2,Excellent,Placed
STU103148,19,Female,BCA,2,79.1,4.6,71.9,58.2,0,4.1,7.5,60.5,46.7,0,0,2,0,2,75.3,2,Yes,7.1,73.9,Good,Not Placed
STU103149,20,Female,BTech CSE,3,71.5,4.1,97.4,80.7,1,6.3,3.8,75.8,61.5,4,0,2,0,0,78.6,4,Yes,9.24,89.6,Excellent,Not Placed
STU103150,23,Female,BCA,4,72.1,4.5,81.7,56.0,0,8.8,,60.2,76.6,2,0,1,1,1,94.4,1,No,6.69,67.5,Good,Not Placed
STU103151,18,Female,BSc Computer Science,4,84.6,3.6,91.8,58.8,1,4.3,3.9,44.6,74.8,3,1,3,2,1,73.3,7,No,7.17,72.5,Good,Not Placed
STU103152,24,Female,BTech CSE,2,87.5,4.7,89.6,56.1,1,7.8,7.9,81.4,51.0,0,1,2,1,4,75.1,1,No,8.25,81.9,Excellent,Not Placed
STU103153,18,Male,BTech CSE,3,84.4,1.9,66.9,66.1,0,4.2,6.1,58.1,55.6,1,0,0,0,1,72.3,2,Yes,6.6,63.2,Average,Not Placed
STU103154,21,Female,BTech CSE,3,84.6,5.7,74.8,53.7,0,5.5,8.0,71.2,63.7,5,0,0,1,3,76.8,4,No,8.19,81.7,Excellent,Not Placed
STU103155,24,Male,BSc Computer Science,4,75.0,3.3,82.7,66.2,0,2.9,8.1,45.2,93.0,1,1,6,1,1,75.0,4,Yes,6.52,65.3,Good,Not Placed
STU103156,22,Male,BTech CSE,4,72.6,3.8,79.4,61.1,0,7.0,5.8,49.4,92.3,2,0,2,0,1,82.2,0,Yes,6.99,70.8,Good,Not Placed
STU103157,20,Female,BSc Computer Science,4,79.5,3.0,84.7,63.8,2,5.1,6.8,42.2,83.3,3,0,2,0,1,79.3,1,Yes,7.88,76.1,Good,Not Placed
STU103158,22,Female,BBA,4,77.2,4.4,84.0,80.0,2,2.9,7.2,72.6,79.1,2,0,1,0,3,77.1,1,Yes,7.48,75.0,Good,Not Placed
STU103159,21,Female,BSc Computer Science,2,68.0,5.1,90.6,71.9,1,6.7,5.6,54.4,43.3,3,0,0,0,0,66.7,1,Yes,7.72,77.2,Good,Not Placed
STU103160,18,Male,BSc Computer Science,4,77.7,2.0,81.5,80.0,3,8.4,5.6,88.0,84.5,1,0,2,2,3,86.1,4,No,7.93,79.1,Good,Not Placed
STU103161,24,Female,BCA,3,84.9,3.4,82.8,98.6,0,7.2,7.5,46.5,47.8,2,1,1,0,4,71.9,2,Yes,8.38,84.6,Excellent,Not Placed
STU103162,22,Male,BSc Computer Science,2,74.1,3.8,66.2,51.7,3,7.1,8.8,70.6,49.4,4,2,2,1,2,96.0,3,Yes,6.43,64.2,Average,Placed
STU103163,22,Female,BCA,2,93.9,4.2,75.4,65.5,1,7.9,4.9,39.4,70.4,1,0,4,1,2,69.5,6,No,7.31,75.4,Good,Not Placed
STU103164,18,Female,BTech CSE,2,65.5,3.1,75.9,59.6,1,5.2,7.6,97.8,65.1,2,1,1,1,1,97.9,4,No,6.72,66.0,Good,Placed
STU103165,24,Female,BTech CSE,4,69.8,2.9,77.1,63.7,1,6.7,6.4,50.8,64.7,1,0,2,2,2,75.3,1,Yes,6.63,64.5,Average,Not Placed
STU103166,20,Male,BBA,3,72.3,4.8,77.9,76.5,2,10.0,7.9,76.8,44.9,3,0,1,1,1,94.8,0,Yes,9.09,89.2,Excellent,Placed
STU103167,18,Male,BCA,4,86.2,4.3,88.6,93.2,2,6.8,7.5,60.3,58.9,1,0,2,0,2,81.6,1,Yes,9.04,89.0,Excellent,Placed
STU103168,22,Male,BCA,3,80.1,3.8,100.0,79.7,1,5.0,7.3,77.9,44.4,2,0,4,0,0,75.6,2,Yes,7.93,79.0,Good,Placed
STU103169,20,Female,BTech CSE,3,69.1,5.4,67.2,77.8,0,7.1,4.5,53.1,83.2,3,1,4,0,1,84.5,5,Yes,7.69,76.1,Good,Placed
STU103170,20,Female,BSc Data Science,3,59.3,1.5,79.8,84.5,2,5.8,9.8,69.7,33.9,1,0,3,1,1,85.3,3,Yes,6.89,68.4,Good,Not Placed
STU103171,18,Male,BSc Computer Science,3,66.1,4.7,72.5,89.9,1,6.4,6.6,59.5,74.4,3,1,1,1,1,76.2,4,Yes,7.79,76.7,Good,Not Placed
STU103172,22,Female,BTech CSE,3,60.5,4.1,67.3,93.6,0,7.8,6.4,100.0,58.8,1,0,0,1,0,81.7,3,No,8.28,79.9,Good,Not Placed
STU103173,21,Female,BSc Computer Science,2,86.7,1.3,76.2,77.8,0,5.5,7.9,54.4,43.2,3,0,2,2,1,71.6,1,Yes,6.45,67.9,Good,Not Placed
STU103174,22,Female,BCA,4,67.4,5.2,70.4,60.5,0,1.4,3.9,52.6,73.9,2,0,2,0,0,66.4,3,No,7.43,71.4,Good,Not Placed
STU103175,19,Female,BTech CSE,3,84.8,4.4,84.6,67.9,2,6.2,8.0,89.7,76.7,0,0,3,1,0,79.9,2,No,7.86,82.6,Excellent,Placed
STU103176,24,Female,BCA,2,83.4,4.6,80.2,47.4,0,7.4,8.4,78.0,60.4,2,1,2,0,1,81.1,2,Yes,6.7,66.5,Good,Placed
STU103177,23,Male,BTech CSE,4,89.9,3.0,78.7,81.2,1,9.6,4.8,56.4,87.5,0,0,1,4,4,86.6,3,Yes,8.74,87.0,Excellent,Placed
STU103178,21,Male,BCA,2,70.9,4.6,85.4,61.8,1,8.4,7.5,69.3,53.7,2,2,4,1,2,100.0,2,Yes,8.92,83.6,Excellent,Placed
STU103179,20,Male,BTech CSE,3,82.0,2.4,66.3,63.4,0,5.9,6.7,69.8,85.5,1,0,4,4,1,73.2,1,Yes,6.82,69.5,Good,Not Placed
STU103180,21,Female,BCA,3,79.2,1.5,70.9,76.2,1,7.4,7.4,71.6,83.9,4,1,0,3,4,85.1,0,Yes,6.93,71.6,Good,Not Placed
STU103181,24,Female,BTech CSE,2,79.2,3.5,85.9,48.6,1,6.1,4.4,78.5,37.3,1,2,4,0,2,72.7,3,Yes,7.46,72.9,Good,Not Placed
STU103182,20,Female,BCA,3,,4.5,70.7,84.4,0,8.1,8.8,52.0,100.0,2,0,2,2,0,96.3,4,Yes,8.59,86.9,Excellent,Placed
STU103183,24,Male,BTech CSE,3,86.4,5.0,59.5,78.7,0,6.2,7.9,71.4,68.4,1,2,2,0,0,74.3,0,Yes,8.24,83.2,Excellent,Not Placed
STU103184,20,Male,BSc Computer Science,3,85.3,3.7,99.6,66.8,2,7.9,5.1,63.2,73.0,2,1,2,2,1,74.4,2,No,9.12,89.0,Excellent,Not Placed
STU103185,21,Male,BCA,2,78.0,3.6,85.8,71.4,1,9.5,6.0,32.4,44.1,0,1,1,0,2,79.1,3,Yes,8.28,82.5,Excellent,Not Placed
STU103186,20,Male,BTech CSE,3,73.4,5.0,93.2,63.9,0,10.0,8.4,60.5,94.3,3,1,2,0,2,96.9,2,Yes,8.29,86.8,Excellent,Placed
STU103187,20,Female,BSc Computer Science,2,72.3,3.0,74.0,100.0,0,3.8,7.4,60.5,63.8,4,1,0,1,0,79.0,3,No,6.62,67.7,Good,Not Placed
STU103188,19,Female,BCA,4,78.4,2.7,66.8,61.0,0,3.3,5.8,79.7,55.6,2,1,2,0,2,57.8,2,No,6.38,64.3,Average,Not Placed
STU103189,22,Female,BCA,2,80.2,5.9,85.2,75.9,1,4.8,7.1,85.5,68.2,4,0,0,0,1,66.1,5,Yes,8.6,86.9,Excellent,Not Placed
STU103190,22,Female,BSc Data Science,3,77.1,3.1,69.9,68.8,2,6.4,6.2,76.6,61.0,2,0,7,0,1,91.6,0,No,7.31,75.1,Good,Not Placed
STU103191,23,Male,BCA,4,65.1,4.9,93.2,72.6,0,5.6,4.9,38.3,73.5,4,1,5,1,1,89.8,2,Yes,8.51,85.3,Excellent,Placed
STU103192,23,Male,BCA,4,75.0,5.5,84.6,78.2,1,8.7,6.4,97.2,48.0,1,0,1,3,1,84.7,3,No,9.06,89.0,Excellent,Not Placed
STU103193,19,Male,BCA,4,72.7,3.8,84.1,78.6,1,5.1,7.6,83.4,84.6,1,1,4,0,0,89.8,1,Yes,7.1,71.8,Good,Not Placed
STU103194,23,Female,BSc Computer Science,4,78.2,3.9,84.3,67.7,0,4.5,5.7,66.8,87.4,1,0,0,1,2,67.1,1,Yes,8.41,82.3,Excellent,Not Placed
STU103195,24,Female,BSc Computer Science,3,100.0,6.2,100.0,58.1,0,8.9,7.6,70.1,70.8,0,2,4,1,1,90.9,0,Yes,9.64,98.7,Excellent,Placed
STU103196,21,Male,BCA,3,82.3,1.5,89.2,63.2,0,7.5,8.3,74.8,74.8,0,2,3,0,0,88.0,1,Yes,7.59,75.3,Good,Placed
STU103197,18,Male,BBA,2,90.6,1.5,79.8,66.5,0,7.0,8.0,69.5,45.7,2,0,2,0,0,87.9,0,Yes,7.18,72.4,Good,Not Placed
STU103198,24,Male,BTech CSE,2,71.2,4.7,83.5,64.8,1,4.5,7.6,79.8,47.0,3,1,2,2,3,65.5,2,No,7.15,73.5,Good,Not Placed
STU103199,18,Male,BCA,3,78.2,2.9,72.4,59.5,0,8.4,4.9,88.1,64.2,3,0,2,0,2,81.1,0,Yes,6.57,65.6,Good,Not Placed
STU103200,18,Male,BCA,2,90.3,4.8,76.2,77.4,0,6.1,6.4,41.2,49.7,0,0,2,1,3,80.8,2,No,7.95,76.8,Good,Not Placed
STU103201,19,Male,BBA,4,62.2,3.4,95.8,55.7,2,6.7,7.1,62.9,20.0,4,0,4,0,1,91.4,1,No,7.68,77.0,Good,Not Placed
STU103202,24,Male,BSc Computer Science,2,75.7,4.7,82.5,71.4,0,7.1,6.7,73.4,72.7,3,3,2,0,2,73.5,2,No,7.79,81.4,Excellent,Not Placed
STU103203,19,Female,BSc Data Science,3,84.2,2.2,90.4,52.4,1,9.0,8.1,50.1,91.0,4,0,3,0,1,100.0,5,Yes,6.8,70.6,Good,Placed
STU103204,20,Female,BSc Computer Science,3,77.3,4.4,72.2,85.1,1,7.3,6.6,97.8,73.4,5,1,3,2,1,72.4,2,No,8.27,86.7,Excellent,Not Placed
STU103205,18,Male,BTech CSE,3,72.3,2.7,91.3,64.6,1,5.3,8.5,30.6,64.7,1,2,5,3,0,78.9,0,Yes,7.05,71.4,Good,Not Placed
STU103206,21,Male,BCA,4,72.9,4.6,79.8,63.3,1,6.5,8.2,58.2,83.5,2,2,0,1,1,77.8,1,Yes,7.66,78.1,Good,Not Placed
STU103207,23,Male,BTech CSE,4,81.2,7.0,84.5,61.3,2,7.7,6.0,77.4,71.0,3,0,1,0,3,80.2,1,Yes,7.68,75.4,Good,Placed
STU103208,21,Male,BTech CSE,4,62.3,2.3,82.7,92.5,1,9.6,4.9,99.4,52.1,2,1,2,1,0,82.5,4,Yes,7.75,77.9,Good,Placed
STU103209,23,Male,BSc Computer Science,3,79.2,3.0,84.0,87.9,0,5.8,8.2,72.3,49.3,2,0,1,0,3,73.9,1,Yes,7.86,81.0,Excellent,Not Placed
STU103210,18,Female,BTech CSE,4,85.3,3.3,80.8,72.7,0,5.6,8.8,76.4,48.2,0,0,1,1,1,74.5,1,Yes,7.72,76.5,Good,Not Placed
STU103211,18,Female,BCA,2,74.4,4.0,96.1,66.0,0,7.9,6.3,60.1,58.6,4,1,1,0,1,71.5,1,No,7.2,72.0,Good,Not Placed
STU103212,18,Female,BSc Computer Science,4,62.4,0.5,65.4,96.9,0,4.9,7.5,96.0,77.2,0,1,1,0,0,60.5,2,Yes,7.49,73.5,Good,Placed
STU103213,19,Male,BSc Data Science,2,72.9,3.5,87.9,78.0,1,5.4,8.3,91.8,71.3,1,0,1,0,1,74.5,4,Yes,7.83,76.2,Good,Not Placed
STU103214,24,Female,BSc Data Science,2,76.8,3.2,74.6,68.9,2,6.5,4.5,79.7,87.7,1,1,1,0,1,84.0,2,No,7.49,75.6,Good,Not Placed
STU103215,23,Male,BCA,4,67.2,3.2,71.5,65.3,0,7.3,9.2,33.2,62.2,3,1,2,1,1,91.3,5,Yes,7.26,70.0,Good,Not Placed
STU103216,24,Male,BSc Data Science,3,78.3,3.9,100.0,81.8,1,8.3,6.2,69.7,53.0,1,0,4,0,3,98.7,2,No,8.43,83.1,Excellent,Not Placed
STU103217,19,Female,BCA,4,79.7,4.0,71.5,69.4,0,6.8,9.3,59.1,81.7,3,0,3,1,0,94.2,1,Yes,8.02,79.7,Good,Placed
STU103218,19,Female,BCA,3,90.0,4.0,62.0,55.9,0,6.7,8.0,68.1,56.8,0,2,0,2,1,79.7,1,No,5.01,51.5,Average,Not Placed
STU103219,22,Female,BCA,4,76.4,1.9,92.5,74.1,1,7.5,7.4,61.4,70.9,1,0,1,1,1,75.7,3,No,7.02,71.7,Good,Not Placed
STU103220,21,Female,BTech CSE,4,79.1,3.1,76.6,74.9,0,3.7,9.5,73.7,74.4,2,0,1,0,0,80.9,0,Yes,7.41,75.5,Good,Placed
STU103221,21,Female,BCA,3,72.5,3.1,96.0,72.5,1,6.6,7.3,59.2,99.1,1,1,2,3,5,87.6,4,Yes,7.9,76.5,Good,Placed
STU103222,20,Female,BSc Computer Science,3,73.2,4.3,57.2,78.1,0,9.4,8.8,64.4,57.5,3,0,1,0,0,100.0,2,No,8.3,83.1,Excellent,Not Placed
STU103223,19,Female,BCA,3,,2.1,100.0,68.1,0,7.9,8.0,62.2,83.8,2,2,0,1,2,80.2,1,Yes,9.28,90.7,Excellent,Placed
STU103224,23,Female,BCA,4,75.7,3.8,92.4,72.1,1,6.5,6.1,73.6,62.3,6,0,0,0,0,68.2,1,Yes,7.71,74.6,Good,Not Placed
STU103225,22,Female,BSc Data Science,3,86.3,5.9,79.7,71.9,0,7.8,5.1,47.3,84.8,1,1,0,0,3,77.2,2,No,8.57,88.8,Excellent,Placed
STU103226,22,Female,BCA,3,77.5,0.5,62.9,55.9,0,4.3,9.0,43.2,59.4,2,1,2,0,2,90.9,3,Yes,5.91,58.9,Average,Not Placed
STU103227,24,Female,BSc Computer Science,3,66.6,3.2,67.4,80.4,0,7.3,7.0,79.5,75.1,0,1,2,0,1,75.4,2,Yes,8.2,83.2,Excellent,Placed
STU103228,21,Male,BSc Data Science,2,71.1,0.5,74.4,78.6,0,6.4,7.9,62.1,100.0,1,0,0,0,3,73.3,1,Yes,7.16,70.3,Good,Not Placed
STU103229,19,Female,BBA,2,100.0,3.5,89.8,83.9,0,6.7,7.5,78.5,44.3,2,0,1,0,0,78.5,1,Yes,8.04,82.1,Excellent,Not Placed
STU103230,20,Male,BBA,3,77.0,4.8,72.5,59.9,0,5.8,7.6,79.7,80.6,3,0,2,2,0,75.1,2,No,6.44,64.4,Average,Not Placed
STU103231,19,Male,BSc Data Science,4,61.8,2.7,59.4,66.9,1,9.0,8.0,58.9,84.9,0,1,1,2,3,71.2,2,Yes,7.71,74.2,Good,Not Placed
STU103232,24,Male,BTech CSE,3,66.6,4.9,84.5,85.3,0,5.6,6.7,60.0,58.0,3,1,1,0,0,90.0,3,No,8.38,82.2,Excellent,Not Placed
STU103233,18,Female,BCA,3,70.9,5.5,93.0,65.1,0,4.6,9.2,59.2,89.9,2,0,4,1,0,87.1,2,No,8.58,82.0,Excellent,Not Placed
STU103234,19,Female,BSc Computer Science,3,69.1,4.1,100.0,93.6,0,3.8,8.8,48.4,46.2,1,1,3,0,1,72.9,3,Yes,7.46,77.2,Good,Not Placed
STU103235,24,Male,BTech CSE,3,67.0,2.7,70.7,53.3,0,2.6,6.1,44.8,78.5,3,0,1,1,1,73.7,2,Yes,6.45,67.1,Good,Not Placed
STU103236,18,Male,BCA,4,92.6,4.3,71.9,65.2,0,6.9,6.1,66.0,71.0,3,3,3,0,1,79.3,4,Yes,7.69,79.6,Good,Not Placed
STU103237,18,Male,BCA,3,84.6,6.0,49.1,66.4,0,5.1,5.1,49.4,79.4,2,1,0,0,2,70.7,2,Yes,8.12,81.3,Excellent,Not Placed
STU103238,20,Female,BCA,2,76.0,1.5,65.0,81.2,0,4.2,9.8,65.5,63.0,1,0,3,0,2,82.5,2,Yes,6.67,63.7,Average,Not Placed
STU103239,23,Male,BSc Data Science,2,72.1,5.2,70.3,92.0,1,6.0,6.3,55.1,80.9,4,0,1,2,4,80.0,1,Yes,8.09,82.2,Excellent,Not Placed
STU103240,21,Male,BSc Computer Science,4,76.4,1.6,72.2,75.6,0,7.7,7.6,55.6,82.2,1,1,2,2,0,76.6,0,No,7.68,78.4,Good,Not Placed
STU103241,19,Male,BSc Data Science,4,95.8,1.2,76.1,40.6,0,6.3,6.1,63.6,35.2,2,0,2,0,1,78.1,1,Yes,5.77,56.9,Average,Not Placed
STU103242,18,Male,BSc Data Science,3,69.3,1.6,88.5,71.0,1,6.7,7.5,92.2,58.3,2,1,4,0,0,92.8,0,Yes,6.43,66.6,Good,Not Placed
STU103243,19,Male,BSc Computer Science,2,62.2,3.4,87.6,73.5,0,8.6,8.1,89.9,66.1,2,1,1,0,2,93.9,5,Yes,8.14,81.3,Excellent,Placed
STU103244,23,Female,BTech CSE,3,84.7,5.4,76.3,76.7,1,8.0,8.8,82.9,61.1,1,1,0,1,1,79.5,1,Yes,9.09,90.0,Excellent,Not Placed
STU103245,21,Male,BCA,4,88.1,0.5,82.2,71.1,3,6.7,8.4,69.2,73.5,4,0,0,1,1,85.4,1,Yes,6.68,66.8,Good,Not Placed
STU103246,23,Female,BTech CSE,3,92.5,5.0,67.1,87.7,0,4.7,4.5,42.4,34.8,1,1,0,2,1,59.0,3,Yes,7.1,71.5,Good,Not Placed
STU103247,21,Male,BTech CSE,4,74.5,3.3,75.8,61.3,1,5.5,8.0,84.2,60.4,4,1,1,2,1,77.3,0,No,8.04,79.2,Good,Not Placed
STU103248,22,Male,BTech CSE,4,74.6,1.8,67.8,59.6,0,6.6,9.8,58.4,68.7,1,1,1,1,3,80.5,3,Yes,7.56,72.7,Good,Not Placed
STU103249,21,Male,BTech CSE,4,98.1,4.4,73.9,64.7,0,7.8,6.3,90.1,68.4,4,2,3,2,0,90.3,1,Yes,8.06,80.2,Excellent,Not Placed
STU103250,20,Female,BSc Computer Science,3,84.0,2.8,100.0,100.0,0,7.1,8.8,57.6,47.7,2,1,2,1,1,94.9,3,No,10.0,96.0,Excellent,Not Placed
STU103251,23,Female,BCA,3,77.1,6.9,83.6,69.8,0,5.4,5.3,86.4,97.7,0,1,0,0,1,67.6,1,Yes,9.06,89.6,Excellent,Not Placed
STU103252,18,Female,BSc Computer Science,4,83.0,4.2,75.5,85.8,0,7.2,7.7,78.7,50.6,2,0,3,0,2,76.6,1,Yes,8.04,78.8,Good,Placed
STU103253,22,Female,BBA,3,73.6,3.6,87.3,85.6,2,9.6,6.8,38.0,68.2,2,3,1,3,0,86.3,5,No,7.98,81.2,Excellent,Not Placed
STU103254,20,Male,BSc Computer Science,3,81.0,4.5,77.7,51.4,0,,3.8,81.2,57.2,2,0,2,1,1,81.0,0,Yes,6.73,67.1,Good,Not Placed
STU103255,19,Female,BCA,2,80.8,5.5,100.0,71.3,1,7.6,5.9,69.1,79.7,3,3,1,0,4,74.5,2,Yes,7.79,76.4,Good,Not Placed
STU103256,23,Female,BCA,3,86.3,5.7,85.9,85.4,0,5.9,8.5,49.4,88.1,1,1,1,1,1,59.9,3,Yes,9.47,94.5,Excellent,Not Placed
STU103257,24,Male,BBA,3,68.2,4.9,69.2,100.0,0,6.2,7.7,62.2,70.8,0,0,4,0,1,84.4,2,No,7.7,75.4,Good,Not Placed
STU103258,24,Female,BCA,3,81.6,5.6,96.5,84.9,0,3.5,6.7,100.0,73.7,3,1,1,1,0,78.5,0,Yes,8.93,88.7,Excellent,Not Placed
STU103259,18,Male,BCA,2,66.3,5.3,88.8,67.9,2,6.7,8.1,39.8,57.1,3,0,4,0,1,95.4,3,Yes,7.27,72.0,Good,Placed
STU103260,21,Male,BSc Data Science,3,96.8,4.9,87.1,89.5,1,1.5,4.4,68.9,54.3,3,2,2,1,5,72.1,1,Yes,7.87,76.0,Good,Not Placed
STU103261,18,Male,BBA,2,73.8,2.9,91.1,66.8,1,3.8,6.5,59.4,28.0,1,0,0,0,3,66.7,3,No,6.57,66.8,Good,Not Placed
STU103262,24,Male,BSc Data Science,3,61.5,5.4,90.0,58.4,0,7.1,5.4,76.3,52.1,2,0,4,0,1,78.8,4,Yes,8.67,81.0,Excellent,Placed
STU103263,19,Male,BSc Data Science,3,100.0,2.9,87.6,80.4,0,4.7,4.0,82.9,51.1,3,2,5,0,0,74.8,7,Yes,8.27,79.6,Good,Not Placed
STU103264,22,Male,BSc Computer Science,4,72.8,3.9,80.2,54.6,2,2.9,8.2,71.6,71.2,1,0,1,2,1,67.3,1,No,6.07,57.9,Average,Not Placed
STU103265,22,Male,BCA,4,78.9,2.9,92.0,64.9,0,6.6,7.5,81.6,44.8,1,3,6,0,1,93.7,2,Yes,8.37,81.8,Excellent,Placed
STU103266,23,Male,BTech CSE,4,61.0,4.5,80.1,89.8,2,3.7,6.3,54.0,53.6,6,0,2,0,3,71.4,1,Yes,8.33,83.3,Excellent,Not Placed
STU103267,22,Female,BSc Computer Science,4,77.5,5.4,96.6,80.5,0,8.4,6.0,66.3,81.6,4,0,3,2,0,86.2,3,Yes,9.02,89.3,Excellent,Placed
STU103268,23,Female,BSc Computer Science,3,94.7,2.9,87.5,61.6,0,7.4,4.5,91.8,48.7,3,0,2,0,0,87.0,0,No,7.19,70.2,Good,Not Placed
STU103269,23,Male,BTech CSE,2,85.0,1.4,84.1,73.7,0,9.8,6.6,58.9,47.2,3,1,1,0,0,75.4,2,Yes,8.82,85.7,Excellent,Placed
STU103270,23,Male,BBA,3,61.0,5.0,89.0,70.9,0,7.2,7.8,55.7,93.4,2,0,3,0,1,77.6,2,Yes,7.35,75.4,Good,Not Placed
STU103271,24,Male,BSc Data Science,3,70.4,5.1,83.7,82.9,0,9.9,5.9,60.3,95.7,1,0,1,1,0,67.0,2,Yes,9.17,89.5,Excellent,Placed
STU103272,24,Female,BCA,3,87.2,5.8,96.0,76.6,0,4.8,8.7,75.6,62.8,4,0,2,1,1,68.6,3,No,9.19,92.3,Excellent,Placed
STU103273,21,Male,BTech CSE,3,84.4,4.8,92.4,73.9,0,5.4,4.4,68.0,78.2,1,0,3,1,0,82.2,2,No,7.63,78.2,Good,Not Placed
STU103274,20,Male,BSc Data Science,4,73.1,4.9,82.8,71.6,2,7.0,3.6,77.8,75.0,2,2,3,0,3,70.2,2,Yes,7.89,79.8,Good,Not Placed
STU103275,23,Male,BBA,2,82.0,2.4,46.2,58.8,0,6.3,6.9,57.2,75.5,3,0,1,1,0,83.2,4,Yes,7.1,70.5,Good,Placed
STU103276,23,Female,BBA,3,66.0,4.6,91.5,88.6,0,6.8,7.8,46.8,58.1,2,0,1,2,1,88.5,1,Yes,8.48,88.6,Excellent,Placed
STU103277,20,Female,BCA,4,64.9,6.7,86.6,77.0,1,6.4,7.6,58.6,69.1,2,0,1,0,0,88.8,3,No,9.3,92.6,Excellent,Not Placed
STU103278,18,Male,BBA,4,53.1,2.7,100.0,68.1,0,6.1,4.7,48.1,68.8,0,2,2,1,1,69.0,2,Yes,7.77,76.0,Good,Not Placed
STU103279,23,Male,BSc Data Science,2,87.3,1.7,67.7,68.9,0,4.8,6.4,70.5,72.7,1,0,1,2,4,73.8,2,Yes,7.08,70.4,Good,Not Placed
STU103280,21,Male,BSc Computer Science,4,76.9,3.7,79.6,70.8,0,5.2,7.3,65.1,67.1,3,4,1,0,0,77.5,2,No,5.83,61.0,Average,Not Placed
STU103281,22,Female,BCA,2,78.0,4.9,65.0,62.1,0,4.9,8.1,69.3,70.0,5,0,2,0,1,84.7,3,Yes,7.38,74.8,Good,Not Placed
STU103282,22,Female,BTech CSE,4,47.3,3.8,74.0,65.2,0,4.7,3.8,71.7,56.9,4,2,1,0,0,64.8,3,No,5.65,57.7,Average,Not Placed
STU103283,19,Female,BSc Computer Science,3,77.5,6.2,99.1,83.8,1,6.6,6.8,59.8,54.8,5,1,4,1,6,95.3,0,Yes,8.95,89.0,Excellent,Not Placed
STU103284,19,Female,BSc Computer Science,3,83.5,2.2,63.7,53.2,0,5.2,7.3,77.3,79.5,2,1,1,1,3,85.2,2,No,6.78,66.5,Good,Not Placed
STU103285,22,Male,BBA,4,57.1,1.2,66.7,94.3,0,5.6,5.1,70.4,63.7,3,0,1,1,1,73.8,4,Yes,7.41,74.5,Good,Placed
STU103286,22,Female,BSc Computer Science,2,78.4,5.6,88.4,72.0,0,9.0,7.2,59.8,55.5,0,1,1,0,1,93.0,1,No,9.42,91.4,Excellent,Not Placed
STU103287,24,Female,BSc Data Science,2,77.3,1.4,84.1,62.5,0,7.4,5.6,73.8,100.0,1,1,1,1,1,88.1,1,Yes,7.24,73.3,Good,Not Placed
STU103288,21,Male,BTech CSE,3,73.3,4.0,78.4,67.8,0,8.0,7.9,73.5,100.0,2,0,1,1,0,86.2,2,No,7.75,78.6,Good,Placed
STU103289,20,Female,BTech CSE,3,91.1,5.6,53.8,77.1,0,8.5,8.7,99.7,45.7,2,3,1,0,2,94.8,2,Yes,8.25,81.0,Excellent,Not Placed
STU103290,19,Male,BBA,4,88.7,3.8,95.9,66.2,1,9.5,5.2,76.5,61.1,2,2,1,2,0,81.3,0,No,8.74,89.2,Excellent,Not Placed
STU103291,24,Male,BBA,3,100.0,2.5,79.4,79.9,0,6.5,5.2,83.2,88.4,2,3,1,1,0,77.8,1,Yes,8.22,81.2,Excellent,Placed
STU103292,24,Female,BSc Data Science,2,65.9,5.4,70.8,59.3,3,7.0,8.7,62.0,51.4,1,0,1,0,1,75.4,1,Yes,8.04,75.1,Good,Not Placed
STU103293,20,Female,BSc Data Science,3,82.3,3.8,85.5,62.4,0,5.6,7.4,55.1,52.0,0,1,2,0,3,78.1,2,Yes,8.17,83.8,Excellent,Not Placed
STU103294,24,Female,BCA,3,93.0,3.2,95.8,74.9,0,5.0,7.5,76.1,67.6,3,1,1,3,5,77.2,0,Yes,6.73,67.7,Good,Placed
STU103295,21,Male,BTech CSE,2,71.1,6.0,79.1,64.6,1,3.8,4.9,57.6,75.7,1,1,0,0,0,53.2,6,Yes,7.5,78.2,Good,Not Placed
STU103296,22,Female,BSc Data Science,3,94.9,2.9,74.9,95.5,0,4.7,7.5,61.4,49.0,2,0,1,1,2,78.9,3,Yes,7.8,77.8,Good,Not Placed
STU103297,23,Female,BTech CSE,4,81.6,2.6,82.4,82.0,1,5.6,6.9,47.8,78.7,2,0,6,0,1,90.0,5,Yes,7.92,78.1,Good,Not Placed
STU103298,20,Male,BCA,3,60.5,2.1,86.2,78.1,3,6.9,8.3,68.4,90.0,0,2,3,1,2,68.4,3,Yes,7.47,72.3,Good,Not Placed
STU103299,22,Other,BCA,3,65.1,5.3,87.2,73.3,0,4.4,7.9,64.2,51.7,6,1,4,0,1,90.1,7,Yes,7.46,76.9,Good,Not Placed
STU103300,22,Female,BCA,3,72.2,4.1,79.3,67.8,0,4.8,6.5,64.1,56.9,2,1,2,3,0,82.1,1,No,8.07,81.0,Excellent,Not Placed
STU103301,18,Male,BCA,2,77.1,2.8,95.5,68.9,0,2.7,5.7,79.3,75.7,0,0,1,1,1,52.4,2,No,7.4,72.8,Good,Not Placed
STU103302,20,Female,BSc Computer Science,2,90.4,1.3,72.3,62.0,0,,8.0,59.5,55.6,2,1,3,0,2,81.5,1,No,6.88,70.0,Good,Not Placed
STU103303,24,Male,BCA,4,77.1,5.6,80.1,74.5,0,6.6,7.5,69.1,29.9,2,2,3,0,0,73.2,2,Yes,9.22,91.6,Excellent,Placed
STU103304,23,Male,BCA,4,90.0,2.8,80.0,57.0,0,,4.2,60.5,62.3,0,2,1,1,0,62.8,3,Yes,6.14,60.1,Average,Not Placed
STU103305,20,Male,BCA,2,79.1,0.8,65.1,89.5,2,5.9,5.4,49.4,60.2,3,1,2,0,0,81.4,2,No,7.1,72.3,Good,Not Placed
STU103306,24,Other,BTech CSE,3,78.1,3.6,86.0,72.7,0,6.1,8.2,71.1,48.9,2,2,4,2,2,97.6,1,No,8.61,85.1,Excellent,Placed
STU103307,22,Male,BTech CSE,4,75.1,5.0,83.0,88.4,1,6.5,3.9,74.2,80.2,2,2,0,0,4,62.6,1,Yes,8.45,84.0,Excellent,Not Placed
STU103308,23,Female,BCA,2,87.8,4.6,79.9,82.7,0,8.7,5.3,79.1,61.8,5,2,2,0,0,86.1,2,No,8.24,84.4,Excellent,Placed
STU103309,24,Male,BTech CSE,2,79.3,3.6,87.6,71.2,1,5.9,8.5,74.6,82.5,1,0,3,0,2,82.5,5,No,6.74,71.4,Good,Not Placed
STU103310,21,Female,BSc Data Science,4,70.7,2.8,79.9,77.4,1,6.2,5.3,61.5,31.8,0,2,1,1,0,69.4,3,No,6.16,63.3,Average,Not Placed
STU103311,24,Male,BCA,4,81.3,2.7,97.5,66.9,1,4.2,4.1,94.1,27.1,1,0,3,0,3,66.5,3,No,7.68,77.9,Good,Not Placed
STU103312,18,Female,BSc Computer Science,2,73.4,5.4,87.2,70.8,0,7.3,5.6,67.8,77.3,1,0,3,0,2,80.6,1,No,7.92,76.7,Good,Not Placed
STU103313,22,Male,BCA,3,72.9,0.6,86.1,62.7,1,6.4,5.7,68.8,40.4,2,0,3,3,1,73.9,1,Yes,6.35,64.7,Average,Not Placed
STU103314,24,Female,BTech CSE,2,89.8,2.1,74.6,92.0,0,5.5,5.9,52.0,45.5,2,1,1,0,1,69.3,7,No,7.92,79.1,Good,Not Placed
STU103315,19,Other,BCA,3,76.4,3.4,61.2,74.3,0,4.4,6.3,58.8,47.8,4,0,1,1,1,79.4,1,No,7.59,76.6,Good,Not Placed
STU103316,19,Female,BBA,4,99.3,0.5,90.8,82.2,0,7.1,7.5,84.5,94.2,3,0,1,1,0,89.8,3,Yes,7.72,78.9,Good,Not Placed
STU103317,18,Male,BCA,3,85.4,3.2,61.2,66.7,1,4.5,9.0,75.0,76.0,1,1,2,0,0,75.9,2,No,6.82,68.2,Good,Placed
STU103318,21,Female,BSc Computer Science,3,70.3,1.7,79.1,90.9,0,7.5,4.9,52.3,35.5,4,0,1,0,2,81.7,3,Yes,9.23,86.9,Excellent,Not Placed
STU103319,22,Male,BBA,3,69.7,4.2,91.7,63.3,1,9.7,5.2,51.7,59.1,4,0,3,1,1,97.2,1,Yes,7.17,70.5,Good,Not Placed
STU103320,20,Female,BCA,2,65.6,2.6,72.5,70.6,0,8.6,8.2,75.9,63.4,5,0,1,1,2,97.0,2,Yes,7.88,78.5,Good,Placed
STU103321,18,Female,BSc Computer Science,2,84.1,2.9,76.9,66.3,0,6.6,9.3,60.2,44.0,3,1,2,0,5,93.1,2,Yes,7.23,72.0,Good,Placed
STU103322,21,Male,BSc Data Science,4,69.4,2.5,66.7,75.3,1,7.6,4.5,89.7,59.3,3,0,0,2,0,64.7,0,Yes,6.12,62.8,Average,Not Placed
STU103323,20,Male,BSc Computer Science,3,55.3,4.5,71.9,63.7,0,5.2,7.0,100.0,49.9,0,0,2,0,3,62.4,2,No,7.39,71.2,Good,Not Placed
STU103324,19,Male,BCA,2,61.5,3.4,73.3,79.1,2,4.1,7.6,70.4,89.2,3,0,1,1,0,77.4,2,No,7.16,71.3,Good,Not Placed
STU103325,19,Female,BCA,3,67.0,4.9,76.9,75.2,1,6.7,6.6,77.8,62.3,1,1,2,1,1,68.5,3,Yes,8.25,82.1,Excellent,Placed
STU103326,20,Female,BSc Computer Science,4,81.4,5.3,83.4,70.1,1,5.4,4.1,77.3,39.0,1,1,3,1,1,86.7,2,No,8.38,83.5,Excellent,Not Placed
STU103327,18,Male,BSc Data Science,3,77.2,3.1,84.5,59.2,0,4.0,9.3,62.0,67.5,1,1,2,2,0,80.3,0,Yes,7.55,74.0,Good,Not Placed
STU103328,19,Male,BSc Computer Science,3,87.4,2.5,97.9,71.0,2,3.4,,57.0,71.8,1,1,0,3,0,59.3,2,Yes,7.75,78.4,Good,Not Placed
STU103329,22,Male,BCA,3,68.9,2.9,76.6,70.7,0,6.0,3.2,42.3,53.0,2,1,2,1,1,69.8,2,Yes,6.48,66.4,Good,Not Placed
STU103330,23,Male,BSc Data Science,2,74.8,7.5,88.1,82.8,0,8.3,7.3,79.1,73.3,4,1,1,2,3,79.5,2,No,8.94,92.0,Excellent,Placed
STU103331,24,Male,BSc Computer Science,4,95.5,2.6,75.0,68.5,1,6.2,6.2,64.4,65.7,2,1,2,2,0,87.8,1,Yes,7.74,78.1,Good,Placed
STU103332,20,Female,BSc Computer Science,3,74.6,3.2,100.0,60.2,1,6.1,8.1,53.7,56.0,3,0,3,1,0,93.7,0,Yes,7.33,74.3,Good,Not Placed
STU103333,20,Male,BSc Data Science,4,80.2,3.8,83.4,50.7,0,6.4,4.1,61.2,60.3,2,1,2,0,1,70.2,1,No,8.19,78.0,Good,Not Placed
STU103334,19,Female,BSc Data Science,4,71.4,4.3,79.7,85.8,1,4.8,7.1,62.6,63.3,3,0,2,0,2,95.1,1,Yes,7.42,75.7,Good,Not Placed
STU103335,18,Female,BCA,4,75.7,3.7,73.3,69.9,2,5.7,9.7,52.8,20.0,3,0,4,0,2,85.1,1,No,7.92,78.2,Good,Not Placed
STU103336,22,Male,BCA,2,82.8,6.2,92.0,75.9,0,8.8,5.7,53.1,62.3,2,0,1,0,0,98.2,3,Yes,9.17,94.0,Excellent,Not Placed
STU103337,18,Female,BSc Data Science,2,84.6,3.9,83.4,65.8,0,9.2,,70.5,79.9,1,0,3,1,1,96.5,0,No,9.43,92.9,Excellent,Placed
STU103338,21,Male,BCA,3,79.2,3.3,84.2,64.8,2,8.4,7.8,55.9,59.3,1,2,2,0,6,96.2,1,Yes,7.66,75.1,Good,Placed
STU103339,21,Male,BSc Computer Science,2,75.4,4.9,70.4,70.9,1,7.9,6.4,55.0,80.9,0,1,0,0,2,77.8,1,Yes,7.59,78.1,Good,Not Placed
STU103340,23,Male,BSc Computer Science,4,79.3,2.2,73.4,62.0,0,9.3,9.5,60.6,44.0,3,0,2,0,3,89.9,2,Yes,6.91,70.1,Good,Not Placed
STU103341,19,Male,BSc Data Science,4,70.6,4.3,62.6,67.6,0,4.5,6.8,36.9,39.1,5,0,2,1,3,81.9,2,Yes,6.77,67.2,Good,Not Placed
STU103342,19,Male,BSc Data Science,3,75.8,2.9,76.4,80.6,0,10.0,5.9,46.2,41.4,0,3,0,2,1,78.0,3,Yes,7.82,77.8,Good,Not Placed
STU103343,19,Male,BCA,3,81.3,5.4,76.7,80.4,0,2.8,6.9,53.6,68.0,2,0,4,1,0,74.7,2,Yes,7.44,75.9,Good,Not Placed
STU103344,23,Male,BSc Computer Science,2,87.9,5.5,67.2,66.0,1,5.9,3.0,90.3,71.5,0,0,2,1,0,68.0,0,No,7.61,75.4,Good,Not Placed
STU103345,21,Male,BBA,3,68.9,3.2,81.2,69.2,1,1.0,3.8,80.6,44.3,3,0,1,1,1,51.7,1,Yes,6.49,64.6,Average,Not Placed
STU103346,18,Male,BTech CSE,4,76.2,2.2,78.2,48.9,0,7.9,6.7,68.4,67.4,3,0,2,2,0,85.1,4,Yes,6.98,70.3,Good,Placed
STU103347,23,Male,BTech CSE,3,67.9,0.7,74.0,52.0,0,4.4,7.7,79.9,60.3,2,1,4,1,1,79.8,1,Yes,5.65,58.7,Average,Not Placed
STU103348,23,Male,BTech CSE,2,73.6,3.8,72.6,65.8,0,4.6,5.0,80.1,59.4,2,1,1,1,2,66.8,0,Yes,6.35,65.7,Good,Not Placed
STU103349,18,Male,BSc Data Science,3,88.0,0.5,83.8,72.5,0,,3.9,46.8,56.3,3,2,2,0,2,83.9,0,Yes,7.62,78.6,Good,Not Placed
STU103350,19,Other,BCA,4,72.6,3.4,73.4,56.8,0,6.1,5.8,48.0,67.5,2,1,2,1,2,81.7,2,Yes,7.0,72.3,Good,Not Placed
STU103351,22,Male,BSc Computer Science,3,77.0,2.7,100.0,80.4,3,7.6,6.5,58.5,29.4,2,2,0,1,0,78.5,0,No,7.12,71.6,Good,Not Placed
STU103352,18,Female,BCA,4,65.6,4.3,80.0,82.2,1,5.7,9.9,65.2,33.2,2,0,2,0,0,79.7,3,Yes,8.38,85.3,Excellent,Placed
STU103353,21,Male,BSc Computer Science,4,72.4,3.5,92.1,61.9,0,4.8,7.5,45.7,61.5,2,0,2,1,2,77.0,0,Yes,7.32,75.0,Good,Placed
STU103354,20,Female,BTech CSE,3,62.5,2.7,69.4,61.4,1,8.1,7.8,75.8,76.2,1,0,0,1,2,96.6,3,Yes,7.24,71.8,Good,Not Placed
STU103355,20,Male,BTech CSE,2,80.8,4.8,80.2,76.9,0,6.8,9.4,71.7,68.9,2,0,3,3,1,82.5,1,Yes,8.19,81.8,Excellent,Placed
STU103356,24,Female,BSc Data Science,3,81.7,1.9,71.5,92.0,1,6.9,10.0,82.5,78.4,1,0,1,0,0,91.5,2,Yes,7.28,69.6,Good,Placed
STU103357,24,Female,BSc Computer Science,3,81.4,4.3,86.7,67.0,0,5.4,8.2,58.3,74.2,1,0,1,2,1,69.1,1,No,8.14,80.5,Excellent,Not Placed
STU103358,23,Male,BSc Computer Science,4,82.0,6.6,81.3,83.2,1,6.2,8.2,54.1,27.1,5,1,3,2,1,95.0,2,No,9.06,93.5,Excellent,Not Placed
STU103359,20,Female,BTech CSE,3,81.4,4.9,100.0,71.7,1,5.4,5.6,98.4,49.4,3,2,3,2,0,81.8,4,Yes,8.8,88.9,Excellent,Not Placed
STU103360,22,Female,BTech CSE,2,62.7,2.9,77.8,72.7,0,7.9,6.3,57.7,96.8,2,0,1,1,0,80.4,2,No,7.12,71.9,Good,Not Placed
STU103361,19,Male,BBA,3,70.1,2.0,62.6,69.7,1,6.6,5.7,58.0,57.3,4,3,2,0,2,75.0,5,No,6.32,63.9,Average,Not Placed
STU103362,21,Female,BCA,2,55.6,4.9,81.3,83.2,1,7.6,7.9,58.9,87.2,0,3,1,0,0,87.2,2,No,7.72,74.4,Good,Not Placed
STU103363,24,Female,BSc Data Science,3,73.4,1.7,84.2,95.8,0,5.9,7.6,78.6,27.2,2,1,1,0,2,82.0,3,Yes,7.59,77.9,Good,Not Placed
STU103364,22,Male,BCA,3,69.3,3.5,75.1,82.3,0,9.7,8.8,78.8,46.1,1,1,0,0,2,94.4,0,No,8.88,86.1,Excellent,Not Placed
STU103365,21,Male,BCA,2,77.6,4.6,73.7,57.8,0,6.4,8.4,63.1,62.1,1,1,1,1,1,74.2,1,Yes,7.84,77.1,Good,Not Placed
STU103366,21,Female,BBA,3,100.0,2.0,68.8,68.9,0,7.1,6.2,83.2,75.5,2,1,4,0,1,86.0,1,No,7.0,70.7,Good,Not Placed
STU103367,19,Female,BBA,3,85.8,1.9,87.3,48.6,0,7.5,7.5,100.0,42.1,5,0,1,0,3,82.2,1,No,8.0,80.6,Excellent,Not Placed
STU103368,23,Female,BCA,3,93.3,1.5,88.5,96.7,2,5.0,9.8,58.8,64.2,1,1,0,1,2,78.2,5,Yes,8.81,86.9,Excellent,Not Placed
STU103369,20,Female,BCA,2,86.2,5.9,100.0,76.2,0,5.9,6.6,41.7,63.8,1,2,3,1,2,76.7,1,Yes,9.03,89.1,Excellent,Not Placed
STU103370,19,Male,BCA,4,77.0,6.0,80.2,62.4,1,7.5,7.0,64.8,77.3,2,1,2,1,2,86.0,4,Yes,8.67,85.2,Excellent,Not Placed
STU103371,22,Female,BTech CSE,2,77.9,6.0,83.7,75.1,0,3.7,6.4,72.3,62.8,1,0,0,0,3,57.9,1,No,7.44,77.3,Good,Not Placed
STU103372,23,Male,BSc Data Science,2,86.6,6.2,79.3,94.6,0,7.3,7.1,73.2,47.8,1,1,1,0,2,71.0,2,No,9.03,91.2,Excellent,Not Placed
STU103373,22,Male,BCA,3,80.5,2.6,100.0,62.0,1,4.0,7.3,55.3,65.1,3,0,1,0,0,71.2,3,Yes,6.75,70.1,Good,Not Placed
STU103374,23,Female,BCA,2,75.1,0.8,88.8,65.2,0,3.8,8.4,64.4,88.4,3,1,5,2,1,96.3,2,Yes,5.69,57.4,Average,Not Placed
STU103375,24,Female,BSc Data Science,3,92.3,6.1,82.0,57.9,2,4.5,5.9,74.1,51.5,1,1,2,0,1,67.7,1,No,8.18,82.2,Excellent,Not Placed
STU103376,22,Male,BBA,4,82.4,4.9,100.0,78.8,0,7.3,7.2,54.6,64.1,3,0,1,1,2,90.5,1,Yes,8.6,87.6,Excellent,Not Placed
STU103377,19,Female,BSc Data Science,3,63.7,4.8,81.3,70.3,1,10.0,4.8,76.4,49.7,2,1,3,1,0,91.9,4,No,8.4,83.5,Excellent,Placed
STU103378,23,Male,BSc Data Science,3,76.2,1.9,100.0,46.1,1,4.2,4.9,50.6,86.8,2,2,1,0,3,64.4,3,No,6.66,67.9,Good,Not Placed
STU103379,23,Male,BCA,3,78.5,3.6,100.0,76.0,1,6.6,8.4,77.9,54.1,4,0,2,1,2,92.7,0,No,8.7,86.1,Excellent,Placed
STU103380,21,Female,BSc Computer Science,2,74.0,3.7,81.8,83.4,0,8.3,4.5,63.7,81.3,3,0,2,1,0,87.9,2,No,9.19,90.1,Excellent,Not Placed
STU103381,21,Male,BTech CSE,3,74.1,3.4,87.6,65.6,0,7.4,7.6,96.2,73.0,1,1,3,0,1,82.6,6,No,8.83,85.0,Excellent,Placed
STU103382,18,Male,BCA,3,73.8,2.2,83.4,71.5,0,5.3,5.4,63.0,33.2,3,0,2,1,2,71.2,1,No,7.29,69.6,Good,Not Placed
STU103383,22,Male,BSc Data Science,4,60.2,0.6,90.3,69.6,1,7.7,4.8,80.1,74.4,0,1,1,1,3,71.6,0,No,7.12,69.5,Good,Not Placed
STU103384,21,Female,BTech CSE,2,58.4,2.4,,80.2,1,5.6,7.5,66.9,54.4,1,1,1,0,0,78.6,1,Yes,7.4,74.9,Good,Not Placed
STU103385,18,Male,BCA,3,71.5,0.5,100.0,52.1,0,6.3,10.0,82.7,63.9,3,0,2,0,4,81.0,4,Yes,6.36,64.7,Average,Placed
STU103386,24,Male,BSc Computer Science,4,74.0,2.9,74.8,64.1,2,4.9,7.5,87.4,49.0,1,1,1,1,1,80.7,0,No,6.11,59.3,Average,Not Placed
STU103387,24,Male,BSc Data Science,4,64.6,2.6,84.8,68.3,0,8.4,6.1,70.0,100.0,1,0,1,0,2,70.4,0,Yes,6.8,67.2,Good,Not Placed
STU103388,21,Male,BSc Data Science,4,67.8,1.7,86.0,81.2,0,7.0,5.8,68.4,71.0,1,0,4,1,0,75.1,4,Yes,7.34,71.6,Good,Not Placed
STU103389,22,Male,BSc Computer Science,3,75.5,4.1,78.5,72.0,0,6.0,5.4,83.4,80.5,2,0,2,1,0,78.1,3,Yes,7.76,75.0,Good,Not Placed
STU103390,23,Male,BTech CSE,3,88.3,3.0,67.8,56.3,0,7.1,6.5,79.2,59.0,2,1,3,1,4,88.1,1,Yes,7.22,72.0,Good,Not Placed
STU103391,20,Male,BSc Computer Science,4,87.7,3.1,84.7,65.1,1,6.7,8.2,44.3,62.7,1,1,1,1,2,85.3,4,No,8.6,85.0,Excellent,Not Placed
STU103392,22,Female,BCA,3,88.0,5.6,84.7,87.1,0,7.1,7.0,82.0,34.2,0,1,4,2,3,84.4,2,Yes,8.36,82.4,Excellent,Not Placed
STU103393,19,Male,BSc Computer Science,2,67.9,3.0,78.4,56.1,3,7.9,6.5,93.8,70.0,5,1,1,0,1,90.7,0,Yes,6.77,66.4,Good,Not Placed
STU103394,24,Male,BSc Computer Science,4,75.8,4.2,78.8,84.3,0,7.1,4.2,84.8,43.8,2,0,3,2,2,80.7,2,Yes,8.64,86.7,Excellent,Not Placed
STU103395,21,Male,BSc Computer Science,3,90.4,1.9,83.7,83.2,1,5.0,4.7,62.0,55.1,1,0,6,0,1,81.0,2,No,7.4,76.0,Good,Not Placed
STU103396,21,Male,BTech CSE,4,60.4,3.9,95.7,86.6,1,3.4,5.1,45.3,53.4,0,1,0,1,4,59.2,2,Yes,7.34,74.6,Good,Not Placed
STU103397,23,Female,BCA,4,73.4,3.3,94.9,85.2,1,7.9,6.2,55.1,37.9,3,0,1,0,0,92.9,1,No,8.7,86.8,Excellent,Not Placed
STU103398,19,Male,BSc Computer Science,4,80.2,3.6,87.3,88.4,0,5.5,6.7,78.4,57.4,4,2,3,1,1,96.9,4,Yes,7.99,78.0,Good,Placed
STU103399,23,Male,BSc Computer Science,2,60.9,1.7,,50.5,0,8.5,9.5,42.2,77.9,4,1,1,0,3,100.0,1,Yes,6.03,60.7,Average,Not Placed
STU103400,19,Female,BSc Data Science,3,82.3,1.8,78.3,87.7,1,3.9,7.2,85.4,42.6,1,1,0,1,2,67.9,1,Yes,7.12,72.2,Good,Not Placed
STU103401,20,Male,BTech CSE,4,93.5,3.0,79.3,77.9,0,4.8,6.2,92.8,71.6,4,1,1,0,5,81.7,1,No,9.11,89.9,Excellent,Not Placed
STU103402,24,Male,BCA,4,90.2,5.5,77.0,65.1,1,6.3,8.1,73.4,64.8,2,1,5,2,3,88.0,4,Yes,9.0,90.0,Excellent,Placed
STU103403,21,Male,BSc Data Science,3,76.2,1.3,69.9,57.8,2,6.7,8.3,82.0,63.2,0,0,3,0,0,100.0,1,No,7.18,72.0,Good,Not Placed
STU103404,21,Male,BBA,2,86.1,6.0,73.4,72.4,0,8.2,7.0,63.3,31.7,2,0,2,1,2,83.9,1,No,8.71,88.2,Excellent,Placed
STU103405,20,Male,BSc Data Science,4,60.8,2.4,88.6,100.0,0,8.4,6.5,66.4,53.8,4,0,1,1,1,87.0,5,No,8.18,81.6,Excellent,Not Placed
STU103406,18,Male,BSc Data Science,3,80.8,3.6,74.9,78.3,2,6.4,9.1,65.5,92.7,1,1,3,2,1,96.1,0,Yes,7.85,76.8,Good,Placed
STU103407,24,Female,BSc Computer Science,3,75.0,5.0,82.4,66.2,0,7.9,7.1,61.8,53.2,3,1,3,2,0,85.8,1,Yes,8.07,82.1,Excellent,Not Placed
STU103408,23,Female,BBA,3,76.5,3.0,82.0,100.0,0,3.2,4.8,76.0,72.3,1,1,2,3,1,62.0,0,Yes,7.36,73.5,Good,Not Placed
STU103409,20,Male,BBA,3,79.0,3.1,87.0,79.7,0,5.9,6.2,85.1,55.9,2,1,4,1,2,82.8,3,Yes,7.98,80.3,Excellent,Not Placed
STU103410,23,Male,BSc Computer Science,4,81.9,5.7,74.7,80.1,2,8.0,7.4,58.3,43.4,1,2,1,0,0,82.9,1,Yes,8.12,80.4,Excellent,Not Placed
STU103411,22,Male,BCA,3,63.5,5.1,45.6,75.5,1,6.6,6.2,66.6,54.2,3,0,2,0,0,91.0,1,Yes,6.54,63.7,Average,Not Placed
STU103412,21,Male,BBA,3,68.2,4.6,75.2,78.2,1,,7.7,70.9,86.3,2,0,2,0,1,95.4,3,Yes,8.98,89.6,Excellent,Placed
STU103413,23,Male,BSc Computer Science,2,75.4,3.3,71.8,42.4,1,4.8,4.4,64.2,83.5,2,2,0,1,1,62.1,0,Yes,6.1,63.2,Average,Not Placed
STU103414,19,Female,BSc Data Science,3,60.2,3.4,58.9,73.8,1,8.1,8.2,67.1,42.6,2,0,0,2,2,85.1,1,Yes,7.09,68.8,Good,Not Placed
STU103415,23,Female,BTech CSE,3,79.4,1.9,75.9,81.6,1,5.6,6.2,55.7,54.5,2,1,2,2,2,77.3,2,Yes,7.32,73.8,Good,Not Placed
STU103416,22,Other,BSc Data Science,4,86.3,3.1,74.5,91.0,0,7.4,5.9,68.1,44.8,0,1,2,0,3,70.0,1,No,7.78,81.0,Excellent,Not Placed
STU103417,24,Female,BCA,3,91.9,3.6,81.7,99.5,2,4.9,8.1,70.1,56.5,4,2,2,1,3,77.0,3,Yes,8.69,85.7,Excellent,Placed
STU103418,21,Male,BTech CSE,3,79.0,3.4,87.8,85.3,0,6.8,6.7,64.6,74.3,4,0,4,1,0,97.5,5,Yes,9.03,89.9,Excellent,Placed
STU103419,20,Male,BSc Computer Science,3,96.9,3.9,100.0,74.5,0,8.1,5.9,75.3,68.2,2,0,2,1,1,79.6,4,Yes,8.67,86.7,Excellent,Not Placed
STU103420,22,Male,BSc Data Science,3,77.6,5.2,83.0,72.8,0,7.9,6.6,65.4,85.2,0,1,0,1,1,77.7,3,Yes,7.66,80.5,Excellent,Not Placed
STU103421,21,Male,BCA,3,65.4,1.2,82.3,63.6,2,6.7,6.6,54.1,100.0,1,1,1,0,2,73.1,1,Yes,6.8,68.3,Good,Not Placed
STU103422,23,Female,BSc Computer Science,3,77.4,2.6,100.0,78.6,1,8.0,6.0,82.6,68.9,4,2,1,1,4,74.3,2,No,8.43,85.9,Excellent,Not Placed
STU103423,24,Male,BCA,3,75.9,5.2,68.0,95.8,0,7.7,7.3,79.3,79.5,4,0,3,1,0,79.1,2,No,8.89,89.3,Excellent,Placed
STU103424,18,Female,BSc Data Science,3,83.2,7.2,68.8,67.6,0,6.0,6.7,73.6,97.7,1,0,2,2,0,75.7,5,No,8.82,88.0,Excellent,Placed
STU103425,24,Male,BSc Computer Science,2,80.7,1.9,88.6,74.2,2,6.8,8.1,93.6,49.5,0,0,2,3,1,82.8,2,No,7.29,71.7,Good,Not Placed
STU103426,18,Female,BTech CSE,4,80.0,2.6,96.5,63.5,0,8.1,4.2,41.5,87.0,0,2,2,0,1,81.6,1,Yes,6.88,69.2,Good,Not Placed
STU103427,19,Female,BSc Computer Science,4,87.7,1.5,97.8,84.5,1,9.9,6.9,61.4,55.9,1,1,2,3,1,85.4,1,Yes,9.07,90.7,Excellent,Placed
STU103428,24,Female,BTech CSE,3,73.7,0.5,62.1,87.0,0,7.5,8.9,49.0,75.1,5,0,4,0,2,100.0,1,Yes,7.72,74.3,Good,Placed
STU103429,21,Female,BTech CSE,3,83.4,3.9,62.5,63.7,0,4.4,6.0,94.1,52.2,2,0,2,1,1,65.5,2,No,7.81,78.0,Good,Not Placed
STU103430,18,Male,BTech CSE,4,80.8,4.4,80.7,79.0,0,7.2,6.5,85.8,89.0,3,1,1,0,2,87.9,3,Yes,8.07,81.7,Excellent,Not Placed
STU103431,20,Female,BCA,3,79.1,3.1,89.8,40.4,1,9.8,9.0,71.1,71.9,1,1,3,0,1,99.8,1,Yes,8.07,79.5,Good,Placed
STU103432,21,Female,BTech CSE,4,77.3,3.1,77.8,68.7,0,5.3,3.1,71.0,63.4,3,1,4,1,1,69.6,4,No,7.89,79.1,Good,Not Placed
STU103433,20,Female,BSc Data Science,2,65.3,3.3,69.1,87.4,0,4.1,9.3,52.2,64.6,3,1,1,0,0,76.7,0,Yes,7.57,74.6,Good,Not Placed
STU103434,24,Female,BCA,3,75.5,2.6,68.0,66.4,1,7.4,7.6,70.6,100.0,2,0,1,1,1,86.2,1,No,5.85,60.6,Average,Not Placed
STU103435,20,Female,BCA,4,76.1,3.4,93.4,56.4,1,6.6,6.8,51.2,64.1,3,2,2,0,2,86.9,3,No,8.35,81.7,Excellent,Not Placed
STU103436,18,Female,BTech CSE,3,70.8,5.6,93.7,80.3,0,6.7,8.3,92.3,38.6,3,0,4,0,3,100.0,0,Yes,8.52,86.2,Excellent,Not Placed
STU103437,21,Female,BCA,3,64.4,2.3,88.9,70.7,0,6.1,6.3,77.3,56.9,2,1,5,1,1,95.1,1,Yes,7.22,72.2,Good,Not Placed
STU103438,23,Female,BCA,4,72.4,3.1,81.4,74.4,0,5.5,5.1,86.4,81.3,3,0,1,1,0,81.9,1,Yes,8.14,79.6,Good,Placed
STU103439,22,Male,BTech CSE,4,73.3,3.3,72.5,76.1,0,5.2,6.2,52.4,94.9,6,0,0,1,1,74.2,5,No,7.96,78.3,Good,Not Placed
STU103440,18,Male,BTech CSE,3,64.6,2.6,61.0,82.9,1,7.0,6.2,72.3,76.2,1,0,0,1,3,66.9,1,Yes,8.81,87.5,Excellent,Not Placed
STU103441,18,Male,BSc Computer Science,3,,3.6,65.5,85.0,0,7.8,6.1,51.7,40.0,0,0,3,0,2,76.2,1,Yes,7.55,75.2,Good,Not Placed
STU103442,23,Male,BCA,3,57.1,0.5,59.6,76.6,0,5.9,7.2,58.0,53.6,0,1,3,0,2,76.6,2,No,6.21,66.9,Good,Not Placed
STU103443,21,Male,BCA,4,81.0,4.4,78.7,86.1,1,8.9,6.9,87.8,58.1,2,2,2,0,3,82.3,1,Yes,9.38,97.7,Excellent,Placed
STU103444,21,Male,BSc Computer Science,4,87.8,2.0,87.1,71.8,0,6.6,7.1,66.1,69.6,2,0,2,0,4,75.6,3,Yes,6.93,69.1,Good,Not Placed
STU103445,24,Female,BCA,4,78.2,2.2,82.7,75.8,0,7.9,9.1,61.9,65.4,3,2,2,1,4,85.9,3,Yes,7.18,75.4,Good,Not Placed
STU103446,20,Male,BSc Computer Science,4,74.0,3.2,97.6,72.4,0,5.7,6.3,74.1,80.2,0,3,1,1,4,77.2,3,Yes,8.81,83.5,Excellent,Placed
STU103447,24,Male,BCA,2,64.1,1.4,84.0,57.9,0,6.8,9.1,95.0,53.3,1,0,3,0,1,90.4,3,No,5.71,58.3,Average,Not Placed
STU103448,23,Female,BBA,4,56.0,5.5,63.9,89.9,0,7.1,8.8,75.5,63.8,0,1,2,1,2,83.4,1,No,8.81,88.0,Excellent,Not Placed
STU103449,24,Female,BSc Computer Science,4,77.7,2.3,80.5,72.7,0,6.3,3.5,79.5,54.5,1,0,3,0,1,62.9,3,Yes,6.77,68.9,Good,Not Placed
STU103450,23,Female,BCA,4,84.2,7.4,80.8,91.2,0,4.4,4.9,65.1,69.5,2,2,2,0,2,76.5,4,Yes,8.71,86.9,Excellent,Not Placed
STU103451,21,Other,BTech CSE,2,69.7,4.4,87.5,77.6,0,8.8,4.8,65.8,52.3,2,1,2,0,2,73.4,1,No,7.99,80.6,Excellent,Not Placed
STU103452,20,Female,BCA,4,88.6,2.6,91.3,77.1,3,6.3,9.3,36.6,71.2,2,1,4,0,3,95.9,1,No,8.38,83.7,Excellent,Not Placed
STU103453,24,Male,BSc Data Science,2,71.1,3.0,87.2,83.4,1,2.9,6.7,46.1,75.9,0,0,2,1,0,62.2,1,Yes,6.69,67.6,Good,Not Placed
STU103454,18,Female,BTech CSE,3,88.8,3.7,76.6,75.6,0,5.6,6.1,94.2,73.7,2,2,5,1,1,75.0,0,Yes,8.01,81.0,Excellent,Placed
STU103455,19,Female,BSc Data Science,3,70.2,6.0,97.2,64.6,0,9.4,,75.4,57.7,2,0,2,0,1,81.9,2,No,8.76,88.9,Excellent,Not Placed
STU103456,22,Male,BSc Data Science,3,51.4,4.9,91.2,70.4,0,8.7,8.4,77.6,86.6,2,1,1,0,3,81.1,2,No,7.95,80.1,Excellent,Placed
STU103457,18,Male,BSc Data Science,3,84.3,4.8,53.5,86.1,2,7.0,6.2,62.4,68.2,3,0,2,0,1,81.6,1,Yes,9.14,89.9,Excellent,Placed
STU103458,21,Female,BCA,4,68.8,3.0,90.4,80.7,1,8.0,3.4,69.0,81.4,1,1,2,0,4,82.5,1,Yes,8.55,82.5,Excellent,Placed
STU103459,22,Male,BCA,3,,2.6,72.3,61.8,1,9.0,9.5,76.2,97.7,1,0,1,0,3,86.4,3,Yes,6.54,65.8,Good,Placed
STU103460,19,Female,BTech CSE,2,82.8,4.5,62.7,75.7,2,6.7,6.7,87.2,91.9,4,1,3,1,1,81.9,4,Yes,7.82,77.1,Good,Not Placed
STU103461,19,Male,BSc Computer Science,2,69.1,5.5,84.8,60.3,1,8.4,8.7,84.5,59.3,0,1,2,1,0,89.7,3,Yes,8.22,83.1,Excellent,Not Placed
STU103462,20,Female,BSc Data Science,4,63.9,3.3,100.0,73.2,1,5.1,6.8,67.1,84.4,3,0,0,0,2,53.6,1,Yes,7.63,75.8,Good,Not Placed
STU103463,22,Male,BSc Data Science,2,91.1,2.5,81.4,84.2,0,4.6,6.0,79.4,100.0,0,0,1,0,1,72.4,3,No,8.26,81.8,Excellent,Placed
STU103464,20,Male,BBA,2,76.0,2.0,78.8,64.8,0,6.5,6.8,69.5,97.3,2,2,0,1,2,78.4,1,No,7.88,77.5,Good,Not Placed
STU103465,18,Male,BBA,3,63.6,1.0,83.1,70.9,0,7.8,7.5,74.6,46.1,1,1,1,0,0,86.4,0,Yes,6.93,68.7,Good,Not Placed
STU103466,23,Female,BSc Computer Science,3,73.4,2.8,100.0,60.8,0,8.8,5.7,84.0,57.9,3,1,8,1,4,96.4,3,Yes,7.82,79.2,Good,Placed
STU103467,23,Female,BTech CSE,4,99.3,3.1,79.1,79.3,1,6.3,3.9,79.8,80.7,4,1,4,0,3,73.7,0,No,8.61,85.2,Excellent,Not Placed
STU103468,23,Female,BTech CSE,4,79.1,3.5,92.8,73.8,0,5.0,,61.8,83.5,3,1,2,0,2,80.1,0,No,8.39,81.3,Excellent,Not Placed
STU103469,22,Male,BSc Data Science,4,71.6,4.3,77.6,64.3,1,10.0,6.9,77.2,75.1,2,0,1,2,1,92.4,0,Yes,8.72,86.4,Excellent,Placed
STU103470,23,Female,BCA,3,83.0,2.8,75.6,77.1,0,6.2,7.4,95.8,69.4,3,0,2,0,2,78.2,0,Yes,7.1,73.7,Good,Placed
STU103471,18,Male,BCA,3,73.5,6.2,97.5,71.7,0,4.7,6.5,47.2,90.3,1,0,2,2,1,72.1,2,Yes,7.92,80.4,Excellent,Not Placed
STU103472,20,Male,BTech CSE,3,72.9,1.8,69.9,78.0,1,7.5,5.2,68.0,60.8,3,4,6,1,3,80.9,5,No,6.78,66.7,Good,Placed
STU103473,22,Male,BTech CSE,3,71.4,4.5,90.2,60.9,0,10.0,6.0,54.0,72.6,0,0,0,0,1,91.7,2,Yes,9.0,90.8,Excellent,Not Placed
STU103474,20,Female,BTech CSE,2,86.5,1.7,78.2,68.1,0,6.7,6.9,69.9,67.9,3,3,1,1,3,76.9,0,Yes,6.73,68.1,Good,Not Placed
STU103475,22,Male,BCA,3,79.9,2.2,73.7,73.6,2,6.6,7.3,78.6,48.9,2,1,4,0,1,77.0,2,No,7.11,68.5,Good,Not Placed
STU103476,20,Male,BSc Computer Science,2,92.2,3.9,77.4,80.3,1,7.9,6.7,59.4,73.5,1,2,1,1,2,83.8,1,Yes,9.17,88.6,Excellent,Placed
STU103477,19,Female,BTech CSE,4,81.1,5.1,57.2,60.3,0,8.2,5.7,55.0,52.8,4,2,2,1,2,92.5,0,Yes,7.32,75.8,Good,Placed
STU103478,20,Female,BTech CSE,4,93.3,3.1,70.4,73.4,0,4.4,9.0,89.9,85.9,3,1,0,1,1,84.4,4,Yes,7.74,79.6,Good,Not Placed
STU103479,23,Male,BCA,2,84.5,3.6,83.5,83.9,1,9.2,5.4,73.9,51.2,0,1,2,1,1,76.8,2,No,8.73,85.3,Excellent,Placed
STU103480,19,Male,BTech CSE,3,75.4,5.4,79.3,72.7,1,6.3,5.2,82.7,49.7,3,0,4,2,1,83.8,1,Yes,7.79,79.3,Good,Not Placed
STU103481,20,Male,BCA,4,76.6,1.7,71.6,68.2,1,6.6,6.2,80.3,62.0,0,1,3,1,2,73.7,2,No,6.9,70.8,Good,Not Placed
STU103482,22,Male,BTech CSE,3,96.3,4.7,98.3,65.5,1,4.5,8.7,55.7,85.5,0,4,3,0,0,82.0,6,No,8.0,80.7,Excellent,Not Placed
STU103483,22,Female,BSc Computer Science,4,91.0,2.5,71.1,65.7,0,5.9,7.9,82.4,60.5,2,1,2,1,0,81.3,0,Yes,7.51,75.0,Good,Not Placed
STU103484,22,Male,BCA,3,93.5,3.9,97.8,74.7,0,9.1,6.7,60.4,64.7,2,0,2,1,1,99.6,2,Yes,9.96,100.0,Excellent,Placed
STU103485,21,Female,BTech CSE,4,67.9,4.3,83.6,48.2,0,8.6,5.1,58.2,74.2,2,0,3,1,1,85.6,0,Yes,7.11,68.7,Good,Not Placed
STU103486,18,Female,BCA,4,59.2,1.7,79.1,65.4,1,7.3,5.4,82.4,59.5,3,0,5,0,1,95.1,3,No,6.35,62.8,Average,Not Placed
STU103487,22,Male,BTech CSE,2,69.6,2.4,83.0,77.0,0,2.1,6.4,48.0,22.2,4,2,2,0,0,72.8,2,Yes,7.74,77.4,Good,Not Placed
STU103488,19,Female,BCA,3,79.7,4.5,85.2,80.9,0,5.2,6.1,52.5,64.0,1,0,6,1,1,72.6,2,Yes,7.95,77.1,Good,Not Placed
STU103489,22,Male,BTech CSE,3,71.5,3.1,71.5,60.8,1,7.3,6.0,61.4,61.7,1,1,2,0,0,74.7,0,Yes,7.03,64.9,Average,Not Placed
STU103490,21,Male,BBA,4,78.3,2.4,71.8,64.5,0,5.7,9.0,44.6,58.3,1,0,4,1,2,80.9,7,Yes,6.45,66.3,Good,Not Placed
STU103491,23,Male,BSc Data Science,2,73.5,3.8,79.8,72.9,3,7.7,10.0,69.0,63.9,2,0,0,1,1,86.8,2,Yes,8.42,81.4,Excellent,Placed
STU103492,19,Male,BSc Computer Science,3,60.4,1.9,86.8,79.5,0,7.9,5.6,60.6,63.8,2,1,2,1,0,82.8,1,Yes,7.21,74.5,Good,Not Placed
STU103493,21,Male,BSc Computer Science,3,82.3,1.7,89.3,67.6,2,9.0,7.9,71.7,56.6,7,0,4,1,2,100.0,3,Yes,8.2,81.9,Excellent,Placed
STU103494,23,Male,BCA,4,78.3,0.5,95.7,70.5,1,3.3,8.3,94.4,61.9,2,3,2,0,2,63.0,2,Yes,5.63,56.2,Average,Not Placed
STU103495,24,Female,BSc Computer Science,4,91.3,4.0,68.5,76.1,2,5.8,6.0,51.0,74.1,0,1,3,2,0,86.3,2,Yes,7.12,70.3,Good,Not Placed
STU103496,24,Female,BTech CSE,3,79.6,3.5,85.9,58.2,1,5.1,5.5,48.4,85.7,2,2,3,2,2,74.7,2,Yes,6.7,64.0,Average,Not Placed
STU103497,19,Female,BBA,2,85.8,4.3,81.9,91.5,1,5.5,5.3,61.7,55.9,1,0,0,0,2,74.5,2,No,8.36,82.8,Excellent,Not Placed
STU103498,20,Male,BTech CSE,2,69.8,5.3,76.1,73.0,1,6.4,7.7,56.2,83.0,3,0,1,1,2,77.3,1,No,6.87,69.3,Good,Not Placed
STU103499,18,Female,BSc Computer Science,3,81.5,3.1,100.0,67.8,0,6.9,7.7,67.9,72.2,1,0,5,1,2,84.2,1,Yes,8.24,84.1,Excellent,Not Placed
STU103500,18,Female,BTech CSE,3,86.1,3.4,86.8,85.7,0,7.7,8.6,90.7,42.7,2,0,1,0,2,87.1,4,Yes,8.62,87.9,Excellent,Not Placed
STU103501,21,Female,BTech CSE,3,83.6,4.0,97.7,73.5,2,5.1,10.0,93.1,73.2,3,1,3,0,2,76.9,1,Yes,6.22,61.2,Average,Placed
STU103502,23,Female,BSc Computer Science,4,75.7,2.6,45.0,69.9,0,5.9,7.7,60.8,70.1,2,1,4,1,1,97.4,1,Yes,6.68,70.9,Good,Placed
STU103503,18,Female,BCA,3,,1.3,93.5,76.5,0,6.7,7.0,54.9,74.8,4,0,2,1,1,97.0,1,Yes,7.72,72.4,Good,Placed
STU103504,23,Male,BSc Data Science,4,84.2,1.8,87.9,72.5,0,6.6,5.3,55.2,55.1,1,2,3,0,2,68.2,1,Yes,7.83,78.6,Good,Not Placed
STU103505,23,Female,BTech CSE,2,90.0,3.4,89.7,64.6,0,5.5,8.0,72.9,44.1,2,0,3,1,1,88.3,0,Yes,8.42,84.8,Excellent,Placed
STU103506,21,Male,BSc Computer Science,2,72.4,5.0,78.8,84.8,0,5.4,2.1,67.5,36.0,1,0,2,0,2,54.8,2,No,8.36,83.3,Excellent,Not Placed
STU103507,21,Other,BTech CSE,3,66.8,5.9,100.0,54.0,1,6.2,6.2,69.1,69.5,1,1,1,1,1,74.6,4,No,6.99,73.1,Good,Not Placed
STU103508,21,Male,BCA,3,69.7,3.1,79.8,67.1,1,3.8,3.5,60.5,79.2,2,1,2,0,2,65.7,0,No,6.5,66.1,Good,Not Placed
STU103509,18,Male,BBA,3,79.5,3.8,81.8,94.3,0,4.2,6.3,70.3,74.1,0,1,3,0,1,84.6,2,Yes,8.28,82.9,Excellent,Not Placed
STU103510,24,Male,BSc Data Science,4,78.0,6.3,71.2,73.3,1,6.2,8.1,95.3,75.3,4,1,0,1,1,86.1,4,No,9.31,93.8,Excellent,Placed
STU103511,21,Female,BSc Computer Science,3,84.3,4.3,81.6,53.0,0,6.6,9.6,86.2,89.9,0,1,3,1,2,83.9,5,No,8.75,85.6,Excellent,Not Placed
STU103512,18,Male,BCA,3,86.3,3.7,80.1,85.6,0,8.6,3.0,100.0,72.4,4,1,0,1,5,70.4,2,Yes,9.61,97.1,Excellent,Placed
STU103513,21,Male,BCA,4,59.1,3.8,93.8,68.6,1,3.6,8.8,69.5,62.2,3,0,1,0,0,78.0,3,Yes,7.39,75.3,Good,Not Placed
STU103514,22,Female,BTech CSE,3,73.2,4.4,89.0,59.3,0,7.3,6.4,51.5,94.7,4,0,1,0,2,81.2,3,Yes,8.07,80.9,Excellent,Placed
STU103515,23,Female,BBA,3,80.1,1.7,94.9,84.6,1,9.0,6.8,38.5,57.5,2,0,3,0,1,83.4,3,Yes,9.01,88.6,Excellent,Not Placed
STU103516,21,Male,BSc Data Science,2,89.2,4.6,80.8,85.2,0,7.0,8.2,76.5,53.9,2,0,1,0,1,91.2,2,No,7.61,75.4,Good,Not Placed
STU103517,19,Male,BCA,4,77.5,4.2,78.3,89.1,0,5.3,6.6,47.9,85.1,2,1,1,2,1,77.3,2,Yes,7.25,71.6,Good,Not Placed
STU103518,23,Female,BSc Data Science,4,91.7,5.1,91.7,60.4,1,5.9,5.6,92.5,36.3,4,0,1,2,3,83.5,2,No,8.72,87.3,Excellent,Placed
STU103519,23,Female,BCA,2,83.5,4.2,83.7,70.3,1,9.8,5.9,68.2,49.7,1,1,0,1,2,94.1,4,No,8.84,88.9,Excellent,Not Placed
STU103520,21,Female,BCA,3,81.8,5.0,56.0,68.5,1,8.5,5.4,64.2,54.5,1,1,1,0,0,72.2,3,Yes,7.76,76.7,Good,Not Placed
STU103521,24,Female,BTech CSE,4,76.9,2.1,77.0,60.8,2,5.3,7.0,67.6,47.0,2,0,2,0,3,74.8,4,Yes,5.68,56.6,Average,Not Placed
STU103522,20,Male,BBA,4,77.8,2.6,58.0,78.9,1,5.1,8.8,71.5,67.0,2,1,1,1,1,79.9,4,No,7.26,72.3,Good,Not Placed
STU103523,24,Female,BCA,3,81.3,3.7,73.0,85.1,1,7.2,8.2,81.0,96.1,1,0,6,0,0,98.5,1,Yes,7.35,72.3,Good,Placed
STU103524,21,Female,BSc Computer Science,4,76.0,2.4,93.3,66.5,0,7.3,7.0,66.9,60.4,1,0,3,1,2,90.2,3,No,7.39,72.0,Good,Not Placed
STU103525,23,Male,BCA,3,89.1,4.8,78.3,73.9,0,9.0,5.7,70.4,40.0,1,1,2,0,0,86.5,2,Yes,8.37,85.2,Excellent,Not Placed
STU103526,19,Male,BCA,2,86.8,1.4,79.0,73.7,0,6.1,7.3,75.5,41.6,1,0,4,1,2,79.1,0,Yes,6.77,68.6,Good,Not Placed
STU103527,23,Female,BCA,2,90.0,3.3,79.9,85.0,0,3.8,9.7,70.8,72.6,2,2,1,1,3,78.7,2,Yes,7.66,75.9,Good,Not Placed
STU103528,24,Female,BSc Computer Science,3,67.6,2.7,82.1,72.1,1,6.0,5.3,46.7,64.5,3,1,5,1,1,89.8,3,No,8.11,79.5,Good,Not Placed
STU103529,19,Male,BCA,3,67.3,2.4,78.3,72.4,1,5.6,8.0,61.1,79.3,5,1,2,2,2,86.2,0,Yes,7.02,70.9,Good,Placed
STU103530,18,Female,BSc Data Science,4,82.9,1.4,100.0,83.0,1,1.6,7.5,83.4,69.9,2,0,0,0,0,65.8,1,Yes,6.48,68.4,Good,Not Placed
STU103531,22,Female,BCA,2,77.2,3.6,63.3,73.5,1,6.0,5.6,92.3,54.3,1,0,2,2,1,81.5,2,Yes,7.47,74.5,Good,Not Placed
STU103532,23,Female,BCA,3,80.6,3.4,84.5,65.2,0,8.2,7.2,90.5,48.4,0,1,1,0,0,81.1,2,Yes,7.42,73.0,Good,Not Placed
STU103533,21,Female,BCA,2,66.8,6.4,88.1,58.9,1,7.8,6.1,75.9,50.8,2,0,1,0,0,81.3,5,No,8.23,82.1,Excellent,Not Placed
STU103534,18,Female,BTech CSE,4,63.4,7.2,72.2,64.6,1,5.9,5.4,62.2,65.9,2,1,1,1,3,70.6,1,Yes,7.66,76.7,Good,Not Placed
STU103535,22,Female,BTech CSE,4,80.3,1.9,89.1,74.9,0,5.7,5.2,87.3,38.9,1,0,1,1,2,77.7,2,No,7.46,74.8,Good,Not Placed
STU103536,21,Male,BTech CSE,2,70.4,0.6,74.7,56.4,0,,5.6,63.3,42.5,2,2,2,0,2,78.7,3,Yes,5.74,58.4,Average,Not Placed
STU103537,20,Male,BSc Data Science,3,85.1,1.7,87.3,75.3,0,5.5,4.9,61.4,62.6,2,3,0,0,0,69.3,4,Yes,7.15,72.7,Good,Not Placed
STU103538,21,Male,BSc Data Science,2,71.8,3.4,68.1,53.9,0,8.0,9.9,74.3,58.0,0,0,2,0,0,86.5,1,Yes,7.22,74.2,Good,Placed
STU103539,19,Female,BSc Data Science,3,69.1,5.2,83.0,60.0,1,8.9,5.3,34.2,72.4,0,0,2,1,1,84.6,2,No,8.92,89.1,Excellent,Not Placed
STU103540,19,Female,BCA,2,55.3,2.8,100.0,79.8,2,7.9,9.3,68.5,61.3,4,2,4,1,1,100.0,0,Yes,7.72,78.3,Good,Placed
STU103541,20,Female,BTech CSE,3,90.5,4.4,72.0,66.7,0,5.2,7.4,68.9,58.0,1,2,2,0,1,77.6,5,Yes,7.49,75.1,Good,Not Placed
STU103542,18,Female,BSc Data Science,4,85.0,2.3,77.4,74.8,1,5.0,4.1,66.0,71.4,4,2,1,1,1,77.7,2,No,7.82,79.1,Good,Not Placed
STU103543,22,Male,BSc Data Science,3,63.0,2.8,100.0,71.3,1,9.1,5.5,65.9,66.5,2,1,5,1,4,92.7,0,Yes,8.62,85.1,Excellent,Not Placed
STU103544,21,Other,BSc Computer Science,2,58.0,3.8,95.6,90.7,0,6.6,7.3,89.0,67.7,1,0,3,1,3,86.7,2,Yes,7.55,73.9,Good,Placed
STU103545,19,Male,BSc Data Science,3,72.0,3.5,100.0,73.6,0,5.2,5.7,45.3,20.2,2,2,2,1,0,70.6,2,No,8.01,82.5,Excellent,Not Placed
STU103546,18,Female,BBA,3,87.5,3.4,77.9,59.7,0,6.7,7.1,74.1,58.9,1,0,3,1,1,85.4,1,Yes,7.38,71.8,Good,Not Placed
STU103547,20,Male,BSc Data Science,3,72.7,1.9,85.8,79.3,0,4.1,3.8,77.0,61.6,2,1,2,2,4,56.1,2,Yes,7.64,75.2,Good,Not Placed
STU103548,24,Female,BSc Computer Science,2,75.9,5.3,87.1,59.4,0,4.4,6.9,90.9,72.4,2,0,0,0,2,56.9,1,Yes,7.88,77.4,Good,Not Placed
STU103549,23,Female,BSc Data Science,4,87.9,5.3,73.5,83.9,0,5.4,6.6,72.7,88.3,3,0,4,0,2,78.0,1,No,7.84,78.1,Good,Not Placed
STU103550,24,Female,BBA,3,68.1,5.4,69.7,81.5,0,8.1,9.8,75.3,49.2,0,2,1,3,0,84.3,2,Yes,8.52,85.8,Excellent,Placed
STU103551,24,Male,BSc Data Science,2,71.2,2.5,68.4,75.6,0,6.0,5.7,67.8,52.8,4,1,3,0,0,86.6,2,No,6.9,67.3,Good,Not Placed
STU103552,19,Male,BSc Computer Science,2,80.2,3.7,76.5,81.1,1,7.8,7.9,72.4,83.3,0,3,2,1,1,82.3,2,Yes,7.54,77.7,Good,Not Placed
STU103553,20,Female,BCA,4,75.2,2.7,67.9,86.1,2,6.8,8.9,68.2,62.4,3,2,2,0,0,92.2,4,Yes,7.96,79.3,Good,Placed
STU103554,21,Female,BTech CSE,3,69.2,2.0,74.6,71.7,1,4.0,8.5,51.3,69.4,1,1,1,1,1,73.4,0,Yes,6.03,61.1,Average,Not Placed
STU103555,24,Male,BCA,4,85.1,3.9,70.9,74.0,0,9.3,8.6,72.2,47.2,3,3,2,0,2,90.3,1,Yes,8.51,85.2,Excellent,Placed
STU103556,24,Female,BSc Data Science,3,83.2,0.5,87.6,74.9,0,4.3,6.7,71.4,56.1,3,0,2,1,1,87.3,2,No,7.75,77.4,Good,Placed
STU103557,22,Male,BTech CSE,3,86.3,4.8,86.3,63.2,0,5.4,7.5,59.9,61.2,1,3,2,0,1,72.5,2,Yes,7.49,79.4,Good,Not Placed
STU103558,19,Female,BBA,4,76.5,1.8,75.7,65.1,1,5.6,5.9,71.6,93.8,2,1,3,2,7,76.0,2,Yes,5.98,61.1,Average,Placed
STU103559,19,Female,BSc Data Science,2,60.4,3.0,78.2,72.7,0,7.9,7.7,86.1,77.8,5,3,2,0,3,100.0,1,No,7.93,79.9,Good,Placed
STU103560,21,Female,BTech CSE,3,78.1,0.5,88.6,71.9,1,5.4,5.0,63.8,56.9,5,2,0,1,2,72.7,1,Yes,6.57,68.3,Good,Not Placed
STU103561,23,Female,BCA,3,66.3,6.2,78.1,75.1,1,4.9,5.5,92.2,62.1,3,1,3,0,4,84.9,3,Yes,8.63,85.0,Excellent,Placed
STU103562,18,Female,BTech CSE,4,57.7,4.5,75.5,66.1,1,8.0,10.0,88.9,65.1,1,2,1,1,1,95.5,4,Yes,7.88,78.1,Good,Not Placed
STU103563,22,Female,BSc Computer Science,3,75.3,3.6,67.4,54.3,0,6.0,8.3,57.5,58.6,0,0,1,0,5,66.9,3,Yes,5.86,59.0,Average,Not Placed
STU103564,19,Male,BSc Computer Science,3,79.0,2.5,96.4,89.6,0,7.6,4.3,60.3,64.4,1,0,2,0,0,79.7,2,Yes,9.01,89.9,Excellent,Placed
STU103565,22,Male,BTech CSE,3,94.0,1.9,64.2,55.3,0,10.0,7.4,65.5,95.6,0,0,0,2,0,85.2,3,Yes,7.42,75.9,Good,Not Placed
STU103566,19,Male,BTech CSE,3,65.9,3.2,78.5,81.8,1,5.7,5.2,50.2,81.9,4,2,4,0,1,82.3,4,Yes,7.56,73.7,Good,Placed
STU103567,22,Female,BSc Data Science,2,84.8,4.0,72.3,68.4,1,7.3,7.9,55.0,62.8,0,0,1,1,3,65.3,5,Yes,8.04,77.9,Good,Not Placed
STU103568,20,Male,BTech CSE,2,62.0,3.2,83.6,74.4,0,4.3,7.4,37.3,85.1,4,1,3,0,2,85.2,2,Yes,7.05,72.5,Good,Placed
STU103569,24,Male,BCA,3,,4.3,77.1,79.9,1,5.4,7.1,77.0,47.6,3,0,0,0,1,74.7,1,No,8.46,83.9,Excellent,Not Placed
STU103570,19,Male,BTech CSE,3,71.0,6.3,82.9,66.5,1,7.0,5.8,78.4,79.2,5,1,2,1,1,83.4,3,Yes,8.57,86.2,Excellent,Placed
STU103571,22,Male,BTech CSE,3,,1.9,72.8,55.6,0,9.1,9.1,46.2,44.0,2,1,1,1,2,91.1,4,No,7.75,73.8,Good,Not Placed
STU103572,18,Male,BCA,3,74.8,3.9,77.0,84.0,3,3.7,5.8,46.7,34.0,1,1,2,1,1,66.9,4,No,7.63,77.5,Good,Not Placed
STU103573,20,Female,BTech CSE,3,85.6,6.1,67.2,80.0,1,7.2,7.2,67.0,66.2,2,1,3,0,1,83.9,2,No,8.89,86.5,Excellent,Not Placed
STU103574,20,Female,BSc Computer Science,4,63.5,3.0,70.9,72.9,0,4.4,6.5,69.2,66.2,3,2,0,0,1,71.5,2,Yes,6.41,64.9,Average,Not Placed
STU103575,18,Female,BSc Computer Science,4,76.2,3.3,76.9,81.9,2,6.0,4.6,85.6,76.4,0,1,3,0,5,72.0,3,Yes,6.21,66.7,Good,Not Placed
STU103576,22,Female,BSc Data Science,3,71.6,4.2,83.8,75.9,1,5.5,6.3,58.5,76.8,1,0,6,0,1,82.9,4,Yes,8.25,82.7,Excellent,Not Placed
STU103577,21,Male,BCA,4,100.0,4.5,80.4,71.3,0,5.1,4.1,58.7,88.5,2,0,0,1,2,55.7,2,Yes,8.51,85.5,Excellent,Not Placed
STU103578,18,Female,BTech CSE,4,67.2,5.1,97.0,69.6,1,6.8,7.7,69.6,64.6,3,4,2,1,0,89.1,1,Yes,7.45,75.9,Good,Not Placed
STU103579,22,Male,BCA,3,52.2,3.7,65.4,46.2,2,4.7,5.8,84.6,64.9,2,0,2,1,1,67.0,2,Yes,5.84,57.2,Average,Not Placed
STU103580,18,Male,BSc Data Science,3,94.9,2.3,79.1,75.2,1,1.0,6.2,89.2,83.5,4,2,3,1,1,67.5,4,Yes,6.84,66.9,Good,Not Placed
STU103581,18,Female,BTech CSE,2,82.9,4.3,57.0,59.8,1,5.7,7.8,54.7,46.1,6,1,2,0,3,96.7,2,Yes,7.79,79.0,Good,Not Placed
STU103582,19,Male,BCA,4,,2.0,80.2,77.3,1,5.0,5.8,83.6,62.9,1,1,2,1,1,72.0,4,Yes,7.12,70.0,Good,Not Placed
STU103583,22,Female,BSc Computer Science,2,77.7,4.0,74.6,68.5,0,5.7,3.3,55.6,53.5,3,0,4,1,2,81.6,2,No,8.51,85.1,Excellent,Not Placed
STU103584,21,Male,BSc Computer Science,2,70.0,3.6,76.3,51.3,1,5.0,7.4,42.8,48.7,3,0,1,1,2,69.2,3,Yes,7.81,78.1,Good,Not Placed
STU103585,24,Female,BTech CSE,3,58.4,3.6,74.5,71.2,0,7.4,5.7,71.1,72.5,2,0,1,1,2,72.6,0,Yes,7.58,75.1,Good,Not Placed
STU103586,19,Male,BSc Data Science,4,76.4,3.4,86.8,66.6,0,7.5,6.3,85.6,51.0,1,0,1,1,2,91.8,2,No,7.37,75.9,Good,Not Placed
STU103587,18,Male,BSc Data Science,3,76.3,5.0,85.1,88.5,1,4.2,7.7,64.9,56.5,3,0,3,2,3,93.4,0,Yes,8.21,80.4,Excellent,Not Placed
STU103588,24,Female,BSc Data Science,4,81.4,4.4,68.7,48.0,0,8.6,5.2,83.4,65.2,0,0,3,0,1,63.0,3,No,6.59,67.8,Good,Not Placed
STU103589,23,Male,BTech CSE,4,68.3,4.5,79.5,62.0,0,7.7,7.4,57.0,70.4,2,2,1,1,3,81.2,6,Yes,7.9,80.4,Excellent,Placed
STU103590,24,Male,BCA,3,70.3,2.8,65.3,57.9,0,5.7,6.9,70.0,85.0,3,0,7,0,0,89.5,3,Yes,7.73,76.1,Good,Not Placed
STU103591,18,Male,BBA,3,74.2,1.0,63.2,81.5,1,6.2,6.7,80.8,79.5,2,0,1,0,0,73.9,2,Yes,7.45,73.3,Good,Not Placed
STU103592,18,Female,BSc Computer Science,3,68.2,2.9,86.4,74.5,1,8.2,,72.8,78.0,0,1,1,1,2,70.7,3,Yes,8.59,86.3,Excellent,Placed
STU103593,22,Female,BTech CSE,4,89.4,4.2,69.5,81.0,0,5.7,7.2,65.9,50.8,1,0,2,0,1,77.9,4,No,7.5,76.3,Good,Not Placed
STU103594,22,Male,BSc Data Science,4,86.5,3.5,75.2,58.6,2,7.8,7.8,59.9,95.6,1,2,3,0,4,96.1,4,No,7.29,70.2,Good,Placed
STU103595,19,Female,BSc Data Science,4,72.8,2.9,84.4,60.4,2,7.0,4.0,64.4,59.8,4,0,4,2,0,92.8,3,Yes,7.41,70.6,Good,Placed
STU103596,21,Female,BBA,2,83.3,3.8,81.8,72.7,0,8.0,8.0,82.7,52.7,1,1,2,1,0,82.7,0,Yes,8.71,85.6,Excellent,Not Placed
STU103597,19,Female,BCA,3,65.6,3.1,97.4,92.8,0,7.5,6.2,66.2,53.1,2,1,2,0,2,71.0,1,Yes,8.09,83.1,Excellent,Not Placed
STU103598,20,Female,BCA,2,73.4,3.6,68.2,78.5,1,5.4,4.1,44.6,31.0,5,1,0,2,3,73.5,2,No,8.13,80.8,Excellent,Not Placed
STU103599,18,Male,BSc Data Science,3,92.6,0.5,95.4,61.5,0,6.8,6.5,71.7,72.3,3,0,3,2,1,77.4,3,No,7.03,70.7,Good,Not Placed
STU103600,24,Female,BBA,4,84.5,4.7,88.4,74.6,0,8.0,5.2,67.8,36.4,0,0,2,1,0,82.2,1,Yes,8.7,87.4,Excellent,Not Placed
STU103601,23,Male,BSc Computer Science,3,80.9,4.4,90.4,79.2,0,7.8,8.5,73.4,42.0,3,0,3,0,1,100.0,2,Yes,8.82,86.5,Excellent,Not Placed
STU103602,18,Male,BSc Computer Science,2,74.4,6.7,77.7,55.7,2,7.7,4.5,66.3,93.1,1,0,1,1,0,71.7,3,Yes,7.68,78.4,Good,Not Placed
STU103603,18,Other,BTech CSE,2,77.6,2.4,71.5,68.9,2,6.1,7.1,66.5,88.7,0,2,2,1,5,64.8,1,Yes,6.04,61.8,Average,Not Placed
STU103604,19,Female,BSc Data Science,3,63.3,2.7,83.0,69.8,1,9.1,7.2,80.0,45.7,2,0,1,0,2,81.3,8,Yes,7.47,75.1,Good,Not Placed
STU103605,23,Male,BTech CSE,2,74.8,3.8,71.5,93.5,2,7.1,7.4,99.7,48.9,1,1,0,1,5,78.0,5,No,7.9,78.6,Good,Not Placed
STU103606,23,Male,BSc Data Science,3,81.8,3.4,71.1,73.2,0,9.5,7.8,65.6,78.6,2,1,2,1,1,95.2,0,Yes,8.44,83.9,Excellent,Placed
STU103607,23,Female,BTech CSE,4,77.7,5.9,83.7,92.0,1,4.4,6.0,81.9,38.8,2,3,1,2,3,71.4,4,Yes,8.31,80.6,Excellent,Not Placed
STU103608,19,Male,BCA,3,,2.9,93.6,63.0,0,6.0,4.9,49.0,57.0,3,2,3,1,1,68.2,4,Yes,6.56,64.1,Average,Not Placed
STU103609,18,Male,BCA,3,71.5,3.3,64.4,78.6,2,,3.4,67.0,60.3,3,3,0,1,0,68.6,1,Yes,6.89,68.3,Good,Placed
STU103610,19,Male,BSc Computer Science,3,68.9,2.7,,55.4,0,8.0,7.0,64.2,42.0,2,0,1,2,0,90.3,3,Yes,8.02,77.6,Good,Not Placed
STU103611,22,Male,BSc Data Science,4,68.0,5.8,,79.4,0,5.1,5.9,51.3,47.3,1,1,2,1,0,65.0,2,Yes,8.28,83.8,Excellent,Not Placed
STU103612,22,Female,BSc Computer Science,2,75.5,4.2,78.6,67.4,1,5.1,8.7,75.1,34.5,6,1,0,1,2,77.0,3,Yes,7.4,72.1,Good,Not Placed
STU103613,19,Male,BSc Data Science,4,85.3,5.9,78.8,68.1,1,8.2,7.8,81.5,71.9,0,3,4,0,0,77.1,1,Yes,8.93,87.5,Excellent,Not Placed
STU103614,23,Female,BCA,3,69.4,7.9,76.7,80.6,0,6.2,9.0,75.1,54.9,1,0,3,0,3,69.3,2,Yes,9.77,93.9,Excellent,Placed
STU103615,18,Male,BSc Computer Science,3,78.4,2.4,79.4,81.8,1,7.5,4.4,69.4,31.0,1,0,3,0,2,76.9,1,Yes,8.11,80.0,Good,Not Placed
STU103616,19,Female,BSc Computer Science,2,78.2,5.1,83.5,75.7,0,5.0,5.3,61.7,78.2,1,1,4,1,1,71.0,1,No,8.12,82.2,Excellent,Not Placed
STU103617,19,Other,BCA,2,87.3,3.1,96.0,93.7,0,7.8,7.5,87.7,77.8,3,2,0,2,3,78.7,3,Yes,9.56,96.4,Excellent,Placed
STU103618,19,Female,BSc Computer Science,4,78.1,2.5,79.8,72.8,0,8.0,8.9,73.6,70.4,1,0,5,2,1,100.0,1,No,8.18,83.1,Excellent,Not Placed
STU103619,20,Female,BSc Data Science,3,63.1,1.3,72.0,75.9,0,8.8,10.0,62.0,87.0,2,2,0,0,2,89.4,1,Yes,7.63,71.4,Good,Placed
STU103620,22,Female,BSc Data Science,3,99.2,6.7,70.2,75.2,0,4.7,7.5,93.9,80.3,1,2,1,1,0,90.3,0,Yes,8.02,78.4,Good,Not Placed
STU103621,24,Male,BCA,3,87.7,5.0,85.5,80.4,0,4.3,6.8,31.6,72.3,2,0,1,1,0,79.3,1,Yes,8.73,86.1,Excellent,Not Placed
STU103622,23,Female,BBA,4,82.8,3.2,91.0,72.3,1,6.3,8.2,68.7,52.9,3,0,3,0,3,97.2,2,Yes,8.88,85.4,Excellent,Not Placed
STU103623,21,Female,BTech CSE,4,72.2,4.4,74.9,59.7,0,,5.8,71.7,80.3,6,0,1,1,3,98.5,1,Yes,7.36,72.2,Good,Placed
STU103624,24,Male,BCA,3,74.8,0.8,92.1,76.5,0,4.9,5.5,97.7,61.4,0,1,1,2,1,75.4,2,Yes,7.2,69.8,Good,Not Placed
STU103625,23,Male,BSc Computer Science,3,63.8,3.4,100.0,53.6,1,4.6,7.7,65.3,49.7,1,0,2,0,6,72.6,0,No,6.63,65.3,Good,Not Placed
STU103626,21,Female,BTech CSE,4,74.7,2.4,96.5,82.3,1,5.6,7.9,59.9,68.7,1,4,1,0,0,67.0,4,Yes,8.19,81.9,Excellent,Not Placed
STU103627,20,Female,BSc Data Science,4,79.8,5.7,74.0,86.1,1,6.8,6.7,74.7,66.0,2,2,4,0,0,87.8,2,No,8.41,87.7,Excellent,Placed
STU103628,19,Male,BTech CSE,3,77.7,5.8,93.3,66.2,0,6.7,5.5,29.0,69.1,1,0,4,0,0,79.7,3,Yes,8.59,86.0,Excellent,Not Placed
STU103629,20,Male,BCA,2,95.5,4.8,92.2,65.8,1,4.9,8.4,42.3,67.7,1,0,1,1,1,85.0,1,Yes,7.7,75.2,Good,Not Placed
STU103630,20,Female,BTech CSE,4,84.7,4.9,82.7,48.6,0,5.2,4.7,41.6,50.2,2,2,0,1,1,69.1,1,No,6.13,61.9,Average,Not Placed
STU103631,24,Female,BSc Computer Science,2,87.7,2.5,91.9,71.4,0,6.3,7.0,65.7,50.0,4,1,2,0,2,89.9,1,Yes,8.39,84.4,Excellent,Placed
STU103632,18,Female,BCA,2,83.4,4.6,,76.6,1,5.2,7.4,73.6,77.6,2,1,2,0,1,74.2,0,Yes,7.23,72.9,Good,Not Placed
STU103633,24,Female,BSc Data Science,4,79.6,1.4,95.7,76.0,1,4.6,5.8,85.6,64.1,0,2,4,0,1,66.5,3,Yes,7.55,74.4,Good,Placed
STU103634,22,Female,BBA,3,82.5,1.2,88.4,75.2,1,7.5,9.1,74.6,39.8,3,2,1,0,2,83.2,5,Yes,6.02,61.4,Average,Placed
STU103635,21,Female,BTech CSE,4,58.2,3.3,90.3,68.8,0,5.5,6.7,63.0,49.9,0,0,1,0,1,64.7,1,Yes,6.26,63.5,Average,Not Placed
STU103636,19,Female,BSc Computer Science,3,75.4,4.3,70.8,82.9,0,5.6,6.1,67.7,40.0,4,0,4,0,2,79.9,2,Yes,8.07,82.4,Excellent,Placed
STU103637,24,Female,BCA,4,64.0,4.4,82.0,60.4,0,5.9,3.4,75.4,70.8,2,1,3,1,2,74.7,6,No,7.4,75.1,Good,Not Placed
STU103638,21,Female,BSc Data Science,3,66.2,1.6,73.8,60.7,2,7.0,10.0,77.4,71.0,5,1,6,3,1,100.0,1,Yes,5.8,59.7,Average,Not Placed
STU103639,23,Male,BCA,4,89.9,1.2,95.2,55.8,1,6.6,6.6,61.9,43.7,2,0,3,0,3,88.5,3,Yes,6.8,68.3,Good,Not Placed
STU103640,21,Male,BCA,3,67.2,2.8,67.1,64.1,0,5.5,4.3,77.8,48.7,5,1,3,3,3,86.4,1,No,7.9,75.3,Good,Not Placed
STU103641,23,Female,BSc Computer Science,2,64.8,2.2,57.9,58.3,0,6.2,5.2,65.6,69.5,3,1,3,1,3,79.3,0,Yes,6.72,65.9,Good,Not Placed
STU103642,24,Male,BTech CSE,3,81.9,4.4,66.4,44.5,1,6.1,8.6,57.5,55.3,6,2,3,1,0,100.0,0,No,6.48,65.0,Average,Placed
STU103643,22,Male,BTech CSE,4,77.3,2.0,79.5,63.3,0,9.1,5.2,67.3,44.4,4,0,3,1,0,87.8,2,No,7.97,78.0,Good,Not Placed
STU103644,24,Male,BCA,2,82.5,6.4,59.7,81.7,2,6.5,7.4,83.0,76.7,1,0,3,1,4,83.0,0,Yes,7.7,80.6,Excellent,Placed
STU103645,23,Female,BSc Computer Science,3,95.6,4.0,61.2,75.5,1,5.0,7.8,54.8,61.9,2,1,3,2,0,89.2,2,No,8.2,78.4,Good,Not Placed
STU103646,21,Male,BBA,2,83.7,3.3,89.3,79.5,0,3.6,6.2,57.3,28.9,3,1,5,0,2,79.5,0,No,8.09,80.1,Excellent,Not Placed
STU103647,21,Male,BTech CSE,2,62.5,1.8,66.7,78.3,0,8.2,5.6,69.8,61.6,3,0,0,1,4,84.5,2,No,6.54,65.9,Good,Not Placed
STU103648,23,Male,BTech CSE,3,87.3,1.5,93.1,68.1,0,6.3,7.2,82.5,100.0,1,2,3,0,0,74.8,1,Yes,7.55,76.6,Good,Placed
STU103649,20,Female,BBA,4,75.8,3.0,67.5,69.3,0,7.1,7.7,59.8,70.7,1,0,3,3,1,78.8,2,No,8.05,80.0,Excellent,Not Placed
STU103650,22,Male,BTech CSE,3,79.7,2.6,58.5,63.4,0,7.9,4.2,81.8,66.2,1,0,6,4,2,93.9,2,Yes,6.7,69.2,Good,Not Placed
STU103651,18,Male,BCA,3,61.5,0.9,70.7,75.0,0,5.1,3.3,81.3,69.5,3,1,2,1,1,73.9,4,Yes,6.67,67.9,Good,Placed
STU103652,19,Male,BSc Data Science,4,83.0,5.6,67.8,100.0,0,5.1,8.6,72.1,55.8,3,1,3,1,2,71.6,1,Yes,8.6,82.7,Excellent,Placed
STU103653,21,Female,BBA,3,65.0,1.8,67.8,56.4,0,6.6,7.7,84.6,53.0,3,0,2,0,0,85.7,1,No,6.39,65.8,Good,Not Placed
STU103654,19,Male,BSc Computer Science,3,83.3,4.0,80.8,84.0,0,10.0,7.3,60.7,38.0,2,2,3,2,2,82.9,1,Yes,9.48,98.6,Excellent,Not Placed
STU103655,18,Male,BCA,2,70.8,4.2,83.9,65.6,1,5.2,5.6,89.1,46.2,2,1,4,0,3,64.8,0,Yes,7.73,76.5,Good,Not Placed
STU103656,24,Female,BSc Data Science,3,85.2,1.1,97.2,89.4,1,5.6,8.6,88.9,84.8,2,3,1,3,2,78.0,2,Yes,8.81,87.0,Excellent,Placed
STU103657,19,Female,BTech CSE,3,65.0,2.9,78.0,76.4,0,8.0,8.6,88.1,60.4,1,0,3,2,0,87.4,1,No,7.71,76.8,Good,Not Placed
STU103658,18,Female,BBA,3,62.4,1.4,85.2,65.1,0,7.6,6.9,77.0,80.3,1,0,3,0,2,94.4,1,No,6.85,67.5,Good,Not Placed
STU103659,23,Other,BSc Data Science,4,72.6,4.1,67.4,69.2,1,5.6,6.3,50.4,30.0,3,1,0,2,3,70.4,2,Yes,7.25,69.5,Good,Not Placed
STU103660,20,Female,BSc Computer Science,3,80.7,3.6,72.0,80.6,3,3.6,7.4,77.2,62.6,3,4,3,2,3,77.6,1,Yes,7.75,76.7,Good,Not Placed
STU103661,21,Male,BTech CSE,2,66.5,3.4,96.3,92.3,1,6.0,7.2,87.9,97.8,2,0,0,2,1,83.6,2,Yes,7.92,76.5,Good,Not Placed
STU103662,18,Female,BSc Data Science,4,80.0,2.3,97.5,81.7,0,9.8,5.8,31.5,63.1,1,1,1,0,1,83.9,4,Yes,7.89,80.4,Excellent,Not Placed
STU103663,19,Male,BCA,3,86.7,5.3,99.5,66.7,0,5.7,4.3,74.6,71.8,1,0,3,1,0,73.7,3,Yes,9.04,91.6,Excellent,Not Placed
STU103664,21,Female,BBA,4,64.8,2.9,80.6,77.9,1,8.0,7.2,73.7,50.7,0,2,1,0,2,78.7,0,Yes,7.49,74.9,Good,Placed
STU103665,20,Male,BSc Computer Science,3,80.1,1.3,67.4,91.2,0,4.5,6.5,58.8,58.3,0,0,4,0,1,61.8,0,Yes,7.26,71.5,Good,Not Placed
STU103666,23,Male,BSc Computer Science,2,83.4,2.1,73.4,77.6,1,8.0,7.9,41.2,60.3,4,0,2,3,0,100.0,1,No,7.82,78.5,Good,Not Placed
STU103667,24,Female,BSc Computer Science,3,76.1,0.5,78.4,70.4,0,8.1,9.5,61.7,58.4,1,1,3,1,0,78.7,2,No,7.33,74.0,Good,Not Placed
STU103668,21,Male,BCA,3,77.2,2.5,75.8,55.0,1,6.6,4.8,75.0,53.0,1,0,3,1,2,76.6,1,Yes,6.81,69.6,Good,Not Placed
STU103669,24,Female,BBA,2,63.9,2.1,83.2,86.8,3,8.7,7.5,59.3,69.9,6,0,4,0,1,100.0,1,Yes,8.46,84.8,Excellent,Placed
STU103670,18,Male,BSc Data Science,3,82.4,4.5,90.3,70.5,0,6.3,4.5,89.7,32.2,0,0,1,0,3,72.4,2,Yes,8.17,84.7,Excellent,Not Placed
STU103671,20,Male,BSc Data Science,3,78.6,4.4,70.7,63.5,0,10.0,9.1,68.4,95.3,1,2,3,1,2,100.0,2,No,7.09,70.7,Good,Not Placed
STU103672,19,Female,BCA,3,79.5,3.8,100.0,80.8,1,6.3,5.2,69.9,58.8,4,2,1,0,2,86.0,1,Yes,8.06,84.1,Excellent,Placed
STU103673,20,Female,BSc Data Science,3,98.6,4.9,82.8,81.3,0,5.9,5.6,64.3,46.7,0,1,3,1,3,77.0,3,No,8.86,86.5,Excellent,Not Placed
STU103674,20,Female,BTech CSE,3,75.9,1.7,96.9,60.9,0,7.1,5.9,64.0,56.6,3,0,1,1,2,80.0,4,Yes,7.25,73.5,Good,Not Placed
STU103675,22,Male,BTech CSE,2,81.2,4.0,86.7,62.9,0,4.3,7.2,64.5,47.7,1,0,2,1,0,81.4,1,No,7.04,73.4,Good,Not Placed
STU103676,20,Female,BBA,3,90.9,1.3,100.0,78.8,0,6.9,7.3,67.6,49.5,2,3,2,1,3,69.1,2,Yes,8.02,79.5,Good,Not Placed
STU103677,20,Female,BSc Data Science,2,77.5,2.8,69.2,86.5,0,5.0,7.8,63.8,61.2,1,0,5,1,1,77.0,0,Yes,7.71,76.2,Good,Placed
STU103678,21,Female,BTech CSE,2,,4.0,76.3,68.0,1,8.2,8.8,60.0,78.9,3,3,4,1,2,100.0,3,No,6.75,68.6,Good,Not Placed
STU103679,19,Male,BSc Computer Science,3,82.0,2.7,76.4,69.5,2,8.1,6.3,77.4,84.5,3,0,0,0,3,79.8,2,Yes,7.64,77.3,Good,Placed
STU103680,21,Female,BTech CSE,3,71.1,5.9,84.0,63.7,0,5.1,5.7,66.4,72.4,3,0,2,0,2,74.0,3,Yes,7.59,76.1,Good,Placed
STU103681,21,Female,BTech CSE,3,90.0,3.0,83.4,86.8,0,5.7,5.3,81.4,50.7,2,1,2,2,0,68.4,3,No,8.6,87.4,Excellent,Not Placed
STU103682,18,Female,BSc Data Science,4,83.1,4.7,86.3,79.9,0,8.2,7.0,69.4,63.6,2,2,2,0,0,77.0,1,Yes,8.1,81.6,Excellent,Placed
STU103683,21,Female,BSc Data Science,3,69.4,3.1,83.5,58.6,1,10.0,6.8,56.9,48.4,1,0,6,1,1,97.8,3,Yes,7.94,76.6,Good,Not Placed
STU103684,22,Female,BCA,3,65.5,3.7,88.1,91.9,2,6.5,4.6,51.4,66.8,4,0,3,1,3,76.3,1,Yes,8.43,87.8,Excellent,Not Placed
STU103685,22,Male,BSc Computer Science,4,79.6,3.0,76.7,100.0,0,8.0,8.0,67.7,72.7,0,0,3,3,0,87.5,3,No,9.58,95.8,Excellent,Not Placed
STU103686,24,Male,BBA,4,80.6,3.8,87.1,50.4,1,7.9,6.1,82.6,81.9,2,1,1,0,0,82.4,2,No,7.35,74.3,Good,Not Placed
STU103687,18,Female,BCA,4,65.6,6.1,100.0,76.2,1,7.9,9.3,89.5,68.6,1,0,1,0,3,80.6,1,No,9.01,88.6,Excellent,Placed
STU103688,24,Male,BCA,2,85.9,5.8,82.0,53.4,1,2.4,6.5,94.1,58.9,1,1,2,2,2,74.9,1,Yes,6.84,70.0,Good,Not Placed
STU103689,24,Male,BCA,3,84.7,2.8,66.1,68.4,0,4.9,5.1,83.2,69.2,2,1,2,0,0,60.5,1,No,7.34,72.6,Good,Not Placed
STU103690,23,Male,BTech CSE,4,81.4,3.2,75.1,54.4,0,9.1,7.2,92.8,57.8,2,2,5,0,1,100.0,4,No,7.24,74.6,Good,Placed
STU103691,19,Male,BSc Data Science,4,85.6,3.6,76.9,89.6,1,5.1,8.5,56.6,60.1,6,0,1,1,3,75.3,3,Yes,8.22,81.4,Excellent,Placed
STU103692,19,Female,BCA,3,68.1,4.5,72.3,67.6,0,6.1,7.5,74.3,77.7,2,1,2,0,3,70.9,0,No,7.28,68.0,Good,Not Placed
STU103693,21,Female,BSc Data Science,2,68.7,6.3,83.3,84.1,0,10.0,8.8,57.2,72.1,1,2,3,0,2,97.4,2,Yes,10.0,100.0,Excellent,Placed
STU103694,21,Male,BSc Computer Science,4,75.4,5.4,90.8,74.1,1,5.6,5.6,74.5,61.9,3,1,2,1,1,87.5,2,Yes,8.02,84.9,Excellent,Not Placed
STU103695,23,Male,BSc Computer Science,3,71.7,3.1,67.7,92.4,0,6.7,7.8,82.0,61.6,3,0,0,0,0,72.7,3,Yes,8.69,84.2,Excellent,Placed
STU103696,21,Female,BTech CSE,3,83.0,4.1,63.4,57.5,1,7.3,8.8,61.3,55.4,2,1,1,2,1,82.7,1,Yes,7.65,74.7,Good,Not Placed
STU103697,19,Female,BSc Data Science,3,86.1,3.8,100.0,45.7,1,8.6,,73.6,86.1,2,2,0,1,1,81.6,1,Yes,7.42,73.0,Good,Placed
STU103698,24,Female,BSc Data Science,3,71.0,2.6,71.7,65.1,0,7.6,8.5,69.3,82.2,2,1,5,1,4,100.0,3,No,6.7,68.1,Good,Not Placed
STU103699,20,Female,BCA,2,69.3,5.0,97.5,67.5,0,5.6,7.0,71.7,83.4,3,0,2,1,1,72.0,0,Yes,8.5,80.9,Excellent,Not Placed
STU103700,22,Male,BCA,3,86.5,0.5,90.4,52.9,1,6.5,8.6,65.8,62.6,3,1,2,1,3,77.2,1,No,6.39,62.3,Average,Not Placed
STU103701,20,Male,BSc Computer Science,4,68.2,5.0,75.4,77.2,0,6.1,7.9,49.5,70.2,1,1,3,0,2,87.5,4,Yes,8.59,84.3,Excellent,Not Placed
STU103702,20,Female,BSc Data Science,3,75.1,4.1,73.3,76.6,2,8.1,6.3,88.1,70.7,2,1,3,0,1,83.1,3,Yes,7.88,79.0,Good,Placed
STU103703,19,Female,BSc Computer Science,3,67.9,0.8,75.4,88.0,0,6.4,6.2,74.3,72.5,0,0,1,1,1,79.9,0,Yes,7.27,72.0,Good,Not Placed
STU103704,20,Female,BCA,4,72.1,1.9,77.1,84.4,0,6.9,7.7,76.8,48.3,3,1,2,1,4,94.0,1,Yes,7.71,77.4,Good,Placed
STU103705,23,Male,BCA,3,62.9,0.5,88.8,66.0,1,5.6,6.2,87.5,95.3,3,1,2,2,2,68.0,0,Yes,6.4,62.3,Average,Placed
STU103706,18,Female,BTech CSE,3,90.8,6.0,66.7,58.1,1,10.0,7.2,82.0,26.7,0,2,1,0,0,85.7,0,No,9.08,89.8,Excellent,Not Placed
STU103707,21,Female,BSc Computer Science,3,88.1,2.0,96.1,51.4,0,5.0,6.8,46.6,46.3,2,1,2,1,0,84.3,1,Yes,7.59,78.5,Good,Not Placed
STU103708,18,Male,BTech CSE,2,69.9,4.9,75.0,69.6,1,10.0,5.4,84.9,39.1,5,3,3,0,0,94.7,1,No,8.32,81.5,Excellent,Placed
STU103709,24,Male,BTech CSE,2,82.6,4.9,65.9,69.4,1,6.2,6.7,71.9,62.3,1,1,2,0,3,78.9,3,Yes,8.01,80.5,Excellent,Not Placed
STU103710,22,Male,BSc Computer Science,3,63.6,3.3,84.0,76.6,0,8.1,6.0,70.0,68.6,5,1,3,0,0,100.0,2,No,8.55,82.6,Excellent,Placed
STU103711,21,Male,BTech CSE,4,84.2,2.5,100.0,52.4,2,6.7,7.2,76.0,65.1,0,1,2,2,1,76.6,1,Yes,6.61,67.9,Good,Not Placed
STU103712,20,Male,BSc Computer Science,4,69.2,4.3,72.8,73.7,0,4.4,7.1,73.4,36.1,2,0,1,1,0,81.9,0,Yes,7.81,76.9,Good,Not Placed
STU103713,22,Male,BCA,2,90.2,3.8,83.4,78.3,1,5.6,6.4,58.1,75.7,2,0,0,0,0,73.5,2,No,8.08,80.6,Excellent,Not Placed
STU103714,21,Female,BSc Data Science,3,83.1,4.9,83.6,64.2,0,8.5,6.6,50.8,59.9,0,0,2,0,1,91.6,1,Yes,8.62,87.0,Excellent,Not Placed
STU103715,23,Male,BSc Computer Science,2,74.3,1.7,100.0,78.8,1,4.6,4.6,22.6,66.0,3,0,1,0,3,74.4,2,Yes,7.03,69.7,Good,Not Placed
STU103716,23,Male,BSc Data Science,3,73.9,5.0,71.7,69.1,1,1.8,8.0,80.3,100.0,2,1,2,0,0,58.9,1,Yes,6.85,67.6,Good,Placed
STU103717,23,Female,BSc Data Science,2,79.4,5.5,92.3,86.2,0,3.2,,98.3,60.9,4,0,1,1,3,77.6,2,Yes,9.21,92.7,Excellent,Not Placed
STU103718,23,Female,BSc Data Science,4,68.8,3.1,66.3,89.2,1,6.5,8.4,60.7,65.9,4,0,6,0,1,100.0,1,Yes,6.94,67.7,Good,Not Placed
STU103719,20,Female,BCA,2,89.2,2.1,84.4,72.3,1,4.7,3.8,83.5,51.8,3,1,2,0,1,73.5,2,No,6.95,69.0,Good,Not Placed
STU103720,18,Male,BCA,2,81.1,2.8,90.1,82.3,2,6.6,8.0,55.7,84.4,2,1,1,0,1,83.5,4,Yes,8.37,84.4,Excellent,Not Placed
STU103721,21,Female,BCA,3,87.6,2.5,93.0,55.8,1,,6.3,61.0,83.2,1,2,1,2,1,81.4,0,No,7.11,74.2,Good,Not Placed
STU103722,20,Male,BCA,2,53.5,3.2,66.9,66.3,1,7.6,9.0,85.6,70.9,2,0,2,0,2,83.6,2,Yes,7.6,74.5,Good,Not Placed
STU103723,23,Female,BSc Data Science,4,78.2,2.4,59.9,76.4,1,7.2,8.8,57.3,60.3,1,2,1,1,1,80.6,2,Yes,7.6,74.6,Good,Not Placed
STU103724,24,Male,BSc Computer Science,4,80.5,4.2,79.8,66.6,1,10.0,10.0,62.5,63.4,1,1,3,0,1,100.0,0,No,8.82,88.0,Excellent,Placed
STU103725,18,Female,BCA,2,78.0,4.5,75.7,68.7,0,9.3,8.3,63.0,97.9,2,0,2,0,2,84.2,4,No,7.41,75.7,Good,Placed
STU103726,24,Male,BTech CSE,3,78.2,3.0,66.4,60.3,0,4.8,5.6,64.7,75.2,3,1,0,1,1,66.6,2,Yes,7.21,71.0,Good,Not Placed
STU103727,22,Female,BTech CSE,4,74.8,0.6,67.6,92.8,0,7.6,8.3,83.0,46.3,5,0,0,0,0,93.1,2,No,7.89,80.1,Excellent,Not Placed
STU103728,24,Female,BSc Computer Science,4,100.0,4.2,76.7,60.5,0,7.5,7.2,51.3,70.5,1,1,4,0,2,88.2,0,Yes,8.6,84.6,Excellent,Placed
STU103729,22,Male,BTech CSE,4,80.4,1.3,100.0,81.3,0,4.5,5.7,62.6,64.6,1,1,2,1,2,73.6,1,Yes,7.53,74.1,Good,Not Placed
STU103730,22,Male,BSc Data Science,2,79.2,3.9,68.5,65.9,1,5.5,8.3,56.9,67.1,2,2,3,0,1,79.9,3,Yes,7.02,69.4,Good,Not Placed
STU103731,23,Female,BCA,2,87.4,3.6,91.8,79.5,0,3.6,6.9,39.7,62.6,2,2,1,1,2,66.2,2,No,8.09,81.5,Excellent,Not Placed
STU103732,22,Female,BBA,2,72.4,3.0,65.8,64.5,1,5.5,10.0,72.7,69.3,4,1,1,3,0,84.3,3,Yes,7.15,71.0,Good,Not Placed
STU103733,19,Female,BCA,3,65.1,4.5,73.7,67.8,0,7.7,7.5,65.9,64.7,3,1,1,0,0,97.4,5,Yes,8.0,79.2,Good,Not Placed
STU103734,21,Male,BBA,4,87.1,4.0,65.1,76.8,1,8.4,6.5,27.4,60.0,1,1,2,0,1,91.7,1,No,8.73,86.8,Excellent,Not Placed
STU103735,21,Male,BSc Computer Science,2,74.7,4.1,100.0,79.3,0,10.0,,75.8,70.2,1,0,1,0,3,80.3,1,Yes,8.67,87.5,Excellent,Placed
STU103736,23,Female,BSc Data Science,3,91.6,4.7,92.5,82.5,0,7.9,3.5,74.3,66.7,2,0,3,1,1,89.6,2,No,8.1,84.6,Excellent,Not Placed
STU103737,19,Male,BSc Computer Science,3,91.0,2.9,89.7,72.3,0,7.2,6.2,61.1,90.1,3,0,4,0,1,80.5,1,No,8.88,89.4,Excellent,Not Placed
STU103738,24,Female,BSc Computer Science,4,54.8,2.9,89.2,84.9,1,9.8,8.0,51.6,62.3,3,1,2,2,1,93.3,1,No,7.39,76.1,Good,Not Placed
STU103739,20,Female,BCA,2,78.7,5.1,73.1,74.8,1,9.3,8.5,67.7,44.7,2,0,5,0,2,100.0,1,No,7.89,79.3,Good,Not Placed
STU103740,24,Female,BSc Data Science,2,88.8,4.5,82.4,70.2,0,5.5,8.3,100.0,76.8,0,2,4,0,2,80.5,1,No,8.61,84.5,Excellent,Not Placed
STU103741,20,Male,BTech CSE,3,60.4,2.8,70.5,82.1,0,6.3,3.7,64.8,80.0,1,3,2,2,0,71.5,1,Yes,7.13,68.6,Good,Not Placed
STU103742,22,Male,BSc Computer Science,2,81.7,0.5,100.0,73.3,0,7.8,5.7,59.2,37.4,2,1,1,0,1,82.4,1,Yes,7.89,78.1,Good,Not Placed
STU103743,18,Male,BCA,3,,4.1,69.6,74.9,1,4.1,5.4,61.9,67.8,1,0,1,1,2,69.4,1,Yes,6.59,68.5,Good,Not Placed
STU103744,20,Female,BSc Data Science,3,77.5,4.2,72.5,60.1,0,7.2,8.2,47.9,60.9,3,1,2,3,0,94.8,4,Yes,7.27,71.6,Good,Placed
STU103745,18,Male,BTech CSE,4,77.5,1.7,99.6,64.3,1,7.3,6.3,85.7,73.4,1,0,4,1,2,88.7,0,No,7.42,74.6,Good,Placed
STU103746,21,Male,BSc Computer Science,3,90.0,2.2,80.8,76.9,2,7.8,8.8,53.3,72.9,0,1,2,2,1,82.3,1,Yes,8.08,80.8,Excellent,Not Placed
STU103747,18,Male,BSc Computer Science,3,63.1,2.9,88.6,61.4,0,8.1,6.9,47.9,72.3,3,3,0,0,2,77.1,5,No,8.22,83.5,Excellent,Not Placed
STU103748,21,Male,BBA,4,86.3,4.2,81.1,72.3,0,5.9,6.3,60.3,78.5,2,1,1,1,0,79.6,4,No,8.81,85.2,Excellent,Not Placed
STU103749,19,Female,BSc Data Science,4,82.6,7.2,74.4,49.2,0,7.3,6.6,88.2,73.9,4,1,2,0,1,91.5,1,Yes,7.57,76.5,Good,Placed
STU103750,19,Female,BSc Computer Science,3,91.0,5.2,,94.9,1,5.8,4.6,78.7,89.4,0,1,6,1,2,78.8,3,Yes,8.64,88.3,Excellent,Not Placed
STU103751,23,Male,BTech CSE,3,68.5,1.2,91.5,80.1,1,8.2,6.0,63.9,63.6,3,0,1,1,2,87.7,2,No,7.02,72.2,Good,Placed
STU103752,23,Male,BTech CSE,3,92.8,2.8,84.5,66.6,0,6.9,7.6,61.5,64.1,1,0,3,0,2,86.2,2,Yes,6.75,70.7,Good,Not Placed
STU103753,22,Female,BCA,3,64.1,3.4,95.2,90.1,1,8.2,6.6,59.5,57.4,1,0,1,0,1,85.9,1,No,8.66,83.8,Excellent,Not Placed
STU103754,20,Male,BCA,4,74.7,4.3,95.1,61.3,1,3.2,4.5,59.7,57.1,1,1,2,0,1,59.1,2,No,6.95,71.8,Good,Not Placed
STU103755,22,Female,BTech CSE,4,66.4,2.3,88.3,65.3,0,4.2,2.5,64.1,63.9,1,0,2,1,2,64.5,3,No,6.74,67.8,Good,Not Placed
STU103756,21,Female,BCA,3,85.2,4.4,93.5,78.1,0,7.1,4.6,81.7,80.8,2,0,0,0,1,67.4,2,Yes,8.2,80.8,Excellent,Placed
STU103757,22,Male,BBA,2,70.4,2.7,87.9,83.2,0,4.2,5.1,56.2,63.0,2,0,2,0,2,76.8,0,No,7.16,70.5,Good,Not Placed
STU103758,18,Female,BCA,2,89.3,4.4,86.2,65.1,0,8.3,8.3,96.1,68.4,1,0,1,1,2,89.0,3,Yes,7.9,79.1,Good,Not Placed
STU103759,21,Female,BSc Data Science,2,61.1,3.6,78.4,77.5,0,8.3,4.9,83.9,87.0,1,1,2,1,0,77.7,5,No,8.77,85.0,Excellent,Not Placed
STU103760,23,Male,BCA,2,73.5,6.6,63.4,76.0,0,7.3,6.0,98.4,80.7,2,0,5,0,1,99.9,2,No,8.78,89.5,Excellent,Placed
STU103761,19,Female,BTech CSE,3,95.9,5.0,75.0,71.7,0,5.9,4.8,44.7,50.9,5,2,2,0,4,78.4,2,Yes,8.96,90.0,Excellent,Not Placed
STU103762,23,Male,BTech CSE,2,70.4,5.5,97.9,65.5,0,5.9,7.4,61.0,42.4,3,1,2,1,4,87.7,2,Yes,9.13,92.6,Excellent,Not Placed
STU103763,20,Male,BSc Computer Science,3,88.6,1.9,85.2,82.1,1,8.1,7.9,72.6,30.8,1,3,1,1,0,94.3,0,Yes,7.91,80.5,Excellent,Not Placed
STU103764,21,Female,BBA,2,85.0,2.7,77.6,47.8,1,7.6,7.7,68.7,80.1,1,3,3,0,2,84.0,3,No,5.73,58.7,Average,Not Placed
STU103765,21,Female,BCA,2,64.9,4.0,95.2,73.7,1,4.9,6.7,79.3,20.0,2,1,0,0,0,66.6,2,Yes,7.32,74.7,Good,Not Placed
STU103766,18,Female,BCA,3,80.1,1.6,77.1,63.8,0,7.3,7.1,76.1,55.6,3,0,3,0,1,95.5,2,Yes,7.46,72.4,Good,Not Placed
STU103767,20,Male,BTech CSE,4,93.3,5.1,89.8,70.5,1,9.2,8.3,53.3,55.4,1,1,1,1,0,78.1,5,Yes,9.7,95.9,Excellent,Placed
STU103768,19,Male,BTech CSE,3,73.9,3.7,96.6,63.7,0,7.5,,58.3,68.8,1,2,1,0,4,78.9,0,Yes,7.88,78.6,Good,Not Placed
STU103769,24,Female,BTech CSE,3,71.1,5.1,88.7,57.5,0,5.8,6.5,66.7,58.9,0,0,2,1,1,72.5,3,Yes,7.9,80.2,Excellent,Not Placed
STU103770,21,Male,BTech CSE,3,81.3,4.2,93.7,64.3,1,6.1,8.4,46.4,37.2,1,1,3,4,0,79.4,1,No,7.85,76.3,Good,Not Placed
STU103771,21,Female,BSc Data Science,3,75.9,3.6,87.2,65.3,0,5.8,6.6,62.8,72.3,2,1,1,1,0,76.4,4,Yes,7.67,77.5,Good,Not Placed
STU103772,18,Female,BCA,3,63.0,3.3,61.0,69.2,1,5.7,6.9,74.6,74.4,1,1,4,1,2,78.9,3,No,6.15,63.0,Average,Placed
STU103773,22,Female,BBA,2,75.8,2.3,96.4,71.9,0,4.3,8.9,86.4,62.2,2,1,1,0,1,86.6,0,Yes,7.2,73.4,Good,Not Placed
STU103774,19,Female,BSc Data Science,3,73.1,2.3,90.8,79.5,0,6.7,6.2,72.2,46.4,2,2,1,2,3,72.1,0,Yes,8.26,80.4,Excellent,Not Placed
STU103775,23,Male,BSc Data Science,3,76.7,4.8,78.7,89.8,0,3.7,8.1,30.5,71.3,3,1,3,0,1,85.9,1,Yes,8.86,83.6,Excellent,Placed
STU103776,20,Male,BTech CSE,3,54.0,4.5,75.5,72.8,0,7.9,7.9,68.2,62.7,1,1,4,0,6,83.3,0,Yes,7.91,77.5,Good,Placed
STU103777,21,Male,BSc Data Science,3,81.6,5.4,83.4,59.5,1,5.9,7.2,83.4,63.9,0,0,3,0,0,78.1,1,Yes,8.24,81.5,Excellent,Not Placed
STU103778,21,Female,BTech CSE,4,61.7,2.7,68.8,81.3,1,8.9,,44.5,66.1,1,0,7,1,2,100.0,1,Yes,7.09,70.1,Good,Placed
STU103779,23,Female,BCA,3,85.5,5.2,92.4,75.2,0,4.7,4.4,66.1,39.1,1,0,0,1,2,48.7,1,No,8.1,80.2,Excellent,Not Placed
STU103780,19,Female,BTech CSE,2,88.7,3.2,80.3,60.0,0,6.3,9.8,83.1,32.0,3,2,2,0,0,84.4,1,No,7.14,70.2,Good,Not Placed
STU103781,22,Female,BSc Computer Science,3,58.1,4.4,72.1,72.9,0,6.7,6.5,66.9,57.1,1,0,1,0,1,70.0,1,Yes,6.87,66.4,Good,Not Placed
STU103782,21,Female,BSc Computer Science,3,91.0,5.4,89.3,80.1,0,4.4,7.8,64.2,83.6,1,0,2,0,1,84.0,1,No,8.71,87.7,Excellent,Not Placed
STU103783,19,Male,BSc Data Science,2,76.8,6.6,87.2,61.9,0,7.4,8.4,86.6,47.8,2,1,0,3,1,87.2,3,No,8.77,89.5,Excellent,Not Placed
STU103784,23,Male,BCA,3,88.8,5.1,91.0,65.2,1,4.4,7.4,66.9,83.7,1,0,3,1,3,84.9,0,Yes,7.8,78.0,Good,Not Placed
STU103785,18,Male,BSc Computer Science,4,87.3,3.8,67.9,72.9,1,7.3,8.8,66.5,74.8,1,0,2,0,5,83.4,3,No,8.43,84.4,Excellent,Not Placed
STU103786,22,Female,BSc Data Science,3,63.5,4.3,90.1,68.5,0,9.2,8.3,65.8,100.0,1,3,1,1,0,86.3,0,Yes,7.87,81.8,Excellent,Not Placed
STU103787,20,Male,BSc Computer Science,3,69.5,5.4,100.0,53.4,1,7.6,3.9,84.7,69.3,1,2,1,0,1,65.3,3,Yes,8.1,80.9,Excellent,Not Placed
STU103788,21,Female,BSc Data Science,2,94.1,4.6,81.5,100.0,0,5.7,6.8,68.5,56.1,1,0,1,0,4,75.8,1,Yes,8.88,90.9,Excellent,Placed
STU103789,19,Female,BCA,3,65.6,2.9,80.8,64.8,0,8.6,3.4,65.5,45.3,3,0,0,2,2,85.5,3,Yes,8.13,79.5,Good,Not Placed
STU103790,18,Female,BCA,2,81.6,4.4,66.7,63.6,0,10.0,6.3,63.9,73.8,4,0,0,0,2,80.9,1,No,8.25,82.2,Excellent,Not Placed
STU103791,20,Female,BTech CSE,4,70.4,5.5,82.9,67.5,0,6.9,,40.6,58.9,1,2,0,0,2,69.6,3,Yes,7.58,74.3,Good,Not Placed
STU103792,24,Male,BCA,3,69.0,6.2,70.7,70.7,0,5.3,5.3,74.8,54.4,6,2,2,1,2,71.6,3,No,8.87,90.4,Excellent,Placed
STU103793,19,Male,BTech CSE,4,77.8,3.6,94.8,75.7,1,6.6,7.0,67.7,56.8,1,2,0,1,2,67.5,2,Yes,8.62,83.8,Excellent,Not Placed
STU103794,19,Female,BTech CSE,2,99.9,1.8,100.0,59.0,0,4.3,7.8,70.9,54.4,3,3,2,0,5,89.3,1,No,6.25,60.1,Average,Not Placed
STU103795,20,Male,BTech CSE,4,85.7,0.8,100.0,87.0,1,8.5,4.2,56.2,52.5,1,0,0,1,1,69.6,1,Yes,9.2,92.2,Excellent,Not Placed
STU103796,18,Male,BTech CSE,4,67.5,4.7,72.6,54.8,1,7.1,10.0,51.6,54.7,1,0,3,2,0,91.4,3,Yes,7.54,72.8,Good,Not Placed
STU103797,24,Female,BCA,4,80.0,1.2,73.9,66.5,2,5.6,7.5,58.5,97.0,2,0,2,0,2,66.5,1,No,6.97,66.4,Good,Not Placed
STU103798,23,Male,BTech CSE,4,59.4,4.0,88.7,81.0,2,7.4,6.7,41.9,56.1,0,0,3,0,1,82.5,2,Yes,7.62,74.1,Good,Not Placed
STU103799,18,Female,BSc Computer Science,2,55.5,5.1,79.5,80.3,1,5.6,6.7,59.1,69.1,2,0,4,0,0,82.8,1,Yes,7.41,75.8,Good,Not Placed
STU103800,22,Female,BTech CSE,3,79.7,3.3,82.2,38.4,0,6.2,4.0,100.0,60.3,1,0,1,1,0,73.6,4,No,6.8,68.5,Good,Not Placed
STU103801,21,Male,BTech CSE,3,85.1,1.3,100.0,71.1,2,6.5,5.7,75.4,46.0,3,0,3,0,0,74.0,1,Yes,6.52,68.6,Good,Placed
STU103802,20,Male,BCA,3,93.6,1.6,70.1,72.5,0,9.8,5.1,70.7,73.8,3,4,2,2,3,82.0,3,Yes,8.23,84.6,Excellent,Placed
STU103803,23,Male,BSc Data Science,4,81.7,2.1,84.9,74.7,0,4.5,,53.3,72.1,2,1,3,0,0,75.4,1,Yes,7.9,78.3,Good,Not Placed
STU103804,24,Female,BSc Computer Science,2,78.1,3.3,86.2,64.6,0,7.9,7.8,55.0,59.9,1,1,2,1,2,79.5,1,Yes,7.91,81.3,Excellent,Not Placed
STU103805,20,Male,BTech CSE,2,74.6,5.3,93.6,68.8,0,5.2,5.5,64.7,75.6,2,1,0,0,3,68.1,2,Yes,8.39,82.1,Excellent,Not Placed
STU103806,20,Female,BSc Data Science,3,83.3,3.5,72.5,78.1,0,9.7,7.4,35.7,61.6,1,0,1,0,2,91.9,2,No,7.59,77.6,Good,Not Placed
STU103807,18,Male,BCA,4,65.8,6.7,98.3,80.8,1,4.8,7.8,71.1,66.3,3,4,4,2,0,77.0,3,No,8.79,90.2,Excellent,Placed
STU103808,21,Male,BSc Data Science,4,71.2,5.1,84.9,54.7,0,4.9,7.2,60.6,78.6,2,2,1,3,1,60.9,2,Yes,7.55,81.4,Excellent,Not Placed
STU103809,22,Male,BSc Computer Science,3,66.2,3.9,72.9,77.5,0,7.9,10.0,100.0,59.0,1,0,2,0,2,94.5,3,Yes,7.77,79.2,Good,Placed
STU103810,19,Male,BBA,3,72.8,3.4,80.0,76.1,1,6.5,7.3,88.1,89.7,1,1,1,0,1,75.5,3,Yes,7.35,70.9,Good,Placed
STU103811,19,Male,BTech CSE,3,70.8,2.8,93.0,82.0,0,8.0,9.1,77.2,52.8,2,0,1,0,2,87.2,3,Yes,8.91,88.6,Excellent,Placed
STU103812,20,Female,BSc Data Science,3,70.1,3.7,100.0,61.5,0,8.7,9.8,61.2,77.6,3,3,0,0,1,95.5,1,No,8.13,80.8,Excellent,Not Placed
STU103813,21,Female,BCA,2,71.6,4.3,78.1,77.2,1,6.8,6.6,91.3,66.7,1,2,4,0,1,86.2,4,No,8.13,81.4,Excellent,Not Placed
STU103814,24,Male,BCA,3,80.1,4.0,100.0,49.5,1,8.3,10.0,52.4,67.4,1,1,2,1,2,98.4,3,No,8.14,77.8,Good,Not Placed
STU103815,24,Male,BSc Data Science,3,90.7,2.8,95.7,67.5,0,3.0,8.9,77.7,78.1,5,0,3,1,3,84.2,0,Yes,7.0,70.4,Good,Placed
STU103816,23,Female,BTech CSE,3,80.9,2.0,76.4,68.1,1,7.2,5.2,60.1,75.0,3,1,1,2,2,86.6,4,Yes,7.04,70.8,Good,Placed
STU103817,18,Female,BSc Data Science,2,72.3,6.3,88.6,72.9,0,6.1,8.8,74.6,47.7,1,2,1,0,3,78.8,1,Yes,7.87,77.1,Good,Not Placed
STU103818,21,Male,BSc Computer Science,4,82.4,4.5,91.6,80.7,0,9.2,5.8,64.9,56.3,4,0,0,0,2,78.1,2,Yes,9.46,92.4,Excellent,Not Placed
STU103819,21,Female,BTech CSE,4,79.1,4.0,79.4,58.9,1,2.6,7.6,51.9,59.4,5,0,2,0,0,90.0,1,Yes,6.09,62.1,Average,Not Placed
STU103820,18,Male,BBA,3,79.7,4.3,74.9,86.4,2,5.2,8.6,66.0,63.2,4,2,3,1,1,88.0,2,Yes,7.73,78.4,Good,Placed
STU103821,24,Female,BCA,4,77.8,5.2,80.5,43.8,0,4.1,8.2,83.0,76.2,2,0,1,0,2,72.0,0,Yes,6.28,62.8,Average,Not Placed
STU103822,24,Male,BCA,3,95.3,2.8,77.7,51.7,1,6.9,5.8,97.4,41.1,0,0,1,1,2,74.4,5,No,7.51,72.3,Good,Not Placed
STU103823,24,Male,BSc Data Science,3,79.0,3.3,85.0,83.3,1,7.0,,85.6,74.0,1,1,2,1,5,76.4,2,Yes,7.24,75.0,Good,Placed
STU103824,20,Female,BTech CSE,3,72.4,2.4,100.0,73.2,0,6.6,5.1,63.7,70.1,3,1,3,2,1,96.3,2,No,7.68,74.4,Good,Not Placed
STU103825,21,Male,BBA,4,70.2,3.5,87.0,92.5,1,7.9,9.3,53.1,81.1,3,3,1,1,1,81.6,2,Yes,8.59,85.4,Excellent,Placed
STU103826,19,Female,BCA,3,87.0,2.5,100.0,81.2,0,8.5,8.3,64.8,46.1,2,0,2,2,0,91.5,3,Yes,8.46,86.9,Excellent,Placed
STU103827,18,Male,BCA,3,66.1,2.0,88.3,72.1,2,7.2,8.8,100.0,66.1,3,1,3,0,1,89.9,2,Yes,6.83,70.3,Good,Placed
STU103828,24,Female,BTech CSE,3,91.6,1.1,100.0,66.1,3,4.1,4.0,49.7,69.5,3,0,2,0,6,63.9,2,Yes,7.22,70.8,Good,Not Placed
STU103829,23,Female,BTech CSE,4,58.8,6.0,73.1,64.5,0,5.5,8.0,67.6,39.4,1,0,4,1,0,76.4,0,Yes,7.72,77.4,Good,Not Placed
STU103830,24,Male,BBA,4,90.3,3.0,59.3,76.4,0,7.7,5.8,53.7,57.2,0,2,4,0,1,74.9,3,Yes,8.13,80.3,Excellent,Not Placed
STU103831,24,Female,BSc Data Science,3,86.0,4.2,85.0,65.0,2,7.0,5.0,37.1,48.8,2,1,1,0,1,75.0,1,Yes,7.54,75.8,Good,Not Placed
STU103832,22,Female,BSc Data Science,4,73.6,3.6,86.4,75.0,0,5.3,4.7,97.7,54.9,0,2,1,1,3,66.1,2,Yes,6.44,63.9,Average,Not Placed
STU103833,20,Female,BCA,3,70.5,4.2,99.3,63.9,0,8.4,6.9,69.3,81.8,0,0,5,0,1,91.9,3,Yes,8.09,80.8,Excellent,Placed
STU103834,18,Female,BCA,4,90.3,0.5,100.0,74.4,0,7.6,6.4,76.0,80.2,1,0,2,0,2,85.5,3,Yes,8.42,84.6,Excellent,Placed
STU103835,22,Female,BSc Computer Science,4,96.0,2.8,64.8,90.5,2,8.3,7.6,69.5,62.2,2,1,1,0,3,84.4,2,Yes,9.5,94.8,Excellent,Not Placed
STU103836,22,Male,BSc Data Science,2,71.9,5.2,80.1,78.7,1,7.2,7.0,79.8,89.1,2,0,0,1,2,72.3,0,Yes,8.29,83.9,Excellent,Not Placed
STU103837,23,Male,BCA,4,83.8,6.4,83.5,66.4,0,5.2,7.9,82.4,61.3,2,0,1,0,1,88.0,0,Yes,8.75,83.7,Excellent,Not Placed
STU103838,21,Female,BTech CSE,3,87.8,3.0,69.3,76.2,1,9.1,6.6,56.0,47.8,3,1,2,1,2,93.1,1,No,8.75,88.1,Excellent,Placed
STU103839,23,Female,BCA,4,,3.1,80.5,75.3,1,7.7,5.5,97.0,74.9,2,0,2,0,0,88.3,0,No,8.58,86.2,Excellent,Not Placed
STU103840,21,Male,BTech CSE,4,78.5,5.1,94.0,74.5,0,7.5,8.4,89.6,71.9,0,1,2,0,3,86.5,0,No,7.96,80.7,Excellent,Placed
STU103841,21,Male,BSc Data Science,2,74.1,4.2,94.8,76.6,1,8.1,7.7,75.3,62.7,4,1,3,0,1,95.7,2,No,9.03,88.5,Excellent,Placed
STU103842,18,Female,BTech CSE,3,80.8,3.5,86.1,82.9,0,6.0,6.8,54.8,61.3,3,3,0,1,1,72.2,1,No,9.2,91.7,Excellent,Not Placed
STU103843,24,Male,BCA,3,57.1,3.4,100.0,84.9,1,,6.8,54.7,63.8,1,0,3,1,1,74.4,3,Yes,7.19,74.0,Good,Not Placed
STU103844,18,Male,BTech CSE,4,91.4,2.6,85.8,72.0,1,,6.1,49.0,73.3,2,4,4,2,3,85.7,1,Yes,8.55,84.8,Excellent,Not Placed
STU103845,20,Female,BCA,4,60.9,2.6,96.1,55.5,2,5.2,7.8,68.0,73.4,0,0,5,1,1,76.8,1,No,6.96,70.4,Good,Not Placed
STU103846,21,Male,BSc Data Science,3,69.6,3.7,72.8,73.0,0,4.1,7.8,82.2,75.6,1,1,2,2,5,64.0,3,Yes,6.91,69.4,Good,Not Placed
STU103847,22,Female,BTech CSE,3,74.6,4.0,73.5,70.1,0,2.9,5.2,74.5,61.0,3,1,2,0,1,67.3,0,Yes,6.58,68.0,Good,Not Placed
STU103848,24,Female,BCA,3,68.0,4.1,100.0,78.6,2,7.2,9.4,61.3,62.2,4,2,3,0,2,99.7,2,No,8.76,87.2,Excellent,Not Placed
STU103849,19,Male,BSc Data Science,2,66.7,2.5,76.6,57.5,1,5.2,6.5,49.8,65.0,3,1,1,2,2,69.6,1,No,7.02,68.2,Good,Not Placed
STU103850,20,Male,BTech CSE,2,92.1,5.5,93.2,78.0,1,5.6,6.2,86.1,51.7,0,0,0,2,2,71.2,3,Yes,9.19,90.7,Excellent,Not Placed
STU103851,18,Male,BTech CSE,3,96.0,1.1,76.2,73.5,0,5.1,8.7,58.5,47.8,3,1,3,1,1,90.4,3,No,6.91,67.7,Good,Not Placed
STU103852,23,Male,BCA,2,93.5,4.3,86.3,60.3,0,3.8,7.9,44.0,84.0,5,1,2,0,3,79.2,2,No,8.11,80.6,Excellent,Placed
STU103853,20,Female,BCA,2,86.4,2.7,80.5,47.1,0,8.4,7.7,71.9,64.7,2,1,3,2,1,90.1,1,No,7.47,73.9,Good,Not Placed
STU103854,20,Male,BCA,2,100.0,2.2,89.9,82.4,1,10.0,7.8,63.4,51.1,3,1,0,0,1,88.7,2,Yes,9.51,94.1,Excellent,Placed
STU103855,24,Female,BCA,4,75.3,3.0,89.8,60.1,0,3.3,8.7,79.3,55.3,1,0,0,0,1,73.0,2,Yes,7.19,72.8,Good,Placed
STU103856,20,Male,BBA,3,74.4,1.1,74.7,54.2,1,7.2,5.1,60.4,56.5,3,2,0,2,0,64.5,0,Yes,6.4,63.6,Average,Not Placed
STU103857,20,Male,BSc Computer Science,3,78.1,4.0,90.2,65.2,0,4.4,5.8,69.3,73.3,4,1,3,0,4,73.4,1,Yes,7.43,71.8,Good,Not Placed
STU103858,19,Male,BSc Computer Science,2,92.3,5.9,69.4,86.1,1,8.0,9.3,68.7,86.8,1,1,5,0,1,92.3,2,Yes,9.15,94.3,Excellent,Not Placed
STU103859,23,Male,BBA,3,83.9,2.5,100.0,74.3,1,9.0,5.7,64.1,58.4,5,2,1,0,0,93.0,2,Yes,8.63,85.4,Excellent,Not Placed
STU103860,23,Male,BSc Computer Science,3,95.3,7.0,86.0,77.3,1,7.9,5.1,57.7,34.1,1,1,2,0,1,79.5,1,No,9.38,97.1,Excellent,Not Placed
STU103861,23,Male,BTech CSE,2,,2.2,48.7,71.4,0,4.8,7.4,81.9,70.3,2,0,3,0,1,72.4,2,No,6.11,59.9,Average,Not Placed
STU103862,21,Female,BSc Data Science,3,63.0,2.9,67.6,75.6,1,5.2,6.1,72.8,41.4,3,1,4,1,1,77.8,4,Yes,7.02,72.4,Good,Placed
STU103863,22,Female,BSc Data Science,4,71.3,5.5,89.5,69.5,0,5.7,7.8,68.8,58.2,1,1,4,1,1,89.4,2,No,8.9,90.1,Excellent,Not Placed
STU103864,23,Male,BSc Computer Science,3,88.2,1.7,92.6,66.3,1,7.7,6.5,67.2,89.4,4,1,4,0,3,93.6,2,No,7.66,77.8,Good,Placed
STU103865,20,Male,BCA,3,73.1,3.2,77.7,64.3,0,6.1,6.1,67.4,42.5,0,0,3,1,0,82.6,5,Yes,6.63,67.4,Good,Not Placed
STU103866,20,Male,BCA,3,79.0,6.1,83.7,68.3,1,7.7,5.2,57.5,54.5,1,1,5,2,0,96.4,0,Yes,8.48,84.2,Excellent,Placed
STU103867,23,Male,BCA,2,80.5,1.7,90.0,100.0,0,6.5,7.6,55.3,47.2,3,1,4,2,4,88.0,0,No,9.15,88.7,Excellent,Placed
STU103868,24,Male,BCA,4,96.1,4.4,96.4,78.8,0,6.4,6.4,69.7,42.6,1,2,2,1,1,69.1,1,No,8.02,80.2,Excellent,Placed
STU103869,23,Male,BSc Computer Science,4,86.8,4.3,92.0,61.7,0,6.7,7.1,75.2,55.6,4,1,0,0,1,90.3,1,No,8.34,83.3,Excellent,Not Placed
STU103870,20,Male,BSc Computer Science,3,84.8,0.6,75.8,56.0,0,6.4,5.5,75.2,60.7,2,1,0,1,3,72.7,4,Yes,7.35,70.6,Good,Not Placed
STU103871,21,Male,BSc Data Science,3,79.6,2.6,97.0,70.9,3,,7.5,82.3,83.5,4,1,2,0,0,80.1,5,Yes,6.06,61.4,Average,Not Placed
STU103872,18,Male,BCA,4,69.7,7.1,58.1,51.5,0,4.8,6.8,79.4,56.7,0,0,3,1,3,75.5,0,Yes,7.79,75.6,Good,Not Placed
STU103873,18,Male,BSc Computer Science,3,80.4,3.8,78.9,82.9,0,9.5,6.7,62.2,73.1,1,1,0,0,1,83.9,3,No,9.55,95.6,Excellent,Placed
STU103874,23,Female,BCA,3,99.8,4.1,88.8,41.4,0,7.4,7.6,100.0,92.3,2,3,3,1,2,89.2,1,Yes,7.02,69.1,Good,Placed
STU103875,19,Male,BSc Computer Science,3,83.1,3.9,68.7,68.3,1,9.7,3.5,92.4,96.6,1,2,4,0,1,84.3,2,Yes,7.6,77.7,Good,Not Placed
STU103876,23,Male,BTech CSE,3,72.5,6.6,82.6,50.4,0,4.9,5.1,54.4,55.4,1,1,6,0,0,72.8,3,Yes,6.63,67.3,Good,Not Placed
STU103877,24,Female,BCA,4,73.8,2.0,88.1,77.4,2,6.5,6.5,71.9,90.2,0,2,2,3,0,62.6,0,No,7.46,76.2,Good,Not Placed
STU103878,23,Female,BTech CSE,3,92.2,2.5,73.5,62.9,0,6.1,7.0,57.6,74.1,0,0,1,1,1,62.8,3,Yes,6.83,71.0,Good,Not Placed
STU103879,18,Female,BTech CSE,2,72.7,3.3,84.1,80.5,0,4.6,7.4,56.9,84.9,0,1,4,0,1,74.9,1,Yes,7.78,76.4,Good,Placed
STU103880,20,Female,BCA,3,76.0,4.3,68.5,46.0,1,3.5,5.7,63.9,47.5,2,0,3,1,0,61.4,0,No,6.01,59.9,Average,Not Placed
STU103881,23,Male,BCA,4,66.6,3.7,93.1,85.6,2,4.7,7.3,85.0,59.1,1,0,3,0,1,79.2,3,Yes,7.92,77.7,Good,Not Placed
STU103882,20,Female,BBA,2,75.2,3.8,87.9,76.2,0,8.4,6.2,52.4,71.5,2,1,4,1,0,86.6,2,Yes,8.53,83.9,Excellent,Placed
STU103883,20,Female,BCA,4,82.7,2.7,90.1,71.6,1,5.6,5.6,100.0,41.1,2,1,4,0,1,82.9,2,Yes,7.14,71.9,Good,Not Placed
STU103884,19,Male,BTech CSE,3,75.0,4.4,81.2,61.9,0,5.9,7.7,76.5,54.2,4,1,3,0,2,90.3,1,No,8.38,82.8,Excellent,Placed
STU103885,20,Female,BSc Computer Science,4,78.2,0.7,63.7,68.3,1,6.5,8.0,49.8,45.3,3,1,2,0,1,74.8,4,Yes,7.62,74.3,Good,Not Placed
STU103886,18,Female,BCA,3,66.5,2.7,80.5,80.6,1,6.8,7.9,76.5,58.7,4,1,2,0,1,90.9,5,No,7.47,76.5,Good,Not Placed
STU103887,21,Male,BCA,3,72.4,2.3,100.0,62.0,0,6.0,7.1,60.8,61.2,2,1,4,0,2,92.7,4,No,7.94,79.2,Good,Not Placed
STU103888,21,Male,BSc Computer Science,3,99.3,1.8,,70.7,2,5.8,7.4,60.3,100.0,3,0,1,2,2,76.9,3,Yes,8.16,84.9,Excellent,Not Placed
STU103889,22,Male,BSc Data Science,4,76.7,0.8,100.0,68.4,0,7.2,7.4,82.2,69.2,4,2,4,1,2,96.0,2,No,7.26,74.7,Good,Placed
STU103890,24,Male,BTech CSE,3,81.6,3.8,82.6,74.2,0,9.4,8.3,68.8,41.8,2,1,0,0,0,85.9,3,No,7.31,74.8,Good,Not Placed
STU103891,23,Male,BBA,3,70.0,4.1,74.4,55.3,0,5.4,9.2,63.6,67.6,1,2,2,0,4,75.8,1,Yes,6.96,68.8,Good,Placed
STU103892,24,Female,BTech CSE,2,78.5,4.2,88.5,89.4,0,3.7,8.5,71.9,24.3,2,0,4,0,1,89.8,3,Yes,8.05,78.8,Good,Not Placed
STU103893,18,Female,BCA,2,75.3,4.9,79.9,83.2,1,5.4,,51.2,77.5,0,0,0,0,2,54.7,3,No,6.72,68.5,Good,Not Placed
STU103894,20,Male,BTech CSE,4,89.0,5.2,75.9,50.7,0,6.3,6.0,68.5,78.7,2,0,2,0,3,71.1,2,Yes,7.13,73.0,Good,Not Placed
STU103895,21,Female,BTech CSE,2,88.5,0.5,62.9,48.4,0,3.2,9.5,94.2,42.0,3,1,1,0,1,81.2,4,No,4.52,45.1,Needs Improvement,Not Placed
STU103896,24,Male,BBA,4,89.6,4.4,85.7,88.9,0,6.7,4.3,42.0,71.9,3,0,2,1,3,71.1,3,Yes,8.88,87.5,Excellent,Not Placed
STU103897,18,Male,BSc Data Science,3,78.8,3.8,92.3,72.8,1,7.5,6.1,72.6,60.6,1,1,4,0,1,90.2,1,No,8.53,86.5,Excellent,Placed
STU103898,21,Female,BTech CSE,4,98.4,3.8,69.2,50.4,0,4.6,9.8,72.0,52.4,0,1,2,0,2,87.3,2,No,6.44,65.1,Good,Not Placed
STU103899,20,Female,BSc Computer Science,2,86.0,3.3,98.4,66.1,1,6.0,4.9,65.9,88.5,2,1,3,3,3,71.6,2,Yes,7.51,76.6,Good,Not Placed
STU103900,24,Female,BSc Data Science,2,63.7,2.7,84.7,68.5,0,7.7,5.5,31.4,57.2,2,1,1,2,3,79.7,3,Yes,7.91,77.8,Good,Not Placed
STU103901,21,Female,BBA,2,93.4,4.3,,79.7,0,6.4,6.6,61.2,70.0,7,0,2,0,0,91.5,4,Yes,8.06,79.7,Good,Not Placed
STU103902,23,Female,BCA,4,77.9,2.0,68.6,83.3,3,6.8,4.7,76.5,59.5,2,0,5,0,3,77.8,3,No,7.29,71.6,Good,Not Placed
STU103903,23,Female,BCA,3,89.4,5.2,87.8,73.5,0,6.3,8.2,89.2,87.1,1,0,0,0,1,71.7,3,Yes,8.9,87.2,Excellent,Placed
STU103904,22,Male,BTech CSE,2,67.5,2.8,69.3,69.9,0,6.7,7.7,60.0,60.8,1,0,1,2,1,81.4,2,Yes,7.17,72.5,Good,Placed
STU103905,22,Female,BCA,4,77.3,0.5,71.5,66.3,0,9.3,8.6,50.8,54.4,0,1,2,0,0,89.9,0,Yes,6.49,66.6,Good,Not Placed
STU103906,21,Other,BTech CSE,4,85.5,3.7,63.6,88.9,0,7.5,4.2,76.3,64.9,1,4,2,1,0,63.8,0,Yes,7.31,76.4,Good,Not Placed
STU103907,18,Female,BTech CSE,4,80.4,1.7,100.0,66.9,3,2.8,7.6,77.9,44.3,1,0,1,1,5,66.0,3,Yes,6.93,70.5,Good,Not Placed
STU103908,23,Male,BCA,2,76.5,1.7,81.5,78.2,1,6.8,,60.3,95.8,1,2,2,1,3,78.4,5,No,7.31,73.3,Good,Not Placed
STU103909,18,Male,BSc Data Science,3,53.4,4.5,75.3,59.1,1,9.7,4.3,78.9,88.7,1,2,5,2,2,86.9,1,Yes,7.38,74.4,Good,Not Placed
STU103910,18,Female,BTech CSE,4,70.6,4.9,81.5,56.8,0,6.6,10.0,54.7,61.6,2,0,1,0,1,89.3,1,No,7.95,78.4,Good,Not Placed
STU103911,21,Male,BSc Computer Science,3,68.2,3.3,76.5,74.3,1,3.2,5.2,69.5,52.6,2,1,0,0,1,59.9,2,No,7.12,73.4,Good,Not Placed
STU103912,18,Female,BBA,2,59.4,0.5,80.0,67.4,0,4.7,7.5,71.4,57.3,3,0,1,0,2,82.6,0,Yes,5.88,61.2,Average,Not Placed
STU103913,23,Male,BTech CSE,2,70.9,4.3,86.1,55.5,0,6.3,6.2,54.4,46.9,2,0,1,1,0,68.3,2,Yes,6.96,68.4,Good,Not Placed
STU103914,20,Male,BSc Data Science,4,96.6,3.0,77.5,68.1,0,5.1,7.7,68.2,55.3,0,0,3,1,1,73.2,1,Yes,8.06,78.9,Good,Not Placed
STU103915,22,Female,BCA,2,89.6,5.6,83.4,100.0,0,9.4,5.9,64.6,56.0,3,1,3,0,3,85.1,2,Yes,9.71,97.4,Excellent,Placed
STU103916,20,Male,BBA,4,69.6,6.5,100.0,71.6,0,4.6,8.2,47.8,45.7,2,1,1,0,1,61.0,2,Yes,8.14,79.9,Good,Not Placed
STU103917,18,Male,BSc Computer Science,3,72.1,1.2,61.8,68.4,0,6.4,9.3,58.4,82.7,4,0,2,0,3,88.3,4,No,7.47,72.1,Good,Not Placed
STU103918,20,Female,BCA,4,72.1,7.2,69.5,68.4,0,6.5,7.0,68.0,63.2,3,0,0,0,1,75.2,1,No,8.13,79.8,Good,Not Placed
STU103919,23,Female,BTech CSE,3,85.6,1.2,87.4,86.4,0,9.3,4.2,74.5,73.1,0,1,4,1,1,73.2,1,Yes,10.0,98.8,Excellent,Not Placed
STU103920,23,Male,BTech CSE,3,82.0,2.7,97.1,70.3,2,6.3,4.8,63.5,60.0,2,0,4,2,0,70.5,4,Yes,7.72,79.3,Good,Not Placed
STU103921,18,Female,BSc Computer Science,3,70.9,5.0,100.0,75.0,0,8.5,9.7,77.8,47.4,2,0,2,0,2,93.5,0,Yes,8.12,80.5,Excellent,Placed
STU103922,21,Female,BSc Data Science,4,72.0,2.4,86.6,80.6,2,6.0,7.7,81.5,56.8,3,2,6,0,0,85.3,3,No,7.94,77.2,Good,Not Placed
STU103923,20,Female,BTech CSE,3,88.8,2.3,68.6,87.6,0,6.3,6.5,67.7,55.0,0,1,3,0,2,76.0,0,Yes,7.99,80.7,Excellent,Not Placed
STU103924,21,Female,BTech CSE,4,93.2,0.9,98.6,63.3,0,5.8,,98.1,80.3,3,3,3,2,1,88.0,0,Yes,6.65,64.8,Average,Placed
STU103925,21,Female,BTech CSE,3,69.0,1.5,83.4,60.5,1,3.4,6.3,81.4,86.0,3,0,2,1,0,65.3,2,No,5.13,53.0,Average,Not Placed
STU103926,19,Male,BBA,3,76.8,2.3,,63.4,0,8.3,8.2,70.2,44.5,1,0,0,1,2,80.2,0,Yes,7.12,70.6,Good,Not Placed
STU103927,18,Male,BSc Computer Science,3,79.3,4.7,60.6,79.8,0,7.8,3.8,58.1,62.7,0,2,3,0,3,78.2,3,No,7.97,78.8,Good,Not Placed
STU103928,22,Male,BTech CSE,2,76.1,6.0,94.9,81.2,0,6.5,6.1,78.2,64.4,1,0,3,1,2,76.2,3,Yes,8.97,90.3,Excellent,Not Placed
STU103929,23,Female,BBA,4,89.3,2.4,71.9,74.4,2,5.7,5.5,63.6,56.2,1,0,2,0,0,77.0,1,Yes,7.66,75.4,Good,Not Placed
STU103930,23,Male,BCA,2,76.5,2.9,88.2,83.7,0,4.3,4.5,59.6,58.8,3,1,3,1,1,77.4,0,Yes,7.48,75.6,Good,Placed
STU103931,18,Female,BCA,4,97.1,2.0,82.7,81.2,0,5.5,5.7,52.1,65.1,1,2,0,0,2,62.5,2,Yes,8.0,77.9,Good,Not Placed
STU103932,24,Female,BTech CSE,4,90.0,1.2,84.2,64.5,1,6.4,6.5,62.3,45.3,0,1,6,0,2,80.8,4,No,7.38,74.7,Good,Not Placed
STU103933,24,Male,BCA,2,71.1,1.2,82.6,54.0,1,7.1,5.9,48.8,67.5,3,1,1,2,1,87.0,1,Yes,6.58,64.6,Average,Not Placed
STU103934,24,Male,BCA,2,78.7,1.6,73.7,66.7,1,7.3,7.6,91.0,70.6,4,0,1,0,2,73.3,1,Yes,6.9,69.0,Good,Not Placed
STU103935,22,Male,BCA,3,68.2,3.4,72.7,78.4,1,4.9,7.0,69.9,45.3,1,1,2,0,2,76.2,0,Yes,6.95,69.4,Good,Not Placed
STU103936,23,Female,BSc Data Science,4,74.1,2.6,92.4,77.9,0,4.9,6.0,55.9,87.4,2,1,3,2,3,77.4,6,Yes,7.62,78.0,Good,Not Placed
STU103937,18,Male,BCA,3,86.7,2.9,81.8,50.4,2,6.4,8.7,70.7,63.2,2,0,0,0,0,80.5,1,Yes,7.31,71.8,Good,Not Placed
STU103938,23,Male,BSc Data Science,3,80.5,4.1,74.8,43.7,1,5.9,8.0,69.6,86.7,5,1,0,2,3,78.0,2,Yes,6.99,70.9,Good,Not Placed
STU103939,21,Female,BBA,4,99.1,3.4,76.4,80.3,1,7.7,7.4,93.0,67.7,2,0,2,1,3,84.2,0,No,8.39,85.2,Excellent,Not Placed
STU103940,20,Female,BTech CSE,2,65.8,1.8,89.6,80.6,1,4.0,4.8,82.0,64.8,2,0,1,2,0,67.9,2,Yes,6.45,61.9,Average,Not Placed
STU103941,20,Male,BTech CSE,3,77.7,4.9,74.5,76.3,1,7.5,7.3,56.7,80.8,2,0,2,0,2,88.5,2,Yes,7.61,77.5,Good,Not Placed
STU103942,23,Male,BCA,3,72.9,0.5,99.6,82.9,1,6.6,7.8,55.0,69.7,3,0,3,0,1,81.2,0,Yes,6.49,67.7,Good,Not Placed
STU103943,19,Female,BTech CSE,3,74.8,2.3,80.3,74.5,2,5.4,8.1,82.5,45.1,3,0,1,0,5,70.7,1,No,6.65,67.8,Good,Not Placed
STU103944,22,Female,BTech CSE,2,78.4,6.1,78.2,56.1,1,7.1,6.1,64.8,66.4,0,0,3,0,0,78.4,3,Yes,7.75,77.7,Good,Not Placed
STU103945,24,Female,BSc Computer Science,3,71.2,4.0,88.8,68.3,1,7.6,8.8,46.6,72.3,2,0,2,1,1,96.5,1,Yes,8.92,85.8,Excellent,Placed
STU103946,22,Female,BCA,4,87.6,0.8,78.9,71.1,0,3.1,8.6,62.7,54.4,2,0,2,1,0,83.3,3,Yes,6.15,65.2,Good,Not Placed
STU103947,22,Male,BSc Data Science,3,95.5,1.1,86.2,65.2,0,10.0,9.3,65.7,85.4,1,1,2,1,4,100.0,1,Yes,7.83,81.1,Excellent,Not Placed
STU103948,21,Male,BTech CSE,3,54.6,3.0,81.4,64.9,2,6.4,4.7,78.7,61.1,1,1,1,0,1,74.2,2,Yes,6.37,63.9,Average,Not Placed
STU103949,22,Male,BTech CSE,2,91.9,2.8,62.9,70.9,0,7.3,6.2,69.2,67.8,3,1,1,1,1,88.7,4,Yes,7.87,78.3,Good,Placed
STU103950,20,Male,BTech CSE,3,100.0,4.6,70.3,62.1,0,7.3,4.7,56.6,63.6,3,0,0,2,4,61.9,0,Yes,9.02,89.5,Excellent,Not Placed
STU103951,21,Female,BSc Computer Science,2,79.9,5.2,85.2,46.4,1,6.8,5.5,74.4,80.0,1,3,0,0,3,68.3,1,Yes,6.99,71.1,Good,Not Placed
STU103952,18,Male,BSc Data Science,3,71.9,2.7,77.0,73.3,1,5.6,4.6,69.8,78.2,2,1,3,1,1,67.0,0,Yes,6.57,64.8,Average,Not Placed
STU103953,22,Male,BTech CSE,3,72.3,3.3,100.0,86.9,1,6.7,,28.9,63.0,0,2,2,1,0,73.2,2,No,8.4,83.0,Excellent,Not Placed
STU103954,22,Other,BCA,3,74.9,2.0,73.3,45.5,1,6.5,7.8,75.1,51.6,2,0,2,1,2,84.9,0,Yes,6.1,61.8,Average,Not Placed
STU103955,18,Male,BTech CSE,2,82.3,3.3,67.6,74.0,0,7.0,6.1,53.6,45.4,1,2,1,1,1,62.8,1,No,7.44,74.6,Good,Not Placed
STU103956,22,Male,BBA,3,73.7,2.0,82.4,59.9,0,9.3,5.0,63.8,58.9,2,1,3,1,2,79.4,3,Yes,7.15,68.9,Good,Not Placed
STU103957,18,Male,BTech CSE,3,77.2,3.5,84.8,80.2,0,6.0,10.0,60.4,66.2,4,0,2,1,2,84.9,1,Yes,8.62,83.1,Excellent,Placed
STU103958,21,Female,BSc Data Science,3,68.4,2.6,91.7,76.6,2,4.8,7.4,36.2,62.1,1,1,4,0,0,62.6,1,Yes,7.67,79.0,Good,Not Placed
STU103959,20,Female,BCA,2,73.4,4.4,54.4,84.6,0,,5.1,73.4,60.6,2,2,1,1,0,66.4,1,Yes,6.55,67.7,Good,Not Placed
STU103960,18,Male,BTech CSE,3,73.9,5.1,98.6,61.9,1,5.2,6.4,48.1,52.3,2,1,2,0,0,71.9,2,Yes,7.12,71.5,Good,Not Placed
STU103961,19,Female,BTech CSE,3,77.6,5.4,67.6,72.8,1,4.5,7.1,62.4,40.9,4,0,1,1,1,77.5,2,Yes,7.13,71.9,Good,Not Placed
STU103962,18,Female,BSc Computer Science,3,63.4,3.6,94.0,100.0,1,5.2,6.3,63.9,63.2,3,0,3,1,2,71.6,4,No,8.06,81.7,Excellent,Not Placed
STU103963,22,Female,BSc Computer Science,4,,4.4,100.0,74.4,1,4.0,6.0,44.3,47.9,2,0,5,0,1,81.3,1,No,7.65,78.1,Good,Not Placed
STU103964,24,Female,BCA,3,75.9,2.8,90.2,80.5,1,4.2,5.8,81.0,65.2,2,0,1,1,1,66.6,1,Yes,7.71,77.0,Good,Not Placed
STU103965,24,Female,BTech CSE,2,79.8,2.2,69.4,88.8,0,9.1,7.9,62.5,69.3,2,1,3,0,2,91.9,1,No,8.19,85.8,Excellent,Placed
STU103966,21,Female,BTech CSE,3,92.0,1.4,79.9,61.4,0,8.4,7.8,63.7,84.2,1,0,2,1,1,91.3,1,Yes,7.94,83.6,Excellent,Not Placed
STU103967,23,Male,BBA,4,77.0,4.0,90.3,47.8,2,6.4,5.2,70.3,56.5,4,0,2,0,1,83.9,3,Yes,6.98,69.5,Good,Not Placed
STU103968,21,Male,BSc Data Science,3,65.8,0.5,82.4,51.6,1,4.6,4.0,63.0,43.1,2,0,2,0,4,63.4,1,Yes,5.5,57.8,Average,Not Placed
STU103969,23,Male,BTech CSE,4,79.3,4.8,70.5,58.1,0,,5.4,54.9,59.5,2,0,4,0,1,62.3,0,Yes,7.14,71.6,Good,Not Placed
STU103970,24,Female,BSc Data Science,4,70.9,3.0,83.1,67.0,0,6.0,8.8,51.9,66.5,3,1,2,0,5,82.0,1,Yes,6.85,70.0,Good,Not Placed
STU103971,24,Female,BSc Computer Science,3,70.7,3.1,76.3,78.0,0,7.7,6.3,92.8,83.8,3,0,2,0,2,87.6,2,Yes,8.3,81.0,Excellent,Not Placed
STU103972,18,Male,BTech CSE,3,75.0,4.5,88.6,83.4,0,6.3,6.2,67.5,82.1,2,0,2,0,1,85.2,2,No,9.01,88.7,Excellent,Placed
STU103973,20,Male,BCA,3,72.8,0.7,70.3,59.1,0,8.2,7.6,57.1,61.3,1,0,0,0,1,73.1,8,Yes,6.34,60.2,Average,Not Placed
STU103974,19,Female,BSc Data Science,3,67.3,3.2,60.7,97.7,1,5.7,4.8,72.7,59.5,1,1,2,1,1,66.5,1,Yes,7.27,73.0,Good,Not Placed
STU103975,21,Female,BTech CSE,3,73.1,5.9,70.8,87.6,0,6.0,7.1,80.7,44.5,3,1,2,1,3,89.6,5,No,8.01,79.3,Good,Not Placed
STU103976,22,Female,BSc Computer Science,4,82.6,3.1,63.2,65.9,2,7.5,6.2,100.0,57.4,3,0,3,0,0,77.3,1,No,7.05,70.6,Good,Not Placed
STU103977,23,Female,BCA,3,78.4,1.5,75.1,100.0,1,4.1,6.0,67.7,71.8,2,1,2,0,0,70.5,2,Yes,7.16,71.0,Good,Not Placed
STU103978,22,Female,BSc Data Science,2,68.1,3.0,89.4,79.1,0,6.9,5.4,60.8,84.7,2,0,3,1,2,68.3,2,Yes,7.6,78.0,Good,Not Placed
STU103979,20,Female,BSc Computer Science,4,69.4,5.5,77.7,71.2,2,6.8,8.7,35.3,74.7,2,2,2,0,0,80.0,3,Yes,8.28,81.7,Excellent,Not Placed
STU103980,23,Female,BBA,3,79.2,2.4,81.7,60.8,0,6.1,7.0,66.8,54.1,1,1,0,0,0,76.1,0,No,6.96,68.5,Good,Not Placed
STU103981,21,Female,BCA,4,68.1,1.2,70.9,58.6,1,8.9,7.6,60.1,42.0,2,0,3,1,5,86.5,2,Yes,7.41,72.4,Good,Not Placed
STU103982,18,Male,BTech CSE,3,69.0,2.8,82.2,83.2,2,7.7,6.2,69.3,68.2,3,0,1,0,0,73.9,1,Yes,7.42,74.3,Good,Not Placed
STU103983,22,Male,BCA,2,72.3,1.4,71.5,73.2,0,3.6,8.2,69.0,58.2,2,0,1,0,1,74.7,3,Yes,5.97,61.0,Average,Not Placed
STU103984,20,Male,BCA,2,68.3,0.5,68.9,77.1,0,5.8,8.7,85.0,73.0,0,3,2,0,4,84.0,2,No,6.4,67.6,Good,Placed
STU103985,21,Male,BCA,4,79.0,4.6,79.5,58.4,0,5.2,6.7,70.8,51.3,3,1,2,1,0,80.3,0,Yes,7.57,75.0,Good,Placed
STU103986,24,Female,BTech CSE,2,74.9,5.1,74.6,78.5,0,6.3,5.0,69.3,91.0,1,1,3,0,2,66.1,3,Yes,7.76,79.3,Good,Placed
STU103987,24,Male,BCA,4,92.0,4.1,51.0,72.9,0,4.7,7.8,70.5,57.4,2,0,0,1,2,78.0,2,No,7.53,78.0,Good,Not Placed
STU103988,21,Female,BTech CSE,3,66.4,4.8,81.1,59.0,0,4.6,4.3,63.5,89.7,3,0,2,0,1,75.1,4,No,7.4,70.4,Good,Not Placed
STU103989,21,Male,BSc Computer Science,4,89.5,2.9,,54.9,1,6.2,6.0,87.6,75.7,3,0,2,0,1,89.7,0,Yes,7.04,70.5,Good,Not Placed
STU103990,21,Male,BBA,4,80.4,5.5,70.5,72.5,1,6.6,7.1,73.7,73.4,1,0,2,1,0,87.6,0,Yes,7.64,75.7,Good,Placed
STU103991,23,Female,BTech CSE,4,92.9,2.6,97.4,80.2,1,5.0,6.8,78.7,47.8,0,0,3,0,1,69.3,1,Yes,7.91,81.7,Excellent,Not Placed
STU103992,21,Male,BTech CSE,2,91.6,3.5,91.4,84.7,0,4.8,10.0,64.6,43.8,3,0,3,1,3,84.5,3,Yes,7.46,76.9,Good,Not Placed
STU103993,22,Male,BTech CSE,3,73.7,2.2,86.1,74.8,0,3.6,7.5,52.9,61.7,3,1,1,1,0,65.3,3,Yes,6.68,66.4,Good,Not Placed
STU103994,20,Male,BSc Computer Science,2,63.9,1.4,82.7,62.3,0,7.1,7.6,54.2,44.8,1,4,3,1,1,77.4,0,Yes,6.94,72.4,Good,Not Placed
STU103995,23,Female,BTech CSE,2,76.5,2.5,88.7,72.2,0,5.8,7.4,89.0,80.2,1,1,2,1,2,73.4,1,No,7.47,74.5,Good,Not Placed
STU103996,21,Male,BCA,3,58.2,6.8,77.7,76.3,1,5.4,6.7,94.2,79.3,0,0,2,0,2,77.4,1,Yes,8.27,85.8,Excellent,Not Placed
STU103997,19,Female,BCA,4,84.6,5.8,82.9,62.8,3,8.0,7.6,57.3,70.9,0,0,1,2,2,75.5,1,Yes,9.04,89.5,Excellent,Not Placed
STU103998,19,Female,BSc Computer Science,2,79.5,4.7,77.6,66.3,0,1.9,6.9,52.7,54.9,2,2,0,1,1,65.3,3,Yes,6.78,69.9,Good,Not Placed
STU103999,20,Female,BSc Data Science,4,72.0,2.9,83.2,72.3,0,7.4,5.7,78.8,79.4,3,0,2,2,1,74.5,1,No,7.55,75.3,Good,Not Placed
STU104000,24,Female,BSc Data Science,2,73.5,2.8,85.1,74.7,0,9.1,9.3,61.3,63.4,1,0,2,0,1,90.1,4,No,8.26,85.9,Excellent,Not Placed
STU104001,18,Male,BSc Computer Science,3,67.8,6.1,84.5,56.9,0,2.7,6.5,45.7,52.3,2,0,0,2,2,61.2,4,Yes,7.48,74.4,Good,Not Placed
STU104002,18,Male,BSc Data Science,2,77.7,3.5,78.0,65.4,2,3.0,4.3,50.5,60.7,2,0,3,2,3,51.1,1,Yes,6.49,63.7,Average,Not Placed
STU104003,24,Female,BSc Computer Science,4,68.1,4.7,89.6,73.7,0,3.9,3.5,67.0,63.6,5,1,0,1,1,66.6,1,No,8.1,79.5,Good,Not Placed
STU104004,23,Male,BCA,2,77.6,2.7,79.8,78.0,0,4.3,5.9,99.9,71.5,3,1,2,1,2,63.4,0,Yes,6.41,62.5,Average,Placed
STU104005,23,Male,BBA,4,81.5,3.1,79.5,73.7,0,8.3,7.2,91.8,83.6,2,0,1,0,0,78.7,4,Yes,7.7,77.6,Good,Not Placed
STU104006,23,Male,BBA,3,84.5,4.7,62.0,75.5,0,6.0,7.3,59.6,37.4,2,0,3,0,3,70.8,1,Yes,7.37,76.1,Good,Not Placed
STU104007,18,Female,BBA,4,82.5,2.4,72.6,75.1,0,10.0,3.3,48.4,93.1,2,0,8,1,2,100.0,2,Yes,8.1,80.1,Excellent,Not Placed
STU104008,19,Male,BSc Data Science,3,75.0,4.0,91.5,62.1,0,5.8,8.9,61.8,68.0,2,0,6,0,0,91.2,2,No,7.44,75.2,Good,Not Placed
STU104009,18,Male,BSc Computer Science,3,82.4,2.4,90.6,88.5,1,6.0,7.2,65.6,70.0,2,1,0,2,1,63.7,2,No,8.02,81.2,Excellent,Not Placed
STU104010,22,Female,BBA,3,79.4,4.3,81.8,67.4,0,8.9,7.0,69.3,72.4,0,0,2,0,2,91.5,3,No,8.5,85.5,Excellent,Not Placed
STU104011,21,Female,BBA,4,79.3,2.4,75.9,62.9,2,1.9,8.1,59.1,68.4,1,0,1,0,0,61.4,5,No,5.68,56.7,Average,Not Placed
STU104012,23,Male,BTech CSE,3,67.7,6.1,83.7,54.5,1,6.7,7.9,59.7,76.0,1,1,0,0,2,82.3,2,No,7.75,77.3,Good,Not Placed
STU104013,19,Male,BSc Data Science,4,65.5,3.4,55.7,65.8,0,7.5,8.4,76.5,100.0,1,2,2,2,1,77.4,2,Yes,7.18,70.8,Good,Not Placed
STU104014,20,Female,BSc Computer Science,2,80.6,4.7,83.5,63.7,0,8.5,5.7,62.9,95.0,2,0,1,2,1,87.9,5,Yes,7.63,78.2,Good,Not Placed
STU104015,20,Other,BTech CSE,4,82.9,3.5,68.3,67.5,1,8.1,7.8,64.1,63.0,1,1,1,0,4,88.7,1,No,7.8,79.4,Good,Not Placed
STU104016,21,Female,BCA,3,71.8,2.7,81.0,75.8,0,7.0,8.5,71.5,92.7,3,0,1,2,2,84.4,4,Yes,7.71,77.3,Good,Placed
STU104017,19,Male,BSc Computer Science,2,89.7,4.4,84.3,86.3,1,8.8,6.9,79.1,76.6,1,2,2,0,2,75.0,3,No,8.74,86.6,Excellent,Not Placed
STU104018,18,Male,BTech CSE,3,100.0,5.2,78.2,81.8,0,9.0,6.4,70.7,45.8,1,2,2,0,1,83.4,1,Yes,8.05,82.8,Excellent,Not Placed
STU104019,18,Female,BTech CSE,4,95.5,1.3,90.2,47.8,0,7.7,7.1,76.2,45.2,1,1,2,0,2,89.3,2,No,7.51,74.6,Good,Not Placed
STU104020,22,Female,BSc Computer Science,4,75.3,3.7,75.0,84.1,0,4.7,7.8,89.9,64.1,2,1,1,0,0,81.0,2,No,8.28,82.0,Excellent,Not Placed
STU104021,22,Male,BSc Computer Science,3,73.7,3.3,74.0,78.3,0,6.8,8.3,63.5,83.4,2,1,3,1,2,81.5,4,Yes,7.78,78.7,Good,Not Placed
STU104022,18,Male,BBA,4,85.9,3.8,88.9,93.6,0,8.0,3.6,77.8,66.0,3,1,1,0,0,71.9,4,Yes,8.75,83.6,Excellent,Placed
STU104023,20,Female,BSc Computer Science,3,84.8,5.5,78.0,64.3,1,6.0,6.8,56.2,83.1,5,2,1,2,3,87.5,2,No,7.67,77.8,Good,Not Placed
STU104024,23,Male,BTech CSE,4,66.9,4.7,96.8,59.9,0,7.8,7.2,67.9,79.9,1,0,1,0,1,81.3,4,Yes,8.27,82.7,Excellent,Not Placed
STU104025,20,Male,BTech CSE,2,75.6,5.2,82.1,82.4,0,6.4,6.6,60.7,72.6,1,0,1,2,1,64.3,1,Yes,9.27,94.6,Excellent,Not Placed
STU104026,22,Male,BTech CSE,3,84.6,3.9,88.1,81.0,0,5.5,7.0,70.1,61.3,4,2,3,1,0,87.2,1,Yes,8.15,81.2,Excellent,Placed
STU104027,21,Male,BTech CSE,2,69.0,2.8,92.2,63.9,0,6.8,6.6,81.6,57.3,3,1,2,2,2,92.3,2,Yes,7.38,73.9,Good,Placed
STU104028,18,Male,BSc Data Science,3,70.6,0.5,81.2,69.0,0,4.0,5.9,55.7,58.9,1,2,1,0,0,62.6,2,No,6.38,63.6,Average,Not Placed
STU104029,22,Female,BSc Computer Science,3,72.1,5.6,65.2,77.7,1,7.0,6.2,84.4,77.2,1,1,2,2,1,68.0,1,No,8.61,83.7,Excellent,Placed
STU104030,22,Male,BSc Computer Science,4,74.0,0.5,88.9,76.2,2,5.2,5.4,65.1,66.6,3,0,2,0,2,75.5,1,No,6.01,60.5,Average,Not Placed
STU104031,23,Male,BCA,3,62.3,5.9,95.1,71.6,3,7.5,6.1,68.1,65.7,2,1,2,0,2,89.4,3,Yes,8.26,86.3,Excellent,Placed
STU104032,18,Male,BCA,4,84.9,4.6,79.1,73.1,2,4.5,9.6,57.9,54.3,1,0,1,0,1,84.4,2,Yes,7.79,78.2,Good,Not Placed
STU104033,23,Male,BCA,4,70.7,6.5,92.9,62.2,0,9.9,7.9,47.2,83.3,1,0,3,1,2,91.3,2,No,9.09,90.5,Excellent,Placed
STU104034,18,Male,BTech CSE,2,80.0,3.9,69.2,69.6,0,4.7,6.3,59.1,78.3,2,0,3,1,0,92.3,3,Yes,7.69,78.9,Good,Not Placed
STU104035,23,Male,BCA,3,79.0,4.3,83.6,55.4,0,8.0,6.0,77.0,100.0,2,0,4,1,1,87.3,0,Yes,7.12,71.1,Good,Placed
STU104036,20,Female,BCA,3,67.9,3.2,78.9,71.9,0,6.2,7.0,53.1,67.3,3,2,2,1,0,78.5,2,Yes,7.17,71.3,Good,Placed
STU104037,21,Male,BCA,4,60.3,3.6,64.7,55.6,0,7.4,5.8,75.4,92.8,3,1,0,0,2,82.7,1,Yes,7.27,71.7,Good,Not Placed
STU104038,21,Male,BTech CSE,4,,2.4,86.4,58.8,0,7.8,9.2,51.3,59.2,1,2,1,0,2,86.0,3,Yes,6.91,71.4,Good,Not Placed
STU104039,18,Male,BCA,4,73.6,3.3,72.2,100.0,1,6.1,7.5,48.4,41.7,2,0,2,0,2,97.0,4,Yes,8.94,88.6,Excellent,Not Placed
STU104040,19,Female,BSc Computer Science,3,82.6,2.2,86.1,49.2,1,6.2,4.4,59.6,52.2,2,0,2,0,0,80.9,3,Yes,6.41,67.1,Good,Not Placed
STU104041,24,Female,BCA,4,86.1,3.6,71.0,83.7,0,6.2,4.5,59.8,78.1,1,3,0,0,0,71.4,1,Yes,7.76,78.3,Good,Not Placed
STU104042,22,Male,BTech CSE,3,57.6,3.5,63.6,75.3,0,3.0,5.2,85.2,44.7,1,0,1,2,6,62.9,2,Yes,7.23,70.9,Good,Not Placed
STU104043,22,Female,BBA,3,75.7,3.5,74.1,75.6,1,8.0,6.4,81.2,62.0,1,0,2,0,4,87.3,5,No,8.09,80.9,Excellent,Placed
STU104044,18,Male,BBA,3,88.4,3.4,93.4,59.2,1,6.6,4.3,60.4,70.5,2,1,4,0,0,78.0,3,Yes,8.11,80.4,Excellent,Placed
STU104045,23,Female,BSc Data Science,4,92.4,2.6,80.2,80.8,0,5.9,7.2,82.3,78.5,3,1,3,0,1,79.9,3,Yes,7.92,79.9,Good,Placed
STU104046,19,Male,BSc Computer Science,4,59.7,4.3,82.4,50.2,0,6.3,6.4,69.7,49.4,5,0,3,0,1,88.1,2,Yes,7.01,70.8,Good,Not Placed
STU104047,20,Female,BSc Computer Science,3,89.5,4.0,83.5,66.1,0,5.7,5.7,51.2,77.8,2,2,2,1,1,69.9,2,Yes,8.12,81.4,Excellent,Not Placed
STU104048,23,Male,BSc Data Science,4,67.9,3.9,83.1,72.2,1,2.8,7.0,63.8,61.1,2,0,3,0,2,71.2,3,No,6.92,71.9,Good,Not Placed
STU104049,23,Male,BSc Data Science,4,85.1,2.1,100.0,92.0,0,5.7,10.0,59.0,80.0,1,0,1,3,0,77.6,2,Yes,8.34,87.7,Excellent,Not Placed
STU104050,18,Female,BCA,3,72.5,4.5,81.5,79.9,0,6.5,5.7,76.3,75.7,2,3,7,0,3,81.7,1,No,8.53,87.8,Excellent,Not Placed
STU104051,18,Female,BTech CSE,3,85.5,2.4,61.0,66.8,1,5.0,9.7,54.1,57.9,2,1,0,0,1,79.0,1,Yes,5.82,58.4,Average,Not Placed
STU104052,22,Male,BCA,3,74.4,2.7,77.9,68.7,2,6.6,6.2,62.7,47.7,2,1,1,0,0,80.2,3,No,6.66,65.2,Good,Not Placed
STU104053,18,Male,BSc Computer Science,3,63.6,3.6,82.8,78.9,0,8.0,5.9,73.0,80.6,1,3,0,0,1,79.6,2,No,8.42,83.4,Excellent,Not Placed
STU104054,18,Male,BSc Computer Science,3,72.2,5.2,68.1,57.5,1,5.4,5.8,65.5,49.1,1,0,4,1,1,91.5,5,Yes,6.86,67.5,Good,Not Placed
STU104055,18,Female,BSc Computer Science,3,83.4,1.7,79.4,85.3,1,3.9,8.4,78.6,66.0,3,0,0,1,0,79.4,3,No,6.99,72.2,Good,Not Placed
STU104056,22,Female,BTech CSE,4,73.8,2.0,79.5,70.9,0,6.6,6.8,70.8,61.0,2,1,1,0,1,76.7,5,No,6.6,65.4,Good,Not Placed
STU104057,20,Male,BTech CSE,2,67.3,0.6,100.0,61.5,0,7.3,6.2,51.9,50.0,4,0,1,1,2,66.2,4,Yes,7.01,73.4,Good,Not Placed
STU104058,20,Female,BTech CSE,3,65.3,4.3,74.5,55.3,1,9.6,2.8,74.6,54.3,2,1,1,0,1,72.7,3,Yes,6.43,63.0,Average,Placed
STU104059,24,Female,BSc Computer Science,3,69.9,3.0,92.4,42.0,1,5.6,4.5,86.7,61.4,1,0,2,2,0,75.8,2,No,6.6,68.6,Good,Not Placed
STU104060,24,Female,BCA,3,69.8,4.1,80.4,93.0,2,6.6,8.4,68.4,60.5,1,3,0,0,0,71.8,1,No,8.14,84.1,Excellent,Not Placed
STU104061,18,Female,BSc Data Science,4,83.7,4.0,91.5,49.4,0,8.7,8.9,72.3,65.9,1,0,0,2,1,75.4,0,Yes,7.68,75.9,Good,Not Placed
STU104062,24,Female,BBA,3,74.0,4.7,97.4,77.8,0,5.0,9.0,53.6,58.9,0,2,2,1,2,81.7,1,No,8.18,80.6,Excellent,Not Placed
STU104063,22,Male,BBA,3,75.0,3.5,86.2,77.2,0,7.5,,57.4,82.4,1,0,3,2,2,74.8,1,Yes,8.35,83.5,Excellent,Not Placed
STU104064,20,Male,BTech CSE,4,76.2,2.4,81.4,66.3,1,7.4,7.7,91.6,86.0,2,0,1,0,3,95.4,2,Yes,8.0,80.5,Excellent,Placed
STU104065,23,Female,BCA,2,83.4,3.8,,70.6,0,7.6,5.5,85.3,52.1,1,2,3,0,2,82.8,3,No,8.85,87.0,Excellent,Not Placed
STU104066,20,Male,BCA,4,84.4,4.1,65.9,67.2,0,5.4,8.8,70.1,54.5,1,2,3,1,2,92.9,1,Yes,8.12,78.2,Good,Placed
STU104067,20,Female,BSc Data Science,3,72.7,3.0,83.9,74.7,0,4.8,8.1,69.0,67.5,4,1,1,1,1,80.6,2,Yes,7.71,76.9,Good,Not Placed
STU104068,22,Male,BTech CSE,2,75.4,3.6,68.3,67.3,1,6.0,7.1,76.5,56.6,2,1,1,0,2,76.2,4,Yes,7.45,75.9,Good,Not Placed
STU104069,24,Male,BTech CSE,4,84.4,1.5,90.8,68.5,1,6.5,5.2,53.5,60.0,6,1,2,0,1,78.9,2,Yes,6.79,68.0,Good,Not Placed
STU104070,23,Female,BTech CSE,2,71.0,1.6,,71.0,0,4.1,8.8,84.6,61.9,0,0,1,0,1,78.7,1,No,6.38,62.7,Average,Not Placed
STU104071,22,Female,BSc Computer Science,3,72.5,1.0,81.2,79.5,0,7.4,7.1,78.6,49.5,1,0,3,1,0,77.3,1,Yes,7.25,68.5,Good,Not Placed
STU104072,18,Male,BCA,2,84.4,3.9,77.9,79.2,0,8.0,7.9,63.5,58.6,2,1,1,1,1,76.7,1,Yes,9.27,91.7,Excellent,Placed
STU104073,21,Female,BCA,2,72.3,4.6,89.4,70.5,0,4.3,4.5,66.9,46.0,2,0,2,0,0,60.3,0,Yes,7.44,71.5,Good,Not Placed
STU104074,20,Female,BCA,4,80.5,1.4,62.3,69.0,0,8.1,4.9,66.5,65.3,1,1,1,0,0,81.1,7,Yes,7.97,76.9,Good,Not Placed
STU104075,21,Female,BSc Computer Science,4,62.2,3.7,100.0,78.8,0,4.4,6.1,61.6,100.0,2,0,3,1,2,70.4,4,No,8.21,81.0,Excellent,Not Placed
STU104076,22,Male,BCA,2,83.8,4.2,80.4,61.7,0,5.2,10.0,64.4,54.8,3,1,2,1,1,89.0,1,Yes,7.51,74.7,Good,Not Placed
STU104077,22,Female,BTech CSE,3,76.0,2.9,67.7,58.0,0,6.5,4.7,77.3,47.7,5,1,0,0,0,87.9,0,Yes,6.84,69.2,Good,Not Placed
STU104078,22,Female,BTech CSE,4,82.1,5.9,53.1,55.9,0,6.7,6.0,71.8,34.8,2,0,2,1,1,79.7,2,Yes,7.15,69.6,Good,Not Placed
STU104079,21,Male,BSc Data Science,4,89.2,1.3,80.1,74.9,0,8.9,6.3,67.1,59.4,5,0,1,0,1,97.8,5,Yes,8.03,81.0,Excellent,Not Placed
STU104080,22,Female,BCA,3,74.7,2.9,84.5,85.1,2,7.6,9.0,79.5,58.8,1,2,1,0,0,95.5,0,Yes,8.68,85.3,Excellent,Placed
STU104081,18,Female,BCA,4,62.7,0.5,85.4,72.9,1,7.0,7.3,85.2,57.1,2,1,2,0,2,79.1,2,Yes,6.8,66.7,Good,Not Placed
STU104082,22,Female,BTech CSE,3,74.4,4.0,66.0,75.2,0,5.3,4.3,57.1,92.0,2,0,2,0,0,73.2,4,No,8.02,80.3,Excellent,Not Placed
STU104083,19,Female,BSc Data Science,3,,2.4,68.5,65.8,1,5.6,6.2,92.0,66.7,3,0,3,1,0,89.9,1,Yes,7.0,70.6,Good,Placed
STU104084,24,Male,BSc Data Science,4,79.7,0.5,96.9,75.1,0,4.8,6.0,82.3,84.5,0,0,3,2,4,72.7,0,Yes,7.24,71.8,Good,Placed
STU104085,21,Male,BTech CSE,2,67.4,4.4,64.9,73.6,3,5.6,4.4,86.3,80.4,1,1,3,1,2,61.9,4,Yes,7.85,74.9,Good,Placed
STU104086,19,Female,BSc Computer Science,2,76.1,3.3,83.2,77.8,2,9.6,6.8,100.0,46.3,1,0,2,0,3,85.5,1,Yes,8.11,80.7,Excellent,Not Placed
STU104087,22,Female,BSc Computer Science,3,82.9,3.0,77.8,43.3,0,6.3,7.2,80.0,80.8,1,1,2,4,2,80.1,1,Yes,6.73,65.0,Average,Not Placed
STU104088,18,Female,BTech CSE,2,76.7,5.2,76.1,77.1,0,,8.5,44.7,63.9,3,1,4,0,1,96.8,1,Yes,8.19,82.7,Excellent,Not Placed
STU104089,20,Male,BTech CSE,3,76.5,2.3,79.0,79.6,0,5.7,7.6,56.5,43.2,0,3,1,1,1,61.1,3,Yes,7.84,79.7,Good,Not Placed
STU104090,23,Male,BTech CSE,4,70.9,4.5,76.1,79.3,1,4.8,4.9,49.5,53.6,4,1,2,0,1,75.8,3,Yes,7.62,77.1,Good,Not Placed
STU104091,24,Male,BSc Data Science,3,71.7,4.7,75.7,70.5,0,6.8,6.5,88.0,83.5,1,1,0,1,2,70.9,1,No,8.12,78.3,Good,Placed
STU104092,23,Male,BSc Data Science,3,80.2,2.7,93.0,93.1,1,6.8,9.6,87.1,61.8,1,1,0,1,2,72.7,2,Yes,8.08,83.5,Excellent,Placed
STU104093,22,Male,BTech CSE,3,82.9,3.5,77.6,83.2,1,8.6,7.4,93.1,58.0,0,2,5,0,0,94.0,3,No,8.11,83.2,Excellent,Placed
STU104094,24,Female,BSc Computer Science,2,76.3,6.0,68.6,89.4,0,5.6,7.5,79.1,79.4,3,0,0,0,1,68.6,0,No,7.85,77.7,Good,Not Placed
STU104095,24,Male,BTech CSE,3,73.1,2.0,81.1,77.4,2,5.7,5.5,91.8,86.2,2,0,1,1,2,71.3,2,Yes,6.56,65.0,Average,Not Placed
STU104096,18,Female,BTech CSE,3,85.6,4.3,70.4,72.0,1,5.1,5.8,45.8,71.6,0,0,2,1,2,68.2,1,Yes,6.87,71.7,Good,Not Placed
STU104097,24,Male,BBA,2,73.8,3.6,70.0,79.1,0,6.9,5.5,67.5,59.7,3,4,3,2,2,90.5,5,Yes,8.42,81.5,Excellent,Placed
STU104098,21,Female,BCA,4,80.9,5.4,98.0,64.5,0,8.4,6.9,55.2,83.1,2,0,3,1,1,83.3,3,No,7.72,80.2,Excellent,Not Placed
STU104099,19,Female,BCA,3,83.3,3.4,80.0,81.9,0,8.4,7.1,45.3,35.2,3,0,0,2,3,86.1,1,Yes,7.35,73.2,Good,Not Placed
STU104100,19,Male,BCA,4,65.4,4.5,67.9,66.6,0,9.6,7.0,93.1,66.9,2,1,2,0,1,87.1,1,Yes,7.98,78.1,Good,Not Placed
STU104101,19,Male,BTech CSE,2,79.4,1.1,80.9,64.9,0,4.2,8.5,51.2,81.9,0,0,3,1,0,88.3,2,Yes,6.5,65.0,Average,Not Placed
STU104102,21,Male,BSc Data Science,4,51.0,0.5,82.7,56.2,0,7.1,7.1,65.8,84.4,3,0,3,0,3,86.8,2,Yes,7.02,72.2,Good,Not Placed
STU104103,23,Female,BCA,3,77.0,1.9,79.7,84.1,0,7.3,3.6,74.9,93.1,2,1,0,0,0,60.8,1,No,8.31,81.5,Excellent,Not Placed
STU104104,18,Male,BCA,4,83.8,2.8,76.6,96.2,0,3.8,6.1,56.6,85.0,1,1,3,0,1,70.9,3,Yes,8.26,83.3,Excellent,Not Placed
STU104105,24,Female,BSc Data Science,3,81.4,3.0,66.7,88.4,3,8.2,6.6,42.1,70.3,3,0,2,0,5,84.9,4,Yes,7.76,80.2,Excellent,Not Placed
STU104106,21,Female,BCA,4,86.0,5.1,77.4,82.8,0,2.4,5.9,70.2,51.0,1,1,2,2,1,60.9,0,No,8.28,82.6,Excellent,Not Placed
STU104107,19,Female,BCA,3,81.5,2.9,73.3,83.2,4,,6.5,60.5,61.4,2,2,2,1,4,74.5,6,Yes,7.16,71.2,Good,Not Placed
STU104108,22,Male,BTech CSE,4,72.6,3.5,80.7,82.7,1,3.5,5.7,94.4,61.5,4,0,1,0,1,48.0,2,No,6.65,67.3,Good,Not Placed
STU104109,20,Female,BCA,4,62.6,3.7,86.6,70.5,1,10.0,8.8,72.2,51.9,3,0,2,0,0,100.0,2,Yes,8.9,87.5,Excellent,Placed
STU104110,24,Male,BCA,4,79.1,2.6,100.0,67.4,0,6.3,4.7,76.3,20.0,2,0,3,0,1,75.3,0,No,6.89,69.4,Good,Not Placed
STU104111,21,Male,BTech CSE,3,82.8,3.5,90.5,60.3,0,8.2,4.7,25.8,65.5,1,0,3,2,0,83.1,1,No,8.6,82.2,Excellent,Not Placed
STU104112,21,Female,BTech CSE,3,60.4,5.1,52.1,94.3,0,6.5,4.3,74.7,49.6,4,1,1,1,0,82.8,3,Yes,8.0,79.7,Good,Not Placed
STU104113,18,Female,BSc Data Science,4,82.0,3.9,84.4,69.6,1,5.2,8.0,66.5,68.2,0,1,3,2,1,74.9,3,Yes,7.6,75.9,Good,Not Placed
STU104114,18,Male,BCA,3,78.9,4.4,98.7,73.7,0,8.5,4.3,88.5,44.4,3,1,0,0,2,81.0,5,Yes,9.47,91.5,Excellent,Placed
STU104115,21,Male,BTech CSE,3,74.4,4.0,80.4,58.5,0,6.4,7.7,58.3,42.5,2,2,3,0,2,77.2,0,Yes,6.98,67.2,Good,Not Placed
STU104116,19,Male,BSc Data Science,2,82.4,6.0,99.1,62.7,0,4.4,6.6,75.2,56.5,1,0,1,0,1,69.0,1,Yes,8.15,78.5,Good,Not Placed
STU104117,20,Male,BCA,3,75.2,1.9,69.8,60.2,0,5.4,6.4,53.1,79.8,0,1,5,1,2,81.7,1,No,6.4,63.1,Average,Not Placed
STU104118,24,Male,BCA,3,74.6,7.3,72.3,67.7,1,4.7,7.4,47.5,67.8,1,0,2,0,2,75.0,0,Yes,7.59,73.7,Good,Not Placed
STU104119,18,Female,BCA,3,65.3,5.0,80.1,79.7,0,6.3,9.5,60.6,74.6,0,2,5,0,0,86.7,3,Yes,7.65,77.2,Good,Not Placed
STU104120,24,Female,BSc Computer Science,3,82.0,5.3,80.4,77.6,1,6.0,4.8,62.6,48.5,3,2,2,0,3,72.4,0,No,8.29,81.6,Excellent,Not Placed
STU104121,19,Female,BTech CSE,2,64.9,5.5,91.2,79.2,0,6.1,5.7,52.9,66.6,1,1,4,0,3,76.8,0,Yes,7.67,78.0,Good,Not Placed
STU104122,24,Male,BTech CSE,3,71.2,5.1,82.0,71.8,3,7.4,4.3,64.4,50.8,3,2,2,0,2,87.5,2,Yes,7.51,78.6,Good,Not Placed
STU104123,22,Female,BSc Computer Science,4,82.6,1.6,80.8,81.0,1,10.0,7.1,72.9,83.8,3,0,2,1,0,87.9,2,No,6.81,69.0,Good,Not Placed
STU104124,18,Female,BSc Data Science,2,76.3,1.8,100.0,70.2,0,6.6,6.0,80.5,84.4,2,1,2,0,1,74.2,1,Yes,7.27,72.5,Good,Not Placed
STU104125,19,Female,BSc Computer Science,3,95.1,4.5,73.4,77.5,1,5.0,5.0,39.8,56.3,2,1,2,0,1,78.4,2,No,7.41,74.5,Good,Not Placed
STU104126,19,Male,BSc Data Science,3,83.9,4.4,96.2,67.3,1,10.0,6.1,68.7,90.0,4,1,2,0,2,100.0,0,No,8.63,87.8,Excellent,Placed
STU104127,20,Male,BCA,4,85.5,4.8,86.6,85.3,0,9.2,5.2,39.6,62.3,1,0,1,0,2,79.5,4,Yes,10.0,97.2,Excellent,Placed
STU104128,20,Male,BTech CSE,2,86.5,3.6,78.0,61.3,0,7.5,8.1,88.5,90.6,3,0,0,1,1,89.6,2,Yes,7.11,73.3,Good,Not Placed
STU104129,22,Female,BTech CSE,2,75.6,1.5,84.8,85.5,1,6.7,3.6,84.8,46.2,3,0,2,1,2,71.6,0,Yes,7.19,71.1,Good,Not Placed
STU104130,19,Female,BSc Data Science,3,72.7,3.3,73.0,76.3,1,7.2,9.1,66.3,46.3,1,0,1,1,0,100.0,5,No,7.84,80.0,Excellent,Not Placed
STU104131,23,Female,BTech CSE,3,65.9,4.6,82.9,90.2,2,2.3,9.0,55.9,73.9,1,0,1,0,0,76.2,1,Yes,7.8,77.8,Good,Not Placed
STU104132,19,Male,BSc Data Science,2,63.5,3.1,,64.1,0,3.6,5.4,66.6,52.0,0,0,1,0,1,60.6,2,No,6.32,64.8,Average,Not Placed
STU104133,20,Male,BSc Data Science,4,89.5,3.5,87.2,69.2,0,8.1,7.3,50.2,71.5,6,1,1,0,0,97.8,2,Yes,8.05,77.5,Good,Not Placed
STU104134,23,Male,BCA,3,71.8,3.5,80.7,68.9,2,9.1,10.0,91.7,48.6,2,0,6,0,2,100.0,1,No,7.79,78.0,Good,Not Placed
STU104135,18,Male,BTech CSE,3,86.9,2.7,100.0,61.6,0,3.2,7.2,53.3,45.1,2,0,0,1,1,55.1,3,Yes,7.23,70.1,Good,Not Placed
STU104136,18,Male,BTech CSE,3,63.3,2.3,72.3,95.7,1,4.9,5.2,77.8,80.4,2,1,1,1,1,80.5,1,No,7.43,73.2,Good,Not Placed
STU104137,24,Female,BTech CSE,4,76.2,6.7,74.4,63.5,0,5.3,8.3,59.0,98.0,1,1,3,0,0,76.3,3,Yes,6.71,66.4,Good,Not Placed
STU104138,21,Male,BCA,2,90.7,5.8,84.6,60.9,1,4.8,7.7,75.2,62.8,0,2,2,1,3,79.0,7,Yes,7.11,73.0,Good,Not Placed
STU104139,20,Female,BCA,2,80.7,5.1,73.1,89.4,0,7.0,5.1,64.1,75.3,3,0,2,0,0,73.0,5,No,8.62,89.9,Excellent,Not Placed
STU104140,21,Male,BSc Computer Science,2,80.9,4.1,89.4,81.2,0,7.8,5.4,78.3,62.1,3,0,3,0,1,83.7,3,No,7.35,73.8,Good,Not Placed
STU104141,23,Male,BSc Data Science,3,72.1,2.0,96.5,69.7,0,4.7,6.5,83.5,74.9,0,1,1,0,1,67.9,3,No,7.43,73.8,Good,Not Placed
STU104142,20,Male,BSc Data Science,4,69.0,4.8,76.3,49.8,0,3.9,9.4,62.9,20.0,3,1,1,0,1,69.5,4,Yes,7.1,72.5,Good,Not Placed
STU104143,22,Female,BBA,3,77.6,5.2,83.0,92.6,0,4.4,5.0,71.7,55.6,0,0,0,1,3,56.5,3,Yes,9.0,90.9,Excellent,Not Placed
STU104144,19,Male,BTech CSE,2,66.7,3.0,89.2,95.4,0,5.7,6.3,95.0,96.8,3,0,0,1,0,70.8,1,Yes,7.82,78.6,Good,Not Placed
STU104145,22,Female,BSc Data Science,2,,1.9,91.7,79.3,1,9.4,9.5,68.3,71.5,2,0,1,1,0,84.5,1,Yes,7.2,72.8,Good,Not Placed
STU104146,23,Male,BCA,3,87.8,4.1,100.0,78.2,1,6.6,6.0,76.0,64.1,6,0,1,2,3,82.7,2,No,8.79,88.5,Excellent,Not Placed
STU104147,20,Female,BCA,2,65.3,5.1,,74.5,0,10.0,8.5,79.0,74.5,0,3,5,1,3,100.0,2,No,8.68,85.0,Excellent,Placed
STU104148,23,Female,BTech CSE,4,84.4,2.5,98.4,66.8,0,7.9,6.6,52.3,79.6,3,1,4,3,2,80.3,1,No,7.71,77.9,Good,Not Placed
STU104149,19,Male,BTech CSE,2,88.0,4.3,74.9,86.5,0,5.4,9.3,47.8,30.6,2,0,1,0,0,74.8,2,Yes,8.3,82.8,Excellent,Not Placed
STU104150,18,Female,BTech CSE,2,75.4,2.1,75.4,67.4,0,6.7,8.5,68.8,60.6,2,0,2,0,3,81.6,2,Yes,8.06,81.8,Excellent,Not Placed
STU104151,18,Male,BSc Data Science,2,78.3,1.8,83.6,78.7,1,5.6,7.1,62.3,44.9,0,1,1,2,1,65.5,2,Yes,6.76,70.2,Good,Not Placed
STU104152,23,Female,BCA,4,73.2,3.8,82.7,74.6,0,4.5,6.7,54.2,99.3,0,2,4,0,1,67.0,4,Yes,7.29,75.0,Good,Placed
STU104153,21,Male,BBA,3,74.9,2.3,95.8,71.9,0,5.9,5.3,39.7,40.8,3,1,4,0,1,74.0,0,Yes,6.95,69.3,Good,Not Placed
STU104154,20,Male,BBA,4,86.2,4.1,65.8,61.8,0,7.9,4.0,63.3,62.1,0,0,1,2,2,70.4,2,Yes,8.62,83.9,Excellent,Not Placed
STU104155,20,Female,BSc Computer Science,3,85.2,1.1,49.3,57.7,1,5.5,6.8,65.8,75.0,0,0,0,0,2,67.0,2,No,6.31,64.6,Average,Not Placed
STU104156,18,Female,BCA,2,81.9,2.2,100.0,77.9,0,6.1,7.5,75.8,75.0,1,1,0,1,1,69.1,2,Yes,8.26,82.1,Excellent,Not Placed
STU104157,24,Male,BSc Computer Science,3,84.1,5.0,66.2,66.8,1,5.4,8.1,66.3,47.8,4,1,2,0,2,93.6,0,Yes,7.48,74.3,Good,Not Placed
STU104158,22,Female,BTech CSE,3,80.0,4.5,,73.7,0,8.9,10.0,46.4,48.8,1,0,1,2,1,93.3,4,No,9.03,90.9,Excellent,Not Placed
STU104159,24,Male,BTech CSE,3,65.7,4.1,97.3,74.4,0,6.2,4.6,62.9,52.6,3,2,2,0,2,89.6,4,Yes,8.27,81.8,Excellent,Placed
STU104160,19,Male,BTech CSE,3,88.6,2.8,94.5,75.7,0,5.9,6.6,53.3,56.9,1,0,2,1,3,76.0,2,Yes,7.91,79.8,Good,Not Placed
STU104161,22,Female,BCA,2,69.1,3.5,87.6,70.6,2,6.0,7.6,77.1,58.1,7,0,1,0,0,91.1,3,Yes,6.96,70.6,Good,Not Placed
STU104162,22,Male,BCA,2,77.0,3.2,90.2,79.8,0,7.1,5.2,89.3,75.5,1,1,8,0,3,97.1,3,Yes,8.4,83.5,Excellent,Placed
STU104163,23,Male,BCA,3,86.5,7.0,76.3,71.0,1,6.7,7.7,68.0,55.4,1,1,4,3,4,89.6,6,Yes,9.17,91.9,Excellent,Placed
STU104164,18,Female,BBA,3,64.0,4.0,60.9,69.1,0,8.2,7.3,63.8,69.8,0,0,1,1,5,72.7,2,No,7.37,74.4,Good,Not Placed
STU104165,24,Male,BSc Computer Science,4,84.2,2.4,78.2,80.9,1,5.8,6.2,71.7,54.2,4,3,5,2,2,95.4,1,No,7.3,71.8,Good,Not Placed
STU104166,24,Female,BTech CSE,3,66.1,3.4,76.0,72.3,2,9.7,4.4,86.4,72.2,2,1,3,0,2,87.4,0,Yes,8.28,81.2,Excellent,Not Placed
STU104167,18,Male,BCA,4,83.9,1.0,71.6,74.8,1,5.2,6.7,33.4,70.0,2,1,2,1,1,68.5,2,Yes,7.29,72.1,Good,Not Placed
STU104168,24,Male,BBA,3,90.0,0.6,82.5,83.3,1,6.7,7.5,55.9,59.9,0,0,3,1,0,84.7,1,No,7.14,71.8,Good,Not Placed
STU104169,18,Male,BTech CSE,2,70.6,5.7,60.6,77.1,0,7.3,3.9,57.0,51.5,4,0,1,2,2,83.0,1,Yes,8.98,92.1,Excellent,Not Placed
STU104170,23,Female,BCA,4,69.3,3.9,95.8,83.2,1,6.5,6.2,68.9,56.4,2,0,1,1,1,83.8,4,No,8.66,87.6,Excellent,Not Placed
STU104171,21,Female,BTech CSE,3,78.8,2.8,81.2,53.0,0,6.5,6.3,73.7,52.3,2,2,2,1,2,75.9,2,No,7.02,68.4,Good,Not Placed
STU104172,22,Male,BCA,3,69.0,3.5,76.6,100.0,0,4.9,8.3,72.8,66.1,2,0,1,0,2,79.1,3,Yes,7.41,77.5,Good,Not Placed
STU104173,23,Male,BCA,3,56.2,3.3,78.6,80.6,0,7.7,5.0,72.3,77.8,3,2,4,0,2,88.5,0,Yes,7.74,76.7,Good,Not Placed
STU104174,20,Female,BCA,3,77.7,3.6,80.3,79.2,0,6.8,7.6,68.8,72.9,2,0,1,0,1,86.6,4,No,7.37,75.4,Good,Not Placed
STU104175,19,Male,BBA,4,81.4,5.2,70.6,70.3,0,6.5,7.8,61.8,78.2,2,0,3,1,5,82.9,3,Yes,8.07,81.2,Excellent,Not Placed
STU104176,21,Female,BBA,4,74.7,4.3,70.6,54.0,1,3.1,7.1,68.7,48.2,4,1,4,2,1,78.5,2,Yes,6.94,64.4,Average,Not Placed
STU104177,20,Male,BSc Data Science,3,79.1,2.9,67.6,80.6,0,7.5,8.2,35.2,64.5,3,2,2,1,0,94.2,4,No,7.33,72.3,Good,Placed
STU104178,22,Female,BTech CSE,3,88.5,0.9,66.4,85.3,0,7.6,10.0,56.2,54.3,0,0,0,1,1,91.3,6,Yes,6.91,71.0,Good,Not Placed
STU104179,24,Male,BTech CSE,4,74.4,2.0,72.6,51.5,0,1.5,8.3,70.2,65.8,0,1,3,2,2,64.6,3,No,5.23,53.7,Average,Not Placed
STU104180,18,Female,BTech CSE,2,75.7,4.6,80.4,82.6,0,7.7,6.1,48.6,75.0,3,1,0,1,2,93.4,2,Yes,8.24,82.3,Excellent,Not Placed
STU104181,22,Female,BSc Data Science,3,77.8,5.8,94.1,90.5,1,6.1,7.7,50.2,57.6,3,0,1,0,1,91.0,1,Yes,8.78,88.6,Excellent,Not Placed
STU104182,23,Male,BSc Computer Science,2,74.9,2.2,64.7,90.0,0,3.5,8.7,65.6,39.8,3,2,2,0,1,80.3,1,No,5.95,59.9,Average,Not Placed
STU104183,19,Male,BTech CSE,3,74.9,2.0,92.1,78.4,0,4.8,5.6,85.8,48.8,1,2,0,0,1,69.8,1,Yes,7.01,69.5,Good,Not Placed
STU104184,23,Female,BCA,4,95.1,2.9,64.3,71.1,0,4.3,7.8,68.3,32.4,4,1,1,0,0,85.2,3,Yes,7.03,68.3,Good,Not Placed
STU104185,21,Female,BSc Data Science,3,79.3,6.2,83.1,83.4,1,5.0,7.2,46.9,65.5,1,2,1,0,0,61.6,5,No,8.97,87.5,Excellent,Not Placed
STU104186,21,Male,BTech CSE,2,75.0,3.7,65.3,77.0,0,7.5,7.7,68.7,58.1,1,0,2,1,3,73.0,2,Yes,9.05,88.7,Excellent,Not Placed
STU104187,19,Male,BCA,3,91.8,2.4,68.1,76.4,1,7.6,4.6,78.9,55.6,0,0,2,1,0,84.1,7,No,7.35,75.0,Good,Not Placed
STU104188,20,Female,BBA,4,88.9,3.0,85.5,65.7,0,7.5,6.6,73.5,41.5,1,1,1,0,2,70.1,4,Yes,7.94,78.1,Good,Not Placed
STU104189,20,Male,BCA,3,84.2,2.7,85.4,52.6,0,6.0,5.8,60.0,55.7,2,3,3,1,1,91.1,1,Yes,6.69,65.9,Good,Not Placed
STU104190,21,Female,BBA,4,71.9,4.6,90.2,82.3,0,10.0,7.3,65.1,62.9,1,0,3,1,1,83.7,2,Yes,8.91,88.6,Excellent,Placed
STU104191,21,Male,BCA,4,100.0,6.4,71.8,68.1,0,2.1,8.0,71.5,61.2,0,1,3,0,1,70.1,0,Yes,8.78,84.7,Excellent,Not Placed
STU104192,24,Female,BCA,2,62.3,3.7,93.0,60.2,1,4.7,3.9,76.0,79.5,4,0,4,2,2,85.8,1,No,7.01,67.6,Good,Not Placed
STU104193,18,Female,BSc Data Science,2,60.2,5.1,99.2,58.7,1,7.0,7.4,65.5,51.2,6,2,2,0,0,88.2,3,Yes,8.84,89.7,Excellent,Placed
STU104194,24,Other,BTech CSE,3,81.8,1.5,84.6,69.8,0,5.3,9.2,53.7,64.3,1,1,1,0,1,77.7,1,Yes,6.82,67.0,Good,Not Placed
STU104195,24,Male,BTech CSE,4,74.4,7.0,62.3,57.3,0,6.0,9.2,66.3,82.7,0,2,2,0,1,91.6,1,No,8.12,80.3,Excellent,Not Placed
STU104196,20,Female,BCA,4,53.2,1.5,60.8,84.9,0,6.6,9.3,63.2,81.1,2,0,1,1,0,74.1,3,Yes,7.33,72.5,Good,Not Placed
STU104197,19,Male,BCA,3,76.6,5.3,83.7,78.5,1,6.0,8.2,71.9,79.8,0,2,2,0,3,75.5,0,Yes,7.42,74.9,Good,Not Placed
STU104198,20,Female,BSc Computer Science,3,78.8,4.0,75.7,85.4,1,4.0,8.9,88.2,61.5,3,0,7,0,3,97.6,1,No,7.8,79.4,Good,Not Placed
STU104199,18,Male,BSc Data Science,2,76.3,1.6,71.0,59.6,0,8.0,6.2,84.6,63.3,1,0,0,0,2,67.5,1,Yes,6.8,69.2,Good,Placed
STU104200,23,Male,BTech CSE,4,81.0,4.8,80.2,55.3,2,8.0,6.7,66.0,61.0,4,1,2,2,1,77.3,3,Yes,7.72,75.1,Good,Not Placed
STU104201,21,Female,BCA,2,73.3,3.5,78.1,93.1,0,9.3,4.4,70.2,75.5,3,0,4,5,2,94.9,3,Yes,8.12,81.3,Excellent,Not Placed
STU104202,21,Male,BSc Computer Science,3,76.6,2.1,80.2,62.4,0,3.1,6.0,49.8,49.4,0,2,3,0,2,73.7,6,No,7.19,69.0,Good,Not Placed
STU104203,18,Female,BTech CSE,2,91.1,3.5,72.3,73.1,1,7.9,8.2,76.5,75.5,4,0,1,0,1,87.7,2,Yes,6.86,67.5,Good,Placed
STU104204,24,Female,BBA,2,87.6,1.0,100.0,62.8,1,4.9,7.7,71.0,49.8,2,1,0,0,2,68.9,2,No,6.86,69.9,Good,Not Placed
STU104205,19,Female,BTech CSE,3,75.9,2.8,70.0,62.1,0,6.3,2.7,75.1,74.8,1,1,1,2,0,67.1,3,Yes,6.59,68.2,Good,Not Placed
STU104206,21,Male,BCA,3,83.5,2.1,79.0,79.1,2,5.3,7.0,56.4,75.3,6,3,0,0,1,84.0,1,Yes,6.53,62.6,Average,Not Placed
STU104207,22,Male,BCA,3,86.7,3.2,59.5,70.5,0,4.8,6.1,69.2,78.9,2,1,2,0,1,76.6,5,Yes,6.46,66.2,Good,Not Placed
STU104208,24,Female,BSc Computer Science,2,68.6,0.9,69.3,87.8,1,7.6,6.4,59.9,74.5,4,2,2,2,2,94.3,1,Yes,7.42,72.7,Good,Placed
STU104209,21,Male,BSc Computer Science,4,81.3,0.8,67.7,50.6,1,9.5,9.2,82.2,71.9,2,1,2,1,1,99.3,1,No,8.28,80.6,Excellent,Not Placed
STU104210,22,Male,BTech CSE,3,79.6,2.2,76.1,71.8,0,10.0,5.1,74.0,99.6,3,0,2,2,0,93.8,1,No,7.4,73.9,Good,Placed
STU104211,18,Male,BTech CSE,3,84.6,3.4,79.3,65.9,0,8.4,5.3,84.7,43.8,2,1,4,2,3,86.3,0,No,8.15,82.3,Excellent,Not Placed
STU104212,18,Male,BSc Computer Science,3,68.6,2.0,77.4,69.1,0,4.5,9.6,53.1,86.9,1,2,3,0,0,93.2,0,Yes,6.09,60.9,Average,Not Placed
STU104213,24,Female,BSc Data Science,3,77.7,4.2,76.0,69.9,0,6.3,6.5,66.1,93.7,3,1,2,1,3,93.2,2,Yes,6.35,66.1,Good,Not Placed
STU104214,21,Male,BSc Data Science,2,70.5,4.6,84.4,79.7,1,6.4,8.4,65.2,59.3,3,0,2,1,2,92.8,3,Yes,8.47,88.0,Excellent,Not Placed
STU104215,20,Female,BCA,4,81.3,2.2,85.2,69.8,0,7.5,,72.8,80.3,2,0,0,1,2,71.5,3,Yes,7.62,75.1,Good,Not Placed
STU104216,22,Male,BCA,3,69.7,5.6,55.8,69.9,0,7.8,7.0,71.4,92.3,3,0,5,0,2,87.9,4,No,7.31,74.7,Good,Not Placed
STU104217,19,Male,BSc Computer Science,2,72.5,3.0,93.6,92.9,0,5.7,5.4,69.4,64.2,2,1,2,0,1,88.1,2,Yes,8.27,83.5,Excellent,Not Placed
STU104218,21,Male,BCA,3,79.2,6.2,84.9,57.4,3,8.8,8.6,47.4,63.3,4,0,0,0,1,89.2,0,No,8.01,78.6,Good,Not Placed
STU104219,19,Male,BCA,3,68.6,3.1,60.4,59.0,0,10.0,8.1,53.6,51.9,2,2,0,0,0,91.2,1,Yes,6.62,65.7,Good,Not Placed
STU104220,21,Male,BCA,2,61.8,1.8,91.9,94.3,1,7.1,6.2,63.5,100.0,3,3,3,1,1,100.0,3,Yes,8.69,86.5,Excellent,Placed
STU104221,20,Female,BCA,4,88.4,5.3,,92.5,1,5.5,6.8,72.7,85.1,1,1,4,0,0,85.6,3,No,8.06,82.3,Excellent,Not Placed
STU104222,20,Male,BCA,2,71.6,1.9,60.1,50.5,1,8.4,7.8,88.7,50.0,1,2,3,0,0,90.6,1,Yes,7.16,72.4,Good,Not Placed
STU104223,24,Male,BTech CSE,3,64.0,5.2,78.6,97.7,2,8.5,5.5,70.8,77.5,2,1,1,3,0,79.6,3,No,8.77,88.5,Excellent,Not Placed
STU104224,24,Male,BSc Data Science,4,66.9,3.7,84.9,78.9,0,7.8,4.1,83.7,61.5,1,1,1,0,1,65.2,1,No,8.62,85.4,Excellent,Not Placed
STU104225,20,Male,BSc Computer Science,2,77.0,2.7,93.8,63.5,0,6.5,7.0,62.8,41.0,6,0,1,0,0,86.3,2,Yes,7.21,74.7,Good,Not Placed
STU104226,23,Female,BSc Computer Science,3,93.8,2.3,87.4,72.1,1,9.0,5.6,47.8,100.0,0,3,1,1,1,73.5,5,Yes,7.7,79.8,Good,Not Placed
STU104227,20,Female,BBA,2,76.6,3.4,75.8,66.8,1,4.8,8.2,74.2,51.2,3,1,0,0,1,76.8,4,Yes,6.97,66.9,Good,Not Placed
STU104228,18,Male,BCA,2,83.8,4.5,70.1,72.0,0,6.4,6.4,67.8,58.9,3,1,0,0,2,78.0,0,Yes,9.33,90.9,Excellent,Not Placed
STU104229,18,Male,BSc Data Science,2,74.2,3.4,65.7,67.0,0,9.9,4.7,62.2,62.0,3,0,1,0,2,83.6,3,Yes,7.98,78.6,Good,Placed
STU104230,23,Female,BCA,4,79.9,5.7,71.8,57.9,1,6.5,7.1,45.8,57.4,4,0,0,1,2,80.2,1,Yes,7.88,82.2,Excellent,Not Placed
STU104231,22,Male,BSc Computer Science,4,75.9,1.7,87.9,56.1,1,6.5,4.8,39.4,64.0,2,1,0,0,1,76.5,5,Yes,6.92,70.9,Good,Not Placed
STU104232,19,Female,BBA,4,83.7,3.4,,74.6,0,6.9,7.5,84.4,82.0,1,1,1,0,1,79.3,1,Yes,8.42,83.9,Excellent,Placed
STU104233,21,Male,BTech CSE,3,66.7,5.2,77.9,62.4,0,4.9,3.4,59.1,61.0,3,1,1,1,1,58.4,5,No,7.57,75.0,Good,Not Placed
STU104234,21,Female,BTech CSE,4,78.8,1.7,94.1,54.9,1,4.4,6.8,79.0,75.2,1,1,2,0,2,73.5,0,Yes,6.99,69.4,Good,Not Placed
STU104235,23,Female,BSc Data Science,3,79.5,5.1,86.5,78.4,1,5.5,7.4,91.3,67.6,4,1,0,1,2,74.3,4,Yes,8.58,85.9,Excellent,Placed
STU104236,18,Female,BTech CSE,3,82.0,3.5,100.0,78.3,2,6.2,4.9,62.8,45.7,2,1,3,0,0,87.8,3,Yes,8.24,82.6,Excellent,Not Placed
STU104237,24,Male,BCA,3,64.5,3.7,61.8,78.3,0,8.6,8.8,83.6,73.2,1,0,5,0,7,97.4,6,No,7.22,70.6,Good,Not Placed
STU104238,21,Male,BSc Computer Science,2,73.2,3.0,79.6,72.9,0,7.0,4.3,74.8,63.3,2,1,1,2,1,78.6,3,Yes,7.57,76.8,Good,Not Placed
STU104239,18,Male,BSc Computer Science,4,84.0,1.7,84.3,61.5,2,9.2,7.3,83.2,35.9,4,0,1,3,2,84.1,1,Yes,7.12,68.7,Good,Not Placed
STU104240,22,Male,BSc Data Science,3,,3.4,100.0,86.4,1,7.5,,68.8,46.1,3,1,4,0,1,82.2,1,No,10.0,98.4,Excellent,Placed
STU104241,19,Male,BCA,4,95.3,2.7,66.0,82.6,1,8.1,5.1,73.3,77.7,4,2,5,1,0,97.5,2,No,8.52,87.5,Excellent,Placed
STU104242,22,Male,BTech CSE,3,72.7,5.8,71.4,98.8,0,7.6,7.3,78.0,100.0,2,1,4,0,1,83.4,2,Yes,8.86,89.1,Excellent,Placed
STU104243,23,Female,BCA,3,58.1,4.3,82.6,87.1,1,9.4,7.6,46.6,67.6,2,1,0,0,1,94.1,0,No,7.87,77.0,Good,Not Placed
STU104244,20,Female,BCA,2,73.3,3.6,68.5,75.8,0,6.6,7.0,63.9,20.0,4,2,4,0,1,79.8,1,No,8.64,85.3,Excellent,Not Placed
STU104245,20,Male,BSc Data Science,3,51.4,5.5,79.3,93.2,0,6.7,8.0,47.0,72.0,4,0,4,1,4,88.5,3,Yes,8.27,77.4,Good,Placed
STU104246,20,Male,BCA,4,85.0,3.4,64.0,72.9,0,4.6,4.8,66.1,40.0,4,2,5,0,1,81.5,2,No,7.56,75.9,Good,Not Placed
STU104247,22,Other,BTech CSE,2,78.0,4.6,95.1,73.0,0,8.1,4.4,62.2,58.1,1,2,2,0,1,73.0,2,Yes,9.82,95.9,Excellent,Not Placed
STU104248,21,Male,BSc Computer Science,4,82.0,5.2,100.0,71.4,1,5.6,7.8,88.2,95.4,4,1,2,0,0,87.9,3,Yes,8.4,84.6,Excellent,Placed
STU104249,19,Female,BTech CSE,3,83.6,3.1,100.0,66.0,0,7.8,4.0,95.3,53.5,1,0,1,0,5,73.5,0,Yes,7.74,80.5,Excellent,Not Placed
STU104250,20,Male,BSc Data Science,3,88.4,4.2,83.7,98.7,1,6.8,4.9,73.9,72.7,4,0,1,2,1,68.1,1,Yes,9.59,95.3,Excellent,Not Placed
STU104251,23,Male,BTech CSE,3,52.1,2.8,83.9,62.0,1,4.4,6.6,90.7,64.5,2,0,2,2,3,74.9,2,No,7.2,72.7,Good,Not Placed
STU104252,23,Male,BTech CSE,4,57.6,5.2,81.9,52.1,1,6.7,7.3,70.4,69.3,0,1,3,0,0,69.9,4,Yes,7.19,71.5,Good,Not Placed
STU104253,20,Male,BSc Data Science,3,70.4,3.5,91.5,66.4,0,5.7,7.3,58.4,38.4,4,0,2,0,1,86.9,4,Yes,7.08,68.2,Good,Not Placed
STU104254,20,Female,BSc Data Science,3,75.0,5.6,95.9,76.4,1,3.9,4.7,78.7,69.3,0,0,1,1,2,54.8,0,Yes,7.92,79.3,Good,Not Placed
STU104255,19,Female,BTech CSE,3,80.0,3.8,89.8,65.5,0,7.1,6.8,63.5,84.9,3,2,1,1,2,72.9,2,Yes,7.47,77.3,Good,Placed
STU104256,20,Male,BCA,3,79.2,7.3,84.7,67.7,1,9.6,5.1,65.9,44.3,1,1,3,0,1,85.5,2,Yes,10.0,100.0,Excellent,Placed
STU104257,19,Female,BSc Data Science,2,79.8,2.4,89.8,48.9,0,4.7,7.4,75.6,85.4,1,0,1,0,0,66.6,3,Yes,6.94,70.8,Good,Not Placed
STU104258,23,Male,BCA,2,62.4,4.8,81.9,57.0,0,1.7,7.0,61.5,50.3,3,2,3,0,1,77.0,1,Yes,7.25,72.5,Good,Placed
STU104259,20,Other,BCA,2,70.1,3.4,67.2,56.2,1,10.0,8.2,96.5,80.4,1,2,1,0,0,90.2,0,Yes,7.64,75.5,Good,Not Placed
STU104260,22,Other,BCA,3,74.8,3.2,75.5,82.0,0,3.6,6.4,37.5,52.6,5,0,1,0,1,70.8,0,Yes,6.45,62.1,Average,Not Placed
STU104261,24,Male,BSc Data Science,3,76.5,0.7,84.3,55.2,0,9.7,6.1,51.6,47.8,4,0,0,1,1,80.3,3,Yes,6.99,71.1,Good,Not Placed
STU104262,22,Male,BTech CSE,3,73.0,3.6,72.4,64.2,0,8.9,9.6,70.6,75.4,2,2,3,1,3,91.0,4,Yes,7.67,75.5,Good,Placed
STU104263,23,Male,BSc Data Science,3,80.5,2.0,71.7,69.7,0,6.6,3.8,72.1,71.9,3,0,0,0,2,62.1,0,Yes,7.1,71.7,Good,Not Placed
STU104264,19,Female,BTech CSE,2,66.6,3.0,88.8,59.1,0,5.3,9.8,66.5,41.3,2,1,2,1,3,89.2,3,Yes,6.84,68.7,Good,Not Placed
STU104265,22,Female,BSc Data Science,2,73.2,2.1,89.5,75.3,1,8.6,6.4,67.3,81.1,2,0,2,0,1,95.7,4,No,7.62,77.0,Good,Placed
STU104266,19,Female,BBA,2,83.0,2.3,85.3,77.4,0,6.8,4.6,50.1,44.4,3,0,1,1,1,69.3,4,Yes,7.17,70.3,Good,Not Placed
STU104267,22,Female,BBA,3,80.0,1.9,76.5,89.5,1,9.8,5.8,78.4,57.9,1,1,0,0,0,95.8,5,No,7.32,76.7,Good,Not Placed
STU104268,22,Male,BTech CSE,2,74.3,1.9,78.3,72.0,0,7.5,8.1,70.2,68.4,4,1,1,0,0,87.8,2,Yes,7.99,78.5,Good,Placed
STU104269,19,Male,BBA,3,74.5,1.1,89.7,46.6,0,9.7,8.0,67.8,52.7,3,0,1,2,3,90.4,1,No,6.79,68.7,Good,Not Placed
STU104270,21,Female,BTech CSE,3,73.2,4.1,72.1,65.1,2,8.0,10.0,77.4,78.8,1,1,3,2,2,93.5,3,Yes,8.08,78.1,Good,Placed
STU104271,22,Male,BTech CSE,3,74.6,3.5,66.0,68.6,2,8.9,7.1,76.6,74.5,4,2,1,0,3,99.3,4,Yes,8.06,78.5,Good,Not Placed
STU104272,20,Female,BCA,4,73.0,4.6,87.6,87.5,0,7.2,7.2,56.7,64.8,2,2,2,1,0,78.3,2,Yes,7.97,83.0,Excellent,Placed
STU104273,24,Male,BSc Data Science,3,74.4,2.9,80.7,69.3,0,6.4,8.2,71.6,28.4,0,1,2,2,3,75.9,2,Yes,8.06,78.0,Good,Not Placed
STU104274,23,Male,BTech CSE,2,81.0,2.5,96.4,76.9,0,5.7,3.6,68.2,84.9,2,1,0,1,0,50.2,3,Yes,8.44,84.7,Excellent,Placed
STU104275,21,Male,BSc Data Science,3,80.7,3.4,70.3,68.4,1,4.9,6.6,77.1,66.4,3,1,2,0,1,73.4,3,Yes,7.65,75.9,Good,Not Placed
STU104276,19,Female,BTech CSE,2,64.9,4.6,93.8,78.5,0,6.3,7.1,83.7,57.2,1,4,3,2,1,76.4,2,Yes,7.86,79.0,Good,Not Placed
STU104277,21,Male,BTech CSE,2,95.9,3.9,75.6,64.4,0,4.7,4.4,64.4,66.8,0,0,4,0,1,70.3,1,No,7.39,75.6,Good,Not Placed
STU104278,18,Female,BSc Data Science,4,72.6,3.5,90.6,51.9,1,5.8,6.6,77.0,81.3,2,0,1,0,0,71.8,2,Yes,6.86,66.6,Good,Not Placed
STU104279,18,Male,BTech CSE,2,82.7,4.5,67.8,40.5,0,6.9,5.8,70.5,70.5,4,2,2,0,0,76.0,1,No,6.5,65.7,Good,Not Placed
STU104280,22,Female,BCA,4,67.3,3.5,64.3,78.1,0,7.5,6.6,50.5,69.0,1,2,0,0,2,77.5,2,Yes,8.68,83.8,Excellent,Not Placed
STU104281,22,Female,BSc Data Science,2,92.6,2.6,85.9,75.9,1,9.0,9.4,57.2,39.2,0,0,2,0,1,87.3,2,Yes,8.73,85.7,Excellent,Not Placed
STU104282,20,Male,BSc Computer Science,4,83.4,4.9,79.0,76.8,0,7.0,10.0,57.5,38.0,2,0,1,1,3,72.9,0,Yes,7.33,74.1,Good,Not Placed
STU104283,24,Female,BCA,4,81.8,1.6,83.8,73.4,0,7.4,6.6,83.1,61.3,2,0,3,1,0,84.8,2,No,7.84,77.8,Good,Not Placed
STU104284,23,Male,BSc Computer Science,3,76.2,1.4,71.3,48.5,1,6.1,7.6,51.3,74.7,1,1,3,1,3,83.5,1,Yes,5.74,58.8,Average,Not Placed
STU104285,21,Male,BSc Computer Science,3,59.6,3.5,85.6,64.2,0,6.5,8.5,46.3,83.2,1,2,2,0,1,85.1,2,Yes,7.68,76.1,Good,Placed
STU104286,18,Male,BCA,3,94.6,3.6,96.0,70.8,1,6.6,7.4,80.4,89.5,1,0,3,1,0,70.0,1,Yes,8.31,82.2,Excellent,Not Placed
STU104287,22,Female,BTech CSE,4,86.5,3.8,94.1,63.2,1,10.0,4.4,71.1,100.0,2,2,3,0,1,86.8,1,Yes,9.03,88.7,Excellent,Placed
STU104288,23,Female,BSc Computer Science,3,74.8,3.0,74.6,78.8,0,7.3,6.9,63.9,61.3,3,1,2,0,1,100.0,5,Yes,7.33,73.0,Good,Not Placed
STU104289,21,Female,BSc Data Science,2,82.8,5.5,68.2,70.1,0,4.4,5.8,41.9,72.1,1,1,1,0,2,80.2,0,No,7.34,74.1,Good,Not Placed
STU104290,22,Female,BCA,3,64.9,1.3,82.0,79.9,0,6.9,8.1,42.4,68.4,1,1,1,0,2,69.0,0,Yes,7.93,78.2,Good,Not Placed
STU104291,22,Female,BTech CSE,2,58.9,3.7,91.3,85.9,1,5.0,5.8,33.5,56.3,1,0,5,0,0,65.4,2,No,7.59,77.7,Good,Not Placed
STU104292,18,Male,BTech CSE,4,78.2,4.6,63.4,77.3,1,5.3,6.9,56.1,83.5,3,0,2,2,0,82.3,2,Yes,7.79,77.4,Good,Not Placed
STU104293,18,Female,BCA,3,70.0,5.6,88.7,74.0,0,6.6,7.3,100.0,79.1,0,2,2,0,2,64.9,0,Yes,8.79,86.5,Excellent,Placed
STU104294,22,Male,BCA,2,73.2,5.5,100.0,56.2,1,7.3,5.4,71.3,62.6,0,4,2,0,2,69.6,4,Yes,9.0,91.0,Excellent,Not Placed
STU104295,19,Other,BTech CSE,3,77.5,1.9,89.0,72.7,1,7.2,5.0,73.9,50.6,0,0,0,1,0,77.4,6,No,6.68,69.4,Good,Not Placed
STU104296,22,Female,BSc Computer Science,2,66.1,4.0,64.9,52.8,0,5.3,4.8,67.1,46.1,1,0,1,1,1,66.4,1,Yes,7.3,70.4,Good,Not Placed
STU104297,23,Female,BCA,4,77.2,3.2,69.5,57.5,1,3.7,9.5,49.4,54.1,2,0,0,3,5,57.8,3,Yes,6.46,65.9,Good,Not Placed
STU104298,22,Female,BSc Computer Science,4,67.0,3.5,74.4,75.5,1,6.3,7.8,61.3,70.3,0,1,3,0,0,82.3,3,Yes,7.79,75.3,Good,Not Placed
STU104299,20,Male,BSc Data Science,2,88.1,5.2,80.4,56.8,0,6.4,6.8,83.7,55.3,3,0,1,0,0,77.5,4,Yes,7.88,77.4,Good,Not Placed
STU104300,24,Female,BTech CSE,3,77.0,6.3,85.8,99.2,3,6.3,8.3,73.8,68.3,2,2,3,1,1,90.9,1,No,9.07,89.9,Excellent,Not Placed
STU104301,20,Male,BCA,4,83.3,3.9,89.9,83.0,4,6.9,8.8,34.2,59.6,0,0,2,1,2,79.8,4,Yes,8.22,84.2,Excellent,Not Placed
STU104302,20,Female,BSc Data Science,2,60.3,0.5,78.7,72.6,0,5.7,6.8,92.4,61.5,5,0,1,1,0,100.0,1,Yes,6.16,66.3,Good,Not Placed
STU104303,19,Female,BCA,3,83.9,1.0,84.8,38.5,0,8.1,7.4,66.7,71.0,2,0,2,0,6,85.7,1,No,6.31,61.7,Average,Not Placed
STU104304,19,Female,BBA,3,93.0,3.4,70.1,49.2,1,7.7,5.7,57.2,62.4,0,1,6,0,2,91.3,2,Yes,7.42,72.2,Good,Not Placed
STU104305,22,Male,BTech CSE,2,79.2,5.0,74.2,99.3,0,8.0,9.5,64.1,47.2,3,0,2,5,2,100.0,0,No,8.01,82.7,Excellent,Not Placed
STU104306,20,Male,BTech CSE,2,83.2,2.3,91.7,65.4,0,9.1,6.9,61.8,57.1,0,0,2,0,0,94.3,1,Yes,8.06,79.2,Good,Not Placed
STU104307,19,Male,BTech CSE,4,75.6,3.2,,86.2,0,7.4,8.6,57.9,76.4,4,0,3,0,3,83.4,3,Yes,8.47,87.2,Excellent,Placed
STU104308,18,Female,BSc Data Science,3,81.8,5.9,88.3,65.8,1,6.6,8.8,75.8,69.6,3,1,2,0,2,98.2,3,Yes,8.77,83.9,Excellent,Placed
STU104309,22,Male,BBA,3,,2.9,70.6,60.0,0,6.3,7.1,56.4,66.1,3,1,5,0,1,87.9,1,Yes,6.99,71.4,Good,Not Placed
STU104310,23,Male,BCA,3,100.0,6.1,81.6,59.2,2,7.8,8.6,55.8,62.0,0,1,2,0,1,87.4,1,Yes,8.88,90.3,Excellent,Placed
STU104311,24,Female,BTech CSE,4,81.2,2.9,82.9,53.6,0,6.6,4.7,69.8,51.2,0,0,1,0,3,56.4,3,Yes,6.84,66.9,Good,Not Placed
STU104312,21,Female,BCA,3,67.8,4.9,85.6,78.8,2,3.2,6.2,73.0,41.8,3,1,3,0,1,58.9,1,No,8.15,82.2,Excellent,Not Placed
STU104313,22,Male,BSc Data Science,2,84.2,3.6,93.2,76.6,0,5.4,8.2,77.8,69.9,1,0,0,1,2,75.4,3,Yes,8.24,83.6,Excellent,Not Placed
STU104314,21,Male,BSc Computer Science,2,65.6,4.7,82.5,65.5,0,9.2,6.2,77.1,61.8,7,2,3,0,0,100.0,7,Yes,9.56,90.7,Excellent,Placed
STU104315,20,Female,BTech CSE,4,71.8,6.5,99.5,47.1,0,3.2,8.7,70.0,69.0,1,1,1,0,0,60.8,3,Yes,7.53,74.9,Good,Not Placed
STU104316,24,Male,BTech CSE,2,72.9,4.1,60.4,69.0,1,7.1,7.5,43.1,79.6,0,2,1,1,0,65.2,1,No,7.33,73.4,Good,Not Placed
STU104317,21,Female,BSc Computer Science,2,98.4,5.4,78.6,78.7,0,7.5,10.0,85.5,48.2,2,0,1,1,2,89.2,1,No,8.98,89.2,Excellent,Placed
STU104318,20,Male,BSc Data Science,3,92.3,2.2,93.4,98.5,0,6.3,6.6,81.9,20.0,2,0,0,0,1,68.5,1,Yes,9.09,90.3,Excellent,Not Placed
STU104319,18,Female,BBA,2,90.2,2.1,73.8,84.3,0,5.3,6.8,71.7,73.9,5,1,1,0,3,84.8,8,No,7.13,72.0,Good,Not Placed
STU104320,21,Male,BCA,4,86.2,1.1,91.2,74.3,1,4.6,7.3,65.0,86.4,2,0,1,1,2,66.8,2,Yes,6.36,67.3,Good,Not Placed
STU104321,24,Male,BTech CSE,3,68.9,1.9,83.1,61.9,0,6.8,8.1,59.8,62.5,0,1,3,1,1,82.3,0,Yes,6.95,69.0,Good,Not Placed
STU104322,22,Female,BSc Computer Science,2,80.4,5.8,100.0,87.0,0,5.9,,79.0,63.5,3,1,1,1,1,83.3,2,Yes,9.17,90.7,Excellent,Not Placed
STU104323,20,Female,BSc Data Science,2,96.4,4.0,80.3,73.4,1,9.3,6.8,42.5,58.5,3,2,2,0,0,97.8,0,No,9.1,88.2,Excellent,Placed
STU104324,22,Male,BCA,3,82.5,3.1,80.5,73.9,0,7.4,7.1,73.5,73.9,3,1,2,0,3,74.5,0,Yes,8.52,85.7,Excellent,Not Placed
STU104325,24,Female,BSc Data Science,3,88.3,3.8,100.0,86.2,0,5.8,6.4,75.7,45.0,1,0,5,0,0,82.9,4,No,9.19,92.7,Excellent,Not Placed
STU104326,19,Male,BCA,4,61.9,4.5,78.0,69.1,0,7.0,7.1,37.2,85.4,2,0,2,0,0,82.0,1,No,6.93,68.5,Good,Not Placed
STU104327,20,Female,BCA,3,85.2,4.7,93.6,82.8,0,5.3,5.7,94.7,67.1,1,1,3,0,0,67.0,0,Yes,8.31,84.0,Excellent,Not Placed
STU104328,21,Female,BCA,3,67.5,3.8,85.4,57.6,1,6.2,4.2,100.0,61.0,1,1,4,2,1,81.4,1,Yes,7.89,76.3,Good,Placed
STU104329,20,Male,BSc Data Science,4,75.8,5.6,94.0,63.4,0,3.3,6.4,97.8,55.3,2,0,4,0,1,79.0,1,No,8.28,82.0,Excellent,Not Placed
STU104330,22,Female,BSc Computer Science,3,92.2,2.0,78.2,77.7,1,5.9,3.9,77.7,79.8,2,0,2,1,2,80.0,2,No,7.26,70.7,Good,Not Placed
STU104331,18,Male,BTech CSE,3,81.5,3.0,80.8,71.3,0,7.5,6.9,93.8,61.5,1,0,1,0,3,75.6,1,No,8.13,81.5,Excellent,Not Placed
STU104332,20,Male,BCA,3,86.2,5.3,78.0,68.9,0,6.2,4.8,64.3,88.5,4,0,2,0,1,78.3,1,Yes,7.94,78.4,Good,Placed
STU104333,21,Female,BSc Data Science,4,76.2,4.9,60.3,57.7,1,8.1,8.3,100.0,78.4,1,1,0,1,2,93.7,1,No,6.67,62.8,Average,Not Placed
STU104334,19,Female,BSc Data Science,3,58.7,4.1,79.1,83.5,1,8.8,5.9,70.3,86.1,3,2,1,2,1,94.2,0,Yes,7.54,77.1,Good,Not Placed
STU104335,23,Male,BSc Computer Science,3,68.6,2.7,100.0,52.2,1,7.8,8.9,39.5,61.7,1,0,1,0,2,83.1,6,Yes,6.29,67.2,Good,Not Placed
STU104336,18,Male,BTech CSE,3,84.8,4.7,73.9,82.5,2,10.0,6.0,57.6,73.2,1,0,1,0,0,85.1,4,No,9.11,90.3,Excellent,Not Placed
STU104337,19,Male,BSc Computer Science,3,81.3,2.1,,72.6,0,8.4,7.9,73.6,68.3,2,4,2,1,5,80.1,1,Yes,7.94,77.5,Good,Placed
STU104338,20,Other,BTech CSE,2,94.6,5.3,95.1,72.8,0,6.6,7.2,70.7,60.5,0,1,1,1,3,85.8,7,Yes,9.15,92.3,Excellent,Not Placed
STU104339,22,Male,BSc Computer Science,3,79.3,5.8,87.7,71.4,0,6.1,8.2,51.7,48.3,0,1,0,2,2,82.0,1,No,8.88,88.0,Excellent,Not Placed
STU104340,24,Male,BSc Computer Science,2,69.1,2.6,81.1,61.6,1,5.8,6.9,86.3,100.0,2,0,3,1,2,83.6,4,Yes,6.28,62.1,Average,Not Placed
STU104341,22,Male,BSc Data Science,2,77.7,7.4,72.2,71.6,0,5.2,8.9,83.6,56.5,4,1,3,0,3,95.8,3,Yes,8.94,88.5,Excellent,Not Placed
STU104342,21,Male,BTech CSE,4,88.0,2.0,97.9,76.4,1,7.1,7.0,58.7,76.0,1,0,5,1,2,74.8,4,No,7.37,74.6,Good,Not Placed
STU104343,22,Male,BBA,3,60.4,3.2,94.2,76.9,0,5.8,7.7,41.5,82.7,4,4,1,0,4,87.6,1,No,8.39,81.9,Excellent,Not Placed
STU104344,18,Male,BSc Computer Science,2,81.5,3.2,97.6,70.8,0,4.1,5.4,77.5,53.7,1,2,2,1,1,74.4,2,No,7.77,78.6,Good,Placed
STU104345,22,Male,BTech CSE,3,65.4,3.3,96.5,70.6,1,7.9,8.2,61.2,43.6,3,0,3,0,2,92.5,3,Yes,7.62,76.3,Good,Not Placed
STU104346,21,Male,BCA,3,79.6,5.6,66.3,70.6,1,5.5,9.8,60.0,71.7,2,1,2,3,2,82.4,3,Yes,7.84,79.0,Good,Not Placed
STU104347,23,Female,BBA,3,85.3,4.2,78.1,68.9,0,3.8,6.9,52.3,57.9,6,0,0,2,1,71.7,2,Yes,6.06,60.2,Average,Not Placed
STU104348,20,Male,BCA,2,83.5,2.3,85.4,50.8,1,8.5,5.6,86.9,52.6,4,1,3,0,1,94.1,2,Yes,7.87,82.0,Excellent,Placed
STU104349,24,Female,BCA,2,91.4,3.7,71.5,65.8,1,8.6,5.1,46.6,56.5,3,1,4,0,2,89.0,3,Yes,7.98,81.8,Excellent,Placed
STU104350,20,Female,BCA,3,80.5,4.5,75.1,59.5,0,4.4,4.6,57.3,70.6,2,0,1,1,2,72.6,2,Yes,7.79,78.7,Good,Placed
STU104351,22,Female,BBA,3,83.1,4.3,89.0,70.1,1,5.5,4.8,61.7,41.1,3,1,1,2,3,74.2,0,Yes,8.11,81.3,Excellent,Not Placed
STU104352,19,Female,BTech CSE,2,83.5,5.3,88.6,61.0,1,5.1,5.6,61.8,62.0,1,0,1,0,1,70.7,3,No,7.88,79.7,Good,Not Placed
STU104353,20,Male,BBA,3,68.3,3.6,100.0,76.1,1,5.3,4.3,38.0,46.0,2,1,3,0,3,70.0,1,Yes,7.14,74.4,Good,Not Placed
STU104354,23,Male,BTech CSE,3,76.7,4.7,74.1,86.3,1,2.8,7.3,60.7,87.3,1,0,1,0,1,76.5,2,Yes,7.08,71.9,Good,Not Placed
STU104355,22,Male,BSc Computer Science,2,,3.3,71.8,68.2,0,5.7,5.6,74.2,62.7,3,1,0,0,3,76.7,2,No,5.4,55.8,Average,Not Placed
STU104356,24,Male,BBA,4,81.8,2.5,100.0,75.3,0,5.8,8.0,72.0,83.9,1,1,2,0,1,76.8,6,Yes,7.85,79.0,Good,Not Placed
STU104357,21,Female,BBA,4,50.5,1.8,79.3,66.3,0,9.3,8.6,32.8,80.8,0,1,5,0,2,100.0,6,Yes,6.54,67.7,Good,Placed
STU104358,23,Female,BSc Computer Science,2,86.5,5.8,61.1,70.8,1,6.8,7.4,81.6,66.5,1,0,5,2,5,90.2,2,Yes,7.5,76.3,Good,Not Placed
STU104359,22,Female,BCA,2,94.5,1.2,86.4,88.3,1,5.5,8.1,76.1,75.8,2,2,2,0,1,84.6,2,No,7.55,76.4,Good,Not Placed
STU104360,23,Male,BSc Computer Science,3,83.0,3.9,70.2,53.5,1,6.9,5.8,43.6,74.4,0,0,2,0,0,76.4,3,Yes,7.68,75.3,Good,Not Placed
STU104361,20,Female,BBA,3,84.5,4.1,77.8,63.9,2,4.1,4.3,63.9,81.3,1,1,0,1,3,69.2,0,No,7.21,70.6,Good,Not Placed
STU104362,24,Male,BTech CSE,4,90.0,2.0,66.4,73.3,0,6.6,4.1,49.4,63.6,1,0,3,1,1,73.2,2,Yes,7.48,76.0,Good,Not Placed
STU104363,21,Male,BTech CSE,3,73.7,4.9,94.2,70.0,0,5.3,6.1,83.5,69.2,4,1,2,1,3,83.2,1,Yes,8.2,82.0,Excellent,Placed
STU104364,22,Male,BBA,3,65.3,1.5,86.5,67.5,1,6.7,6.8,86.5,48.4,2,1,1,1,1,77.4,1,Yes,7.17,70.9,Good,Not Placed
STU104365,18,Female,BTech CSE,4,77.1,2.6,67.8,57.8,0,7.3,6.6,78.1,51.4,0,0,5,0,3,84.5,4,Yes,6.82,70.2,Good,Not Placed
STU104366,21,Male,BTech CSE,3,70.4,4.9,84.2,77.2,1,5.5,7.2,91.4,75.2,2,1,1,0,1,74.9,0,Yes,8.0,80.7,Excellent,Not Placed
STU104367,18,Female,BTech CSE,2,78.8,1.5,89.4,70.8,1,7.0,8.3,74.5,73.0,3,2,2,3,3,87.4,1,Yes,7.15,70.6,Good,Placed
STU104368,23,Female,BCA,3,80.5,4.7,79.7,79.7,1,5.3,9.3,69.1,50.3,0,0,2,1,4,75.5,4,Yes,8.24,83.1,Excellent,Not Placed
STU104369,19,Female,BSc Computer Science,2,73.2,5.2,100.0,84.5,1,,7.8,76.7,65.8,1,1,2,1,1,77.3,2,No,7.73,77.5,Good,Not Placed
STU104370,21,Male,BSc Computer Science,2,70.9,5.1,93.5,71.5,2,8.1,7.4,55.8,44.6,3,0,4,0,1,86.6,1,No,7.29,72.7,Good,Not Placed
STU104371,23,Female,BTech CSE,4,56.5,4.1,76.7,87.9,1,8.4,6.1,52.7,41.8,1,2,3,1,1,91.9,5,No,8.63,85.8,Excellent,Not Placed
STU104372,18,Female,BSc Computer Science,2,76.3,2.2,79.5,84.5,0,6.9,4.4,65.2,68.6,3,1,4,0,5,92.1,2,Yes,7.56,75.2,Good,Not Placed
STU104373,20,Male,BCA,2,73.6,2.0,68.4,66.8,2,7.9,5.9,61.8,54.4,1,0,5,0,3,70.6,0,No,7.39,75.9,Good,Not Placed
STU104374,20,Male,BCA,4,74.3,2.7,63.3,89.6,1,3.7,6.4,57.1,69.1,3,1,2,1,2,72.6,3,Yes,7.15,72.8,Good,Placed
STU104375,19,Male,BTech CSE,3,85.3,0.5,72.4,79.9,0,8.0,3.8,90.4,58.0,1,2,1,0,0,74.2,3,Yes,7.0,72.3,Good,Not Placed
STU104376,21,Male,BSc Computer Science,2,97.7,3.5,74.3,87.3,0,9.1,5.8,57.3,53.7,2,0,2,1,0,87.1,3,Yes,9.03,92.1,Excellent,Placed
STU104377,21,Female,BSc Data Science,3,74.4,3.3,96.6,50.1,0,7.6,8.7,46.7,84.9,3,1,1,0,3,91.8,1,No,7.71,73.9,Good,Placed
STU104378,21,Female,BCA,2,81.9,3.6,66.9,80.0,0,6.3,6.7,47.0,76.6,4,0,2,0,1,83.7,3,Yes,8.23,77.1,Good,Placed
STU104379,23,Male,BSc Computer Science,2,80.5,3.1,83.1,75.7,1,4.1,7.4,70.0,55.6,2,0,0,1,0,67.4,2,Yes,6.45,68.5,Good,Not Placed
STU104380,24,Female,BCA,4,89.3,3.8,84.4,62.2,0,7.5,8.9,90.9,86.4,1,1,3,1,3,84.2,1,Yes,8.1,81.3,Excellent,Not Placed
STU104381,24,Female,BSc Data Science,2,68.9,3.6,74.2,54.0,0,7.5,7.0,39.1,48.7,3,0,0,0,1,84.7,1,No,6.43,66.3,Good,Not Placed
STU104382,19,Male,BSc Data Science,3,68.6,1.3,93.2,70.2,0,8.5,6.9,75.8,48.5,1,0,2,0,1,88.2,4,No,8.23,81.9,Excellent,Not Placed
STU104383,21,Female,BSc Computer Science,2,69.8,3.9,78.6,72.6,0,5.9,7.6,85.7,49.6,3,1,0,1,0,85.6,0,Yes,7.38,71.4,Good,Not Placed
STU104384,23,Female,BSc Computer Science,4,55.3,3.5,75.5,64.9,0,5.5,10.0,55.2,55.8,1,2,3,0,1,90.7,2,Yes,6.58,64.5,Average,Not Placed
STU104385,20,Female,BCA,3,77.5,0.9,100.0,63.0,0,5.1,6.8,54.5,50.8,1,2,2,0,1,71.5,3,Yes,6.37,62.8,Average,Not Placed
STU104386,18,Male,BTech CSE,4,67.5,4.8,72.7,65.4,1,4.8,6.6,95.4,61.1,1,0,3,0,2,79.8,0,Yes,7.39,73.2,Good,Not Placed
STU104387,23,Female,BSc Data Science,3,80.5,3.1,90.6,63.9,0,7.4,7.7,85.9,51.0,1,4,1,1,2,81.0,3,Yes,7.67,79.3,Good,Not Placed
STU104388,24,Male,BCA,4,54.1,4.5,75.8,83.2,0,6.4,7.9,60.8,56.2,2,1,0,2,1,68.8,6,Yes,7.65,76.2,Good,Placed
STU104389,24,Female,BCA,4,77.4,3.4,68.6,62.4,1,7.3,6.6,73.7,63.8,1,0,1,2,1,86.6,2,No,7.32,74.3,Good,Not Placed
STU104390,20,Male,BSc Data Science,4,75.4,0.8,78.4,52.3,0,6.8,6.9,68.0,78.2,3,2,1,0,1,87.5,3,No,6.34,63.2,Average,Not Placed
STU104391,20,Female,BCA,2,72.6,3.9,100.0,81.4,1,5.8,6.6,81.0,70.4,3,1,2,0,0,79.6,3,Yes,7.79,79.0,Good,Placed
STU104392,18,Male,BCA,2,88.0,4.2,66.1,83.0,0,4.9,8.0,67.1,84.6,0,0,2,1,3,69.5,4,Yes,7.38,71.3,Good,Placed
STU104393,20,Male,BSc Computer Science,2,70.0,5.3,74.3,70.6,1,8.9,3.7,58.3,63.4,2,0,1,0,3,72.5,2,No,8.32,80.5,Excellent,Not Placed
STU104394,19,Female,BSc Computer Science,2,81.0,4.9,95.5,58.5,0,6.9,9.0,58.7,61.9,2,0,0,1,1,81.7,3,Yes,8.09,79.8,Good,Not Placed
STU104395,18,Male,BSc Computer Science,4,71.7,5.3,71.7,48.7,1,8.6,7.0,86.1,88.9,1,1,1,1,1,86.4,1,Yes,7.54,76.1,Good,Not Placed
STU104396,20,Female,BTech CSE,3,94.6,4.6,75.4,72.4,1,7.4,3.3,71.3,78.5,2,0,3,0,2,76.3,0,Yes,7.32,74.3,Good,Not Placed
STU104397,22,Female,BCA,3,76.6,2.8,83.5,78.2,0,5.8,3.2,68.9,81.4,1,0,0,1,1,60.9,1,Yes,8.31,82.5,Excellent,Not Placed
STU104398,23,Female,BBA,3,84.8,2.8,79.5,62.2,1,5.8,6.7,76.9,98.9,2,0,1,0,4,63.3,1,Yes,7.28,75.1,Good,Not Placed
STU104399,20,Male,BCA,2,84.1,5.0,87.6,81.6,1,5.1,3.6,75.9,50.2,5,1,3,0,1,64.4,1,Yes,8.61,86.1,Excellent,Not Placed
STU104400,19,Female,BTech CSE,2,89.5,2.9,79.1,54.8,0,8.8,9.2,50.7,38.3,4,0,3,0,2,78.1,2,Yes,7.86,78.9,Good,Placed
STU104401,21,Female,BCA,3,79.5,4.3,82.1,72.9,0,9.0,10.0,61.7,70.4,2,1,4,0,2,100.0,1,Yes,8.31,80.3,Excellent,Not Placed
STU104402,20,Female,BTech CSE,4,64.8,6.1,80.6,47.6,0,5.9,4.6,50.6,66.4,2,1,4,0,3,83.1,0,No,7.6,75.3,Good,Not Placed
STU104403,24,Male,BSc Computer Science,3,82.4,2.6,73.0,60.6,0,7.7,5.2,55.5,50.5,4,1,0,1,1,81.4,4,Yes,7.04,70.6,Good,Not Placed
STU104404,24,Male,BCA,3,80.8,4.6,61.6,51.0,0,5.9,5.9,89.1,69.4,2,1,0,1,2,82.0,3,Yes,6.8,69.6,Good,Not Placed
STU104405,24,Female,BSc Computer Science,3,47.6,2.3,100.0,78.8,0,3.8,6.8,100.0,61.9,4,0,3,0,0,74.0,0,Yes,7.47,75.8,Good,Not Placed
STU104406,21,Male,BCA,4,61.3,4.4,72.9,76.1,0,5.5,7.2,54.0,69.6,1,0,3,0,2,80.5,1,Yes,7.49,71.8,Good,Not Placed
STU104407,24,Male,BTech CSE,2,85.1,5.9,73.5,100.0,0,7.8,5.2,59.8,75.8,6,0,1,1,3,77.3,1,No,9.91,100.0,Excellent,Not Placed
STU104408,22,Male,BSc Computer Science,3,92.2,5.5,84.2,74.3,0,8.3,8.9,64.9,77.6,2,1,4,0,2,100.0,1,No,8.75,88.5,Excellent,Not Placed
STU104409,20,Female,BCA,2,77.2,2.9,70.6,66.8,0,6.5,7.9,29.4,75.7,3,0,3,1,1,90.9,0,No,6.44,66.5,Good,Not Placed
STU104410,24,Female,BSc Data Science,3,86.1,5.9,92.1,59.6,1,5.3,8.7,100.0,24.2,3,0,3,0,2,86.9,0,Yes,8.22,84.2,Excellent,Not Placed
STU104411,18,Female,BCA,3,79.1,3.2,84.8,83.8,1,4.5,6.8,50.0,76.9,3,2,4,1,3,79.2,2,Yes,8.19,80.1,Excellent,Placed
STU104412,21,Male,BTech CSE,4,78.4,6.9,79.0,100.0,0,5.9,9.1,63.8,49.0,2,1,0,1,2,79.6,1,Yes,9.31,93.5,Excellent,Not Placed
STU104413,22,Male,BSc Data Science,2,76.6,3.5,76.5,84.1,1,6.1,6.6,73.4,64.2,3,0,1,0,3,74.9,3,Yes,7.55,73.0,Good,Not Placed
STU104414,18,Other,BSc Computer Science,2,78.8,4.5,68.8,74.5,0,6.1,4.6,68.4,70.6,0,1,1,0,3,67.9,2,Yes,8.2,82.8,Excellent,Not Placed
STU104415,18,Other,BBA,3,81.9,4.4,85.4,72.8,0,4.4,8.6,68.8,80.8,1,1,2,0,2,70.3,3,No,7.73,76.9,Good,Not Placed
STU104416,18,Female,BSc Data Science,3,74.0,1.9,83.5,52.4,1,7.1,5.1,72.9,59.5,1,0,0,1,2,71.2,2,No,7.01,70.4,Good,Not Placed
STU104417,18,Female,BBA,3,90.5,5.6,74.9,82.6,2,,6.2,48.9,66.3,3,0,2,0,0,94.6,0,Yes,8.15,79.5,Good,Not Placed
STU104418,20,Male,BSc Computer Science,4,68.0,3.8,87.8,63.4,1,6.0,5.4,67.4,60.1,0,0,1,0,2,63.4,0,No,8.65,84.6,Excellent,Not Placed
STU104419,24,Female,BCA,3,95.0,2.7,99.4,57.6,0,6.5,9.0,85.8,65.0,1,1,5,1,6,95.8,2,Yes,8.29,82.7,Excellent,Not Placed
STU104420,23,Male,BSc Data Science,3,75.8,2.4,82.2,69.8,0,7.5,6.0,60.5,62.4,2,0,1,1,1,90.0,1,Yes,7.98,80.3,Excellent,Not Placed
STU104421,20,Male,BTech CSE,3,77.5,2.6,79.3,62.7,0,7.5,7.3,69.4,76.6,3,1,1,0,1,86.3,1,Yes,6.73,67.3,Good,Not Placed
STU104422,20,Female,BSc Data Science,4,71.7,3.4,71.4,60.9,1,8.8,8.5,74.3,87.6,0,0,2,3,0,91.8,1,Yes,6.9,69.8,Good,Not Placed
STU104423,22,Male,BCA,3,82.1,1.9,80.2,66.1,0,8.8,5.8,76.1,41.3,3,0,4,3,0,99.3,3,Yes,8.29,85.4,Excellent,Not Placed
STU104424,22,Male,BCA,2,74.2,2.3,77.4,49.3,2,7.4,7.4,70.1,82.4,3,1,1,0,0,80.8,2,No,7.77,79.4,Good,Placed
STU104425,24,Male,BTech CSE,3,73.2,0.9,70.5,68.9,0,6.2,6.3,72.0,80.8,4,0,3,0,3,71.9,3,Yes,6.54,61.9,Average,Placed
STU104426,23,Male,BSc Computer Science,4,84.1,2.3,87.0,74.9,0,5.3,7.1,54.6,70.9,2,1,1,0,1,75.0,4,Yes,7.6,74.2,Good,Not Placed
STU104427,22,Female,BSc Computer Science,2,89.6,5.5,85.0,60.1,0,8.0,6.8,49.2,100.0,2,1,1,0,0,78.6,2,No,8.06,81.4,Excellent,Placed
STU104428,24,Male,BCA,3,67.6,5.3,82.8,88.2,0,4.4,8.4,73.4,61.0,0,1,1,0,0,81.2,0,Yes,8.68,86.8,Excellent,Placed
STU104429,24,Male,BTech CSE,4,86.3,3.9,78.0,65.1,1,6.7,6.6,62.3,55.2,4,0,1,0,3,75.0,3,No,7.98,78.0,Good,Not Placed
STU104430,19,Male,BBA,3,90.5,6.7,92.1,59.1,0,4.8,6.8,72.1,100.0,4,1,5,2,1,94.3,3,No,9.03,90.6,Excellent,Placed
STU104431,23,Male,BCA,3,60.4,5.3,62.7,81.8,0,8.3,9.7,67.7,36.9,0,1,3,2,0,90.4,2,Yes,8.12,82.5,Excellent,Not Placed
STU104432,22,Male,BCA,2,69.5,4.2,63.3,72.8,0,8.0,4.6,57.7,39.8,2,0,4,0,0,88.4,1,No,7.73,81.3,Excellent,Not Placed
STU104433,23,Female,BTech CSE,3,90.2,4.3,84.5,88.1,2,6.6,7.9,60.1,77.7,3,2,4,0,0,84.2,3,No,8.37,84.3,Excellent,Placed
STU104434,20,Male,BTech CSE,2,81.7,3.6,95.9,91.3,1,10.0,9.8,43.2,69.3,1,1,2,0,1,86.2,1,Yes,9.72,97.8,Excellent,Not Placed
STU104435,20,Female,BSc Computer Science,4,95.1,1.6,83.3,55.4,1,5.2,6.6,66.3,44.4,2,2,2,0,1,77.0,3,Yes,7.39,76.4,Good,Not Placed
STU104436,23,Other,BBA,4,76.2,3.1,83.4,98.7,0,7.3,4.7,54.2,78.1,0,0,0,0,1,68.7,3,Yes,9.0,90.5,Excellent,Not Placed
STU104437,19,Female,BSc Computer Science,4,72.7,0.5,70.5,43.8,0,7.5,5.8,74.9,59.8,0,1,3,1,1,76.8,0,Yes,6.4,63.6,Average,Not Placed
STU104438,19,Male,BCA,3,91.6,1.9,58.4,56.8,0,6.9,6.4,67.1,34.7,0,2,1,1,2,81.9,1,Yes,7.05,72.1,Good,Not Placed
STU104439,23,Male,BTech CSE,2,69.6,5.6,71.3,56.0,0,6.0,9.2,73.5,75.5,1,2,0,1,2,82.5,3,Yes,7.67,78.0,Good,Not Placed
STU104440,22,Female,BSc Computer Science,3,75.6,3.6,89.1,88.2,1,6.7,4.3,70.9,80.8,1,2,4,2,3,81.3,6,No,8.36,81.8,Excellent,Not Placed
STU104441,21,Female,BBA,3,83.6,1.9,64.7,78.2,1,9.7,7.5,77.3,44.3,1,2,1,1,1,80.6,0,No,7.3,72.5,Good,Not Placed
STU104442,19,Female,BCA,3,84.6,4.3,,75.3,0,6.6,4.5,77.1,41.4,1,3,2,0,0,73.1,4,Yes,7.39,73.1,Good,Not Placed
STU104443,18,Female,BSc Computer Science,3,70.0,4.4,64.8,43.1,1,7.7,6.0,62.4,24.2,1,0,4,0,0,75.1,1,Yes,6.8,67.8,Good,Not Placed
STU104444,20,Female,BTech CSE,3,80.6,5.8,72.0,71.7,0,3.6,8.7,76.3,63.3,1,0,2,1,3,83.3,1,Yes,7.48,75.8,Good,Not Placed
STU104445,23,Female,BSc Data Science,3,75.1,6.2,94.5,100.0,0,6.2,7.8,82.2,57.0,2,1,2,0,2,85.7,3,Yes,9.87,96.5,Excellent,Placed
STU104446,18,Female,BSc Data Science,4,61.2,4.7,75.3,78.2,1,10.0,7.4,65.2,55.1,2,1,1,2,1,81.9,1,No,8.38,84.7,Excellent,Not Placed
STU104447,23,Male,BTech CSE,3,73.4,1.2,92.1,68.1,2,5.6,8.4,77.8,81.6,2,0,2,1,1,63.9,3,Yes,6.8,67.9,Good,Not Placed
STU104448,24,Female,BSc Data Science,3,61.7,6.9,75.6,85.0,2,5.5,6.8,71.5,56.8,1,0,0,0,3,73.8,0,No,8.19,84.2,Excellent,Not Placed
STU104449,20,Female,BSc Computer Science,2,71.4,5.5,97.9,73.7,0,9.6,7.1,76.4,43.4,0,1,1,0,1,78.8,0,Yes,8.99,89.1,Excellent,Not Placed
STU104450,20,Male,BTech CSE,3,66.0,4.8,85.8,66.0,0,5.4,6.6,76.2,62.9,3,0,2,0,3,76.8,3,Yes,7.25,72.3,Good,Not Placed
STU104451,19,Female,BCA,2,85.7,3.5,76.9,63.8,2,5.2,7.5,84.0,69.3,1,2,0,0,1,74.1,4,Yes,6.98,70.5,Good,Not Placed
STU104452,19,Female,BBA,3,81.0,1.2,,78.5,0,7.8,7.4,43.5,46.8,2,2,2,0,5,78.8,2,Yes,8.1,78.8,Good,Not Placed
STU104453,18,Female,BTech CSE,3,93.4,2.7,66.1,68.6,1,10.0,9.4,77.7,45.7,1,0,2,2,1,95.5,2,Yes,8.45,85.8,Excellent,Not Placed
STU104454,24,Female,BSc Computer Science,2,68.8,3.4,76.4,74.0,2,8.2,4.3,77.0,81.2,3,0,1,0,3,75.6,1,Yes,8.66,86.8,Excellent,Placed
STU104455,23,Male,BSc Data Science,4,79.2,2.9,97.6,44.1,2,6.6,6.6,86.6,38.8,2,0,2,3,0,76.5,2,No,7.13,73.6,Good,Not Placed
STU104456,24,Female,BBA,2,67.0,5.1,86.0,70.7,0,8.9,6.5,73.0,49.3,1,0,4,0,2,91.0,3,No,8.45,80.5,Excellent,Placed
STU104457,20,Female,BCA,3,71.7,3.4,59.0,59.3,1,6.2,8.9,78.9,50.9,1,1,0,0,2,77.0,2,No,6.37,65.8,Good,Not Placed
STU104458,18,Female,BSc Data Science,3,74.0,2.3,80.1,84.4,0,5.6,5.4,65.9,62.8,0,1,6,1,1,98.1,0,Yes,7.93,80.2,Excellent,Not Placed
STU104459,21,Male,BSc Data Science,3,97.7,4.3,83.8,59.3,1,9.2,6.3,55.4,73.8,2,0,1,1,1,84.9,2,Yes,8.92,88.3,Excellent,Placed
STU104460,18,Male,BSc Data Science,4,81.6,2.3,90.3,62.8,0,8.9,6.9,68.4,69.8,3,0,0,0,1,78.2,4,Yes,7.04,70.5,Good,Not Placed
STU104461,22,Female,BSc Computer Science,3,76.7,1.1,,55.8,0,,7.5,66.7,64.5,6,0,1,0,1,81.1,2,Yes,6.63,66.3,Good,Not Placed
STU104462,18,Male,BBA,3,,4.3,80.7,81.9,0,8.4,6.5,72.3,97.3,1,0,2,0,0,71.8,1,Yes,8.11,79.7,Good,Not Placed
STU104463,24,Male,BTech CSE,2,84.7,3.4,93.4,78.2,0,8.8,5.9,100.0,59.6,2,2,2,2,2,81.9,0,No,9.16,92.6,Excellent,Placed
STU104464,22,Female,BSc Data Science,4,77.4,3.7,79.3,58.8,0,6.2,5.7,71.9,39.6,2,0,2,0,1,77.0,2,Yes,7.77,76.1,Good,Not Placed
STU104465,22,Male,BSc Data Science,3,84.8,5.6,74.0,60.9,2,6.8,5.0,68.5,73.0,1,1,0,1,2,76.4,1,Yes,5.97,61.3,Average,Not Placed
STU104466,22,Male,BTech CSE,4,74.9,3.9,91.2,81.5,0,4.4,5.3,68.4,63.7,2,1,1,1,1,77.8,0,No,8.43,83.7,Excellent,Placed
STU104467,21,Male,BCA,3,100.0,4.4,91.4,96.5,0,6.5,6.2,74.1,63.3,4,2,0,0,4,75.4,1,No,10.0,98.6,Excellent,Not Placed
STU104468,18,Male,BTech CSE,4,90.2,3.5,58.2,77.4,0,5.4,5.6,70.1,59.2,2,2,4,0,1,75.9,2,Yes,7.25,73.1,Good,Not Placed
STU104469,24,Female,BTech CSE,4,73.9,4.7,84.8,85.8,1,6.1,10.0,70.8,70.0,2,1,2,1,1,86.5,1,Yes,8.95,90.4,Excellent,Placed
STU104470,18,Male,BTech CSE,3,85.6,0.5,70.9,68.8,0,4.1,7.5,66.1,87.6,2,1,0,3,1,67.3,3,Yes,6.44,62.9,Average,Not Placed
STU104471,21,Male,BSc Data Science,3,83.5,2.3,86.4,59.3,0,8.9,5.2,77.9,89.0,1,0,4,0,2,86.5,3,Yes,8.08,78.1,Good,Not Placed
STU104472,20,Female,BSc Computer Science,3,80.8,2.9,92.5,70.0,1,8.5,7.5,55.2,98.7,1,0,2,2,5,98.6,1,Yes,7.92,79.9,Good,Not Placed
STU104473,19,Female,BCA,3,83.1,2.8,88.8,85.0,0,8.9,4.3,62.2,76.4,6,0,2,0,0,81.0,0,No,8.78,86.0,Excellent,Placed
STU104474,24,Female,BSc Data Science,3,69.9,2.3,89.9,65.2,1,6.6,8.8,84.7,88.4,1,3,4,1,3,100.0,0,Yes,7.63,76.4,Good,Placed
STU104475,24,Male,BSc Computer Science,2,73.6,3.4,74.7,67.8,0,5.9,6.0,63.8,74.4,4,1,2,0,4,65.2,1,Yes,6.48,66.6,Good,Not Placed
STU104476,18,Male,BBA,3,94.6,3.3,77.0,98.7,0,7.0,8.6,56.3,58.9,4,0,3,0,1,98.1,3,Yes,9.62,93.0,Excellent,Placed
STU104477,19,Female,BTech CSE,2,80.0,3.4,88.5,93.2,0,7.2,6.9,70.5,94.7,0,0,4,2,3,84.4,0,No,9.69,95.2,Excellent,Not Placed
STU104478,23,Male,BBA,2,71.0,3.8,82.8,73.7,0,9.2,7.2,61.1,57.6,2,1,2,0,2,93.5,1,Yes,7.48,76.4,Good,Not Placed
STU104479,23,Female,BTech CSE,3,76.6,4.2,65.0,86.2,1,6.8,7.0,53.0,60.3,1,1,2,1,2,80.5,5,No,6.87,71.8,Good,Not Placed
STU104480,21,Male,BCA,2,72.7,2.3,91.8,57.7,0,6.7,2.3,80.8,74.1,5,1,1,0,1,81.3,3,Yes,7.67,75.1,Good,Not Placed
STU104481,23,Male,BSc Computer Science,4,87.0,2.7,65.9,80.0,0,7.9,7.7,61.1,67.0,1,0,2,0,4,79.2,4,Yes,7.62,72.7,Good,Not Placed
STU104482,24,Female,BCA,4,72.4,4.9,,73.3,0,3.2,5.3,70.4,47.3,3,3,4,0,2,81.9,5,Yes,7.71,76.5,Good,Not Placed
STU104483,23,Female,BCA,4,78.4,2.1,84.3,77.1,1,9.2,6.8,66.8,85.1,0,1,2,1,2,100.0,2,Yes,8.87,89.1,Excellent,Not Placed
STU104484,20,Female,BSc Computer Science,3,71.4,2.3,95.0,55.9,1,7.9,7.7,62.1,57.5,1,3,2,0,2,93.1,0,Yes,8.07,77.9,Good,Not Placed
STU104485,20,Male,BTech CSE,3,100.0,2.3,79.4,53.4,0,7.3,9.1,62.6,84.1,1,1,1,0,3,77.2,2,No,7.82,78.9,Good,Not Placed
STU104486,20,Male,BSc Computer Science,3,84.3,3.2,59.7,65.3,1,7.6,8.6,67.8,65.9,2,0,1,0,0,83.2,1,Yes,7.09,72.0,Good,Not Placed
STU104487,23,Female,BCA,3,83.9,5.0,83.6,55.6,0,8.2,5.1,84.5,65.1,3,0,3,0,3,92.1,1,Yes,7.79,78.8,Good,Placed
STU104488,21,Female,BCA,2,85.0,4.3,85.7,60.6,0,10.0,4.6,72.5,57.5,1,1,1,1,0,65.1,3,Yes,9.01,89.0,Excellent,Not Placed
STU104489,22,Male,BCA,3,74.1,2.2,93.8,100.0,0,5.9,7.0,89.1,74.3,2,0,3,0,3,84.4,0,Yes,9.56,95.7,Excellent,Placed
STU104490,22,Male,BCA,4,93.2,6.2,76.2,86.8,0,8.6,7.7,60.4,57.0,0,1,0,1,1,80.4,5,Yes,9.84,96.4,Excellent,Not Placed
STU104491,19,Male,BCA,2,77.3,2.5,89.7,76.2,1,7.3,7.9,69.4,100.0,4,1,0,1,2,78.9,3,Yes,7.41,74.4,Good,Placed
STU104492,22,Other,BTech CSE,3,95.7,1.1,91.9,77.4,0,5.1,8.2,51.3,81.3,2,0,1,0,2,74.7,1,Yes,7.47,73.7,Good,Placed
STU104493,22,Female,BTech CSE,4,74.8,6.2,73.9,77.0,1,8.6,6.0,77.2,82.7,3,0,0,1,1,80.7,4,Yes,8.43,83.5,Excellent,Placed
STU104494,20,Female,BSc Data Science,2,85.2,2.2,85.5,69.7,2,7.2,7.0,82.6,46.6,5,2,1,1,2,86.1,1,No,7.97,82.7,Excellent,Not Placed
STU104495,20,Male,BTech CSE,2,79.7,3.3,65.8,75.9,2,7.2,4.8,78.1,78.9,0,1,0,0,1,72.3,1,Yes,8.37,82.5,Excellent,Not Placed
STU104496,23,Female,BCA,2,80.7,3.3,88.2,83.4,0,7.0,8.9,80.8,71.7,1,1,4,1,1,96.9,0,No,8.5,82.7,Excellent,Placed
STU104497,19,Male,BBA,4,61.3,4.4,84.4,69.2,0,7.4,8.7,67.8,55.7,2,2,4,0,1,78.8,1,No,7.36,74.0,Good,Placed
STU104498,18,Male,BSc Data Science,3,68.2,0.7,68.4,89.3,0,8.1,6.6,74.2,98.3,3,2,0,2,1,80.4,1,Yes,6.31,63.9,Average,Not Placed
STU104499,24,Female,BTech CSE,3,93.1,3.0,77.6,69.1,3,5.8,5.6,80.5,45.7,0,1,3,1,2,74.4,2,No,6.9,70.3,Good,Not Placed
STU104500,19,Male,BBA,2,65.1,2.9,93.9,60.1,0,6.4,5.1,84.0,52.0,3,0,2,0,2,77.9,2,Yes,7.59,79.1,Good,Not Placed
STU104501,19,Male,BTech CSE,3,86.9,5.6,84.2,75.1,0,8.5,7.2,67.9,64.8,1,3,1,0,1,87.7,1,Yes,8.91,88.1,Excellent,Not Placed
STU104502,21,Male,BCA,3,100.0,2.7,74.5,69.7,3,4.8,5.1,59.5,88.4,4,0,0,2,1,66.2,3,No,7.82,77.9,Good,Not Placed
STU104503,23,Male,BSc Computer Science,3,83.5,3.0,73.6,68.9,0,8.5,7.9,87.4,57.1,3,2,2,1,1,92.1,4,Yes,7.39,74.0,Good,Placed
STU104504,21,Female,BCA,3,99.3,4.6,93.0,82.6,0,6.6,6.9,69.3,47.3,4,0,3,1,1,85.4,1,Yes,8.99,87.1,Excellent,Not Placed
STU104505,19,Female,BCA,3,84.9,4.3,76.6,67.6,0,8.5,6.4,67.4,55.4,2,0,4,0,1,92.1,1,Yes,8.47,84.7,Excellent,Not Placed
STU104506,19,Female,BCA,3,80.6,2.4,84.4,60.8,2,7.6,8.1,58.2,55.2,1,0,1,0,1,81.4,4,Yes,6.9,67.8,Good,Not Placed
STU104507,19,Female,BBA,3,81.7,4.1,77.5,67.3,1,5.8,3.9,66.8,68.4,1,1,1,0,3,65.1,1,Yes,8.03,77.9,Good,Not Placed
STU104508,22,Female,BBA,2,76.2,2.4,57.7,63.1,0,5.8,7.5,63.1,55.0,2,0,2,1,1,69.8,1,No,6.14,61.8,Average,Not Placed
STU104509,24,Male,BCA,3,75.9,4.7,74.8,63.0,1,5.4,6.8,55.1,56.0,4,1,1,2,4,77.4,1,Yes,7.6,75.2,Good,Not Placed
STU104510,24,Male,BSc Computer Science,3,72.7,3.3,94.5,83.7,0,4.5,6.4,56.6,62.4,2,1,3,1,3,75.2,4,No,7.41,74.4,Good,Placed
STU104511,21,Other,BBA,3,82.2,1.6,100.0,59.7,2,6.8,7.9,76.4,43.8,0,0,5,0,1,80.8,1,No,7.27,72.5,Good,Not Placed
STU104512,19,Male,BSc Computer Science,3,100.0,0.5,73.5,73.4,0,7.0,8.9,64.3,80.7,2,1,2,0,1,83.9,3,No,7.61,77.2,Good,Placed
STU104513,24,Female,BSc Data Science,4,92.2,2.9,85.7,68.0,0,7.7,7.1,70.1,62.1,0,1,1,1,2,65.1,1,No,8.12,84.4,Excellent,Not Placed
STU104514,20,Male,BSc Computer Science,4,80.0,2.3,,70.7,0,6.1,7.6,64.8,54.0,2,0,1,0,0,70.7,1,No,7.31,73.1,Good,Not Placed
STU104515,24,Female,BTech CSE,3,84.1,3.1,95.2,47.6,0,7.7,6.1,55.1,69.5,2,0,5,1,3,100.0,0,Yes,6.81,68.1,Good,Not Placed
STU104516,23,Female,BSc Computer Science,4,77.1,3.4,68.7,79.7,0,8.6,5.7,84.7,71.2,0,2,1,1,2,76.5,1,Yes,7.64,77.3,Good,Not Placed
STU104517,23,Male,BTech CSE,2,92.2,0.6,79.1,68.6,0,10.0,7.2,71.7,60.1,2,3,0,1,3,85.3,1,No,7.11,71.0,Good,Not Placed
STU104518,24,Male,BSc Data Science,4,61.7,2.4,84.8,83.7,0,5.0,6.3,77.7,55.7,3,1,3,0,2,75.6,1,Yes,8.02,78.5,Good,Not Placed
STU104519,20,Female,BCA,3,97.3,3.3,96.0,76.8,2,9.0,6.2,73.9,69.2,0,1,1,0,0,78.4,2,Yes,7.94,80.7,Excellent,Not Placed
STU104520,23,Male,BSc Data Science,3,72.5,3.7,68.8,72.6,0,7.3,9.2,66.8,37.2,1,1,1,2,2,70.0,0,No,7.2,71.7,Good,Not Placed
STU104521,22,Male,BCA,2,74.2,4.7,90.5,72.1,0,7.2,8.9,61.1,67.2,2,1,4,1,2,100.0,3,Yes,8.91,87.6,Excellent,Placed
STU104522,24,Female,BSc Computer Science,2,65.8,5.0,89.7,98.9,0,6.0,4.8,45.5,62.4,2,2,2,0,0,73.9,3,Yes,9.08,89.6,Excellent,Not Placed
STU104523,22,Male,BCA,2,79.5,3.1,78.7,62.4,1,8.8,8.3,40.2,78.2,5,1,5,0,1,100.0,4,Yes,8.86,88.3,Excellent,Placed
STU104524,24,Female,BTech CSE,2,71.2,3.3,100.0,75.5,0,7.2,8.0,79.7,71.6,1,1,0,0,1,81.6,2,Yes,7.46,77.4,Good,Not Placed
STU104525,18,Male,BSc Data Science,2,89.6,2.8,72.0,74.9,0,4.4,7.1,82.3,74.0,0,1,3,0,2,62.8,2,Yes,6.92,65.9,Good,Not Placed
STU104526,18,Male,BTech CSE,4,84.8,4.5,86.0,52.6,0,3.6,8.5,85.8,44.2,7,3,3,1,3,91.6,1,No,6.91,70.2,Good,Not Placed
STU104527,18,Female,BBA,2,71.1,2.9,84.2,71.3,0,6.8,9.3,66.5,92.3,4,1,0,0,0,97.5,5,No,7.77,73.5,Good,Not Placed
STU104528,23,Male,BTech CSE,3,69.2,2.0,86.1,53.3,1,7.6,8.0,58.6,71.1,1,1,2,3,2,70.0,2,Yes,7.0,69.3,Good,Not Placed
STU104529,22,Male,BBA,4,71.6,1.0,94.7,71.2,0,5.5,6.2,76.5,41.6,3,0,2,0,1,75.3,2,Yes,6.73,65.1,Good,Not Placed
STU104530,22,Male,BSc Computer Science,2,68.5,2.1,67.2,52.5,1,6.1,6.1,85.1,44.5,1,0,1,0,0,72.6,5,Yes,5.92,63.7,Average,Not Placed
STU104531,22,Male,BCA,4,75.2,3.1,83.7,76.6,0,8.6,6.0,92.1,64.8,4,1,0,2,1,89.3,1,Yes,8.07,80.2,Excellent,Placed
STU104532,20,Male,BBA,3,69.6,5.0,100.0,56.9,0,6.1,7.4,63.8,56.7,0,1,3,0,1,77.0,3,Yes,8.12,84.5,Excellent,Not Placed
STU104533,22,Male,BTech CSE,3,89.7,3.6,90.8,71.9,1,7.6,8.8,81.2,89.1,3,1,5,1,1,85.6,1,Yes,8.74,86.8,Excellent,Placed
STU104534,20,Male,BTech CSE,2,73.0,3.7,74.7,52.5,0,5.8,4.8,74.7,74.7,3,1,1,0,1,78.6,2,Yes,6.45,67.9,Good,Not Placed
STU104535,18,Male,BTech CSE,2,83.8,3.5,73.2,77.7,0,8.8,8.2,68.7,62.4,2,1,1,2,0,78.9,0,Yes,7.93,80.9,Excellent,Placed
STU104536,18,Female,BSc Computer Science,3,83.8,5.4,87.7,71.1,0,7.3,9.1,59.0,52.1,2,1,0,1,1,87.4,1,Yes,8.55,86.1,Excellent,Placed
STU104537,23,Female,BCA,2,59.5,4.3,76.6,69.8,0,6.9,4.2,85.8,52.1,1,0,3,1,0,82.5,6,No,7.03,69.8,Good,Not Placed
STU104538,24,Male,BTech CSE,3,85.1,3.5,80.4,73.7,1,9.2,6.2,84.3,54.3,4,0,5,2,2,89.9,2,Yes,8.15,80.8,Excellent,Placed
STU104539,18,Female,BCA,2,60.9,2.6,73.8,78.3,1,4.1,4.9,65.8,53.6,3,0,1,1,0,72.6,4,Yes,7.0,68.8,Good,Not Placed
STU104540,24,Female,BCA,3,69.7,1.6,100.0,61.7,1,7.9,7.5,78.5,44.3,1,2,2,0,0,77.3,2,Yes,8.01,76.1,Good,Placed
STU104541,24,Female,BSc Computer Science,2,84.7,6.0,85.8,71.8,1,3.9,5.5,76.6,57.7,0,0,1,0,2,59.8,2,Yes,8.98,88.7,Excellent,Not Placed
STU104542,23,Female,BSc Data Science,4,79.2,4.7,82.6,66.4,1,6.9,5.2,76.9,91.3,0,0,3,0,1,69.1,1,No,8.58,87.0,Excellent,Not Placed
STU104543,19,Male,BCA,2,74.6,3.2,64.0,87.6,1,6.9,8.9,55.1,62.1,4,1,1,0,1,89.0,1,Yes,8.2,83.3,Excellent,Not Placed
STU104544,19,Female,BTech CSE,4,60.2,6.2,72.9,67.1,0,7.4,5.3,55.1,56.6,0,1,2,0,2,70.1,1,Yes,7.81,77.1,Good,Not Placed
STU104545,21,Male,BTech CSE,2,87.6,3.5,81.3,62.3,0,3.7,7.3,65.7,61.7,1,1,0,2,3,59.6,5,Yes,7.43,75.2,Good,Not Placed
STU104546,23,Male,BTech CSE,4,,2.3,81.3,53.9,0,7.2,6.7,73.7,60.5,2,1,0,0,1,84.4,2,Yes,7.33,73.2,Good,Not Placed
STU104547,21,Female,BSc Computer Science,3,69.4,5.3,100.0,68.8,1,9.0,5.9,92.8,69.7,2,1,1,0,0,78.4,3,Yes,9.38,92.1,Excellent,Placed
STU104548,21,Male,BBA,3,68.4,1.6,83.4,63.7,1,5.7,6.6,47.6,79.4,2,0,5,1,3,94.6,2,Yes,6.99,70.9,Good,Placed
STU104549,19,Male,BCA,2,88.3,2.9,93.4,76.3,0,5.6,6.5,83.7,53.7,3,1,3,0,1,64.5,1,Yes,7.51,77.2,Good,Placed
STU104550,23,Female,BTech CSE,3,81.0,1.7,84.0,74.7,2,5.9,8.6,50.2,56.3,3,1,2,3,0,85.5,1,No,7.18,74.1,Good,Not Placed
STU104551,19,Female,BCA,2,64.4,2.3,91.5,78.4,1,8.3,8.4,71.3,47.4,1,1,3,1,2,100.0,5,Yes,7.65,77.1,Good,Placed
STU104552,21,Female,BSc Data Science,3,70.7,3.8,63.7,56.9,1,5.3,7.5,42.3,81.6,2,1,2,2,4,78.7,1,Yes,7.39,72.7,Good,Not Placed
STU104553,23,Female,BSc Computer Science,2,97.6,4.0,68.2,39.2,1,6.1,9.2,87.2,93.3,1,1,4,1,0,100.0,4,Yes,6.78,63.5,Average,Not Placed
STU104554,21,Male,BTech CSE,3,88.0,1.8,92.2,72.0,1,8.2,7.9,71.8,63.7,1,0,2,1,0,86.9,2,Yes,7.95,79.0,Good,Not Placed
STU104555,22,Male,BCA,2,78.0,6.2,98.5,81.9,0,5.3,5.6,73.8,75.3,1,0,1,0,0,80.5,2,Yes,9.37,93.0,Excellent,Not Placed
STU104556,24,Female,BCA,2,78.2,0.5,63.2,67.3,1,8.5,5.8,79.6,68.6,1,1,0,0,2,77.5,1,Yes,6.72,69.6,Good,Not Placed
STU104557,23,Male,BSc Computer Science,3,56.2,3.7,82.1,93.4,1,5.8,10.0,64.2,54.4,2,1,5,1,2,91.6,3,Yes,7.03,71.7,Good,Not Placed
STU104558,23,Female,BSc Computer Science,4,91.1,3.7,65.5,70.5,2,6.5,8.1,43.8,57.7,2,1,4,0,2,74.4,1,Yes,7.71,78.1,Good,Not Placed
STU104559,24,Male,BSc Computer Science,3,73.5,3.9,74.7,63.2,0,8.3,7.1,43.2,67.3,0,0,3,0,5,77.8,3,Yes,8.06,80.8,Excellent,Not Placed
STU104560,21,Male,BSc Data Science,3,69.9,4.8,61.1,77.0,2,8.3,,75.7,77.1,0,0,0,0,1,75.9,3,Yes,7.21,72.8,Good,Not Placed
STU104561,22,Male,BSc Computer Science,3,85.5,0.5,80.7,88.6,4,6.0,6.9,64.3,56.3,4,1,1,2,0,73.0,4,Yes,7.24,71.6,Good,Not Placed
STU104562,20,Female,BCA,3,71.7,2.3,80.0,71.5,1,5.1,10.0,84.9,96.8,5,1,2,0,2,80.3,5,Yes,7.1,70.5,Good,Placed
STU104563,24,Male,BCA,2,59.8,3.7,79.8,81.0,1,9.3,5.5,68.7,51.9,3,0,1,1,2,89.8,2,No,7.97,78.8,Good,Not Placed
STU104564,19,Male,BSc Computer Science,2,82.1,6.1,78.8,66.9,0,6.3,8.2,77.4,60.1,6,2,2,1,2,85.0,2,Yes,8.47,82.0,Excellent,Placed
STU104565,21,Male,BTech CSE,4,62.8,2.6,89.0,67.2,1,7.5,8.8,81.0,72.1,3,0,3,0,0,92.5,1,Yes,6.06,60.3,Average,Not Placed
STU104566,24,Male,BCA,3,,3.2,100.0,85.4,0,8.0,5.7,80.7,42.5,2,0,0,2,1,76.5,0,Yes,9.45,92.2,Excellent,Placed
STU104567,24,Male,BCA,3,81.2,4.6,68.7,50.7,0,5.4,5.6,64.8,53.1,3,0,2,0,1,86.2,3,Yes,6.9,70.3,Good,Placed
STU104568,23,Male,BSc Computer Science,3,75.2,1.7,72.8,59.4,0,4.3,4.5,69.4,59.3,2,0,6,2,0,66.5,3,Yes,6.62,65.2,Good,Not Placed
STU104569,19,Male,BCA,3,75.3,3.5,83.4,79.0,1,7.8,5.3,79.7,69.0,2,1,4,3,0,90.6,4,Yes,7.84,78.1,Good,Placed
STU104570,19,Male,BSc Data Science,3,93.5,3.3,79.1,67.9,0,4.1,8.1,71.6,94.4,3,2,3,1,1,64.2,2,Yes,7.17,69.1,Good,Not Placed
STU104571,19,Male,BSc Data Science,3,93.7,2.6,78.5,75.6,0,4.9,6.6,43.3,66.6,0,0,4,0,2,75.3,2,No,8.03,77.8,Good,Not Placed
STU104572,24,Female,BCA,2,68.8,4.3,67.6,78.4,0,7.9,7.8,37.8,60.8,2,0,3,3,0,90.0,2,No,8.19,81.7,Excellent,Not Placed
STU104573,20,Female,BCA,3,72.1,6.7,77.0,56.2,1,7.4,8.1,59.6,71.0,4,0,2,2,5,100.0,2,Yes,7.41,75.0,Good,Placed
STU104574,18,Male,BTech CSE,3,72.6,3.8,77.1,56.1,1,7.3,6.8,81.2,72.8,1,0,2,0,3,76.3,4,Yes,7.01,69.7,Good,Not Placed
STU104575,21,Male,BTech CSE,4,77.7,0.5,84.4,85.8,0,5.8,5.3,68.4,61.5,2,0,1,1,1,75.8,0,Yes,7.52,74.9,Good,Not Placed
STU104576,18,Male,BTech CSE,3,77.2,2.2,72.0,67.4,1,8.9,7.8,90.3,74.2,2,2,3,0,3,87.1,3,No,7.69,79.2,Good,Placed
STU104577,24,Female,BSc Computer Science,3,95.2,5.7,91.8,63.9,3,5.0,2.8,79.2,69.0,2,1,1,1,0,62.4,3,Yes,7.09,73.3,Good,Not Placed
STU104578,18,Male,BTech CSE,2,76.1,3.1,68.1,76.4,0,3.0,8.8,49.6,57.3,2,1,1,2,4,64.2,5,No,6.67,67.1,Good,Not Placed
STU104579,24,Male,BBA,2,67.7,1.7,99.1,83.8,0,3.5,3.3,82.3,60.3,3,0,6,0,1,68.2,3,Yes,8.31,80.2,Excellent,Not Placed
STU104580,18,Female,BTech CSE,4,72.1,4.6,73.0,81.3,0,6.8,4.8,51.0,75.4,2,0,4,0,3,92.9,1,Yes,7.95,76.7,Good,Not Placed
STU104581,19,Male,BCA,4,81.7,2.5,97.9,77.5,1,6.5,6.2,91.4,79.5,0,1,3,2,3,81.2,0,Yes,8.52,81.2,Excellent,Not Placed
STU104582,22,Female,BSc Computer Science,3,75.4,3.6,73.8,85.9,0,7.9,4.9,75.3,49.1,5,2,0,1,3,82.2,2,No,7.52,76.8,Good,Not Placed
STU104583,19,Female,BSc Data Science,3,81.1,1.8,91.1,78.1,0,7.7,3.9,88.1,77.4,4,2,2,0,2,91.3,1,Yes,7.8,74.8,Good,Placed
STU104584,19,Female,BSc Computer Science,2,75.6,2.9,78.0,65.4,1,6.5,7.0,75.7,73.6,1,0,2,0,0,78.2,2,Yes,7.11,71.5,Good,Not Placed
STU104585,23,Male,BSc Computer Science,4,85.2,3.5,82.9,75.1,2,4.1,6.0,67.9,55.4,2,0,1,3,1,77.9,3,Yes,7.88,78.3,Good,Not Placed
STU104586,23,Female,BTech CSE,2,77.1,3.3,88.6,81.4,0,5.5,6.0,70.1,88.6,2,3,0,0,2,77.7,1,Yes,7.9,75.7,Good,Placed
STU104587,18,Female,BSc Computer Science,4,65.8,4.1,78.3,62.3,0,5.7,6.4,55.9,86.1,2,1,1,0,0,74.2,0,Yes,7.4,74.0,Good,Not Placed
STU104588,24,Male,BCA,3,74.5,3.8,61.1,65.2,0,9.4,4.6,71.0,59.7,3,1,0,0,0,82.6,4,Yes,8.57,85.6,Excellent,Not Placed
STU104589,19,Male,BCA,3,100.0,2.0,75.0,74.4,1,6.3,7.9,69.7,56.6,2,0,3,0,2,96.7,2,No,7.23,74.0,Good,Not Placed
STU104590,18,Male,BSc Data Science,4,90.4,6.0,76.4,80.2,0,8.3,5.4,75.8,60.0,1,3,4,1,0,72.1,3,Yes,9.38,94.8,Excellent,Placed
STU104591,23,Female,BCA,4,66.4,3.3,100.0,71.7,0,6.9,7.6,64.9,65.5,3,1,5,0,1,88.6,1,Yes,7.84,78.8,Good,Placed
STU104592,22,Female,BSc Data Science,3,95.8,1.5,81.5,75.1,0,6.4,6.5,55.9,40.8,2,1,3,1,2,80.6,1,No,7.49,77.8,Good,Not Placed
STU104593,21,Female,BSc Data Science,4,79.4,0.5,83.9,42.2,2,5.7,6.5,67.9,53.2,2,0,3,0,3,75.2,4,Yes,6.19,62.6,Average,Not Placed
STU104594,18,Female,BSc Data Science,4,73.1,3.6,80.7,91.2,1,7.4,6.2,56.2,66.9,3,0,0,0,3,79.0,0,Yes,7.66,75.9,Good,Not Placed
STU104595,22,Male,BBA,4,75.2,2.1,84.4,81.3,4,4.7,8.2,55.4,81.9,0,0,2,0,1,68.5,2,Yes,7.36,71.1,Good,Not Placed
STU104596,21,Male,BSc Data Science,4,78.6,4.4,68.4,80.7,0,6.4,8.6,50.4,51.6,1,1,5,0,3,90.3,1,Yes,7.12,71.3,Good,Not Placed
STU104597,20,Female,BCA,3,88.8,3.6,74.4,79.7,1,6.7,8.5,66.1,46.0,3,1,2,1,1,83.0,2,Yes,8.59,88.2,Excellent,Not Placed
STU104598,18,Female,BCA,3,79.9,9.4,89.3,80.8,0,6.9,6.4,69.8,66.0,1,0,4,0,1,89.5,2,No,10.0,100.0,Excellent,Not Placed
STU104599,18,Male,BSc Computer Science,4,81.3,1.6,79.5,88.7,0,5.0,6.8,60.3,52.9,4,1,3,0,0,90.7,4,Yes,7.85,77.4,Good,Not Placed
STU104600,20,Female,BCA,3,90.1,5.1,80.9,85.4,1,5.8,5.5,73.2,72.8,0,1,2,0,1,80.6,1,Yes,8.47,83.7,Excellent,Placed
STU104601,20,Female,BSc Computer Science,3,74.0,1.9,81.8,77.1,0,7.1,6.0,66.7,62.9,3,0,1,2,0,79.0,1,Yes,7.77,75.7,Good,Not Placed
STU104602,18,Female,BCA,3,81.0,4.7,89.6,81.7,0,6.9,4.9,63.2,50.7,1,1,0,1,1,55.9,0,Yes,8.6,84.7,Excellent,Not Placed
STU104603,20,Female,BSc Computer Science,4,82.4,5.6,,75.3,0,8.8,5.8,83.1,65.7,1,1,2,0,2,83.6,2,Yes,9.5,92.7,Excellent,Placed
STU104604,19,Female,BTech CSE,3,79.3,3.0,83.1,62.9,1,6.1,7.3,59.4,85.8,0,1,1,0,2,62.7,5,No,7.46,73.8,Good,Not Placed
STU104605,21,Male,BCA,3,83.0,2.4,58.3,65.9,1,,6.6,63.4,48.1,1,1,1,0,2,76.7,2,Yes,6.52,65.1,Good,Not Placed
STU104606,21,Female,BSc Data Science,3,71.1,3.3,64.3,67.0,2,5.7,5.9,72.3,68.3,2,1,3,0,0,80.0,1,Yes,6.91,68.1,Good,Not Placed
STU104607,21,Male,BSc Computer Science,2,87.8,2.4,79.3,70.0,0,4.6,8.3,78.4,55.1,2,0,4,1,1,81.7,5,Yes,8.23,78.5,Good,Not Placed
STU104608,19,Female,BTech CSE,2,72.5,5.9,69.8,69.2,1,9.3,5.2,53.3,59.2,2,1,1,2,2,80.0,4,Yes,8.35,83.2,Excellent,Not Placed
STU104609,24,Male,BSc Computer Science,3,82.5,3.2,92.8,58.1,4,7.9,6.8,69.7,57.2,1,0,1,0,0,84.9,1,No,7.59,76.1,Good,Not Placed
STU104610,20,Female,BSc Computer Science,3,80.1,4.2,70.3,74.5,0,7.1,10.0,67.1,43.9,5,0,2,1,1,90.2,5,Yes,8.31,82.3,Excellent,Placed
STU104611,22,Male,BTech CSE,4,71.1,4.2,80.6,80.9,0,7.2,9.2,77.7,83.4,5,2,5,1,3,100.0,3,Yes,9.3,90.2,Excellent,Placed
STU104612,20,Male,BSc Computer Science,3,94.2,4.8,90.8,66.4,1,6.4,6.0,59.3,79.7,3,0,3,0,1,74.7,2,Yes,8.06,82.1,Excellent,Not Placed
STU104613,18,Male,BSc Data Science,4,,2.8,87.4,68.1,1,4.1,8.8,68.3,36.6,3,0,4,0,0,87.2,1,Yes,7.91,77.2,Good,Not Placed
STU104614,23,Other,BCA,2,68.8,4.7,76.0,81.1,1,5.7,5.8,90.8,57.4,1,1,1,1,2,71.3,1,Yes,7.74,82.0,Excellent,Not Placed
STU104615,21,Female,BTech CSE,4,86.0,5.5,77.7,74.3,0,2.2,7.5,62.2,60.7,0,0,1,1,1,59.2,4,Yes,8.63,85.8,Excellent,Not Placed
STU104616,20,Male,BTech CSE,3,76.8,3.3,87.2,82.6,1,7.8,9.6,83.6,86.3,2,1,1,1,2,80.5,1,Yes,8.56,83.9,Excellent,Placed
STU104617,22,Other,BBA,3,71.3,1.5,90.9,80.8,0,6.7,6.3,63.1,38.5,3,0,1,0,1,81.8,3,Yes,7.61,75.5,Good,Not Placed
STU104618,18,Female,BBA,3,81.7,5.6,,62.5,1,6.6,8.1,66.3,71.9,2,0,3,2,1,97.3,2,Yes,8.59,84.3,Excellent,Placed
STU104619,19,Female,BTech CSE,3,86.3,3.8,90.9,74.7,1,5.2,6.5,62.6,48.9,0,0,2,0,1,76.0,3,Yes,6.66,70.1,Good,Not Placed
STU104620,24,Male,BSc Computer Science,2,79.6,3.5,89.5,79.2,1,6.3,5.9,53.8,80.3,2,1,3,1,3,79.8,4,Yes,8.2,79.5,Good,Placed
STU104621,19,Female,BTech CSE,2,74.4,4.5,85.8,63.6,1,7.6,7.9,54.0,70.4,2,0,3,1,2,95.3,4,Yes,8.05,84.5,Excellent,Not Placed
STU104622,22,Female,BSc Data Science,4,91.3,5.6,83.3,58.0,0,7.2,7.6,77.2,50.8,4,1,2,1,1,84.2,1,Yes,8.77,88.4,Excellent,Not Placed
STU104623,18,Female,BSc Computer Science,3,91.7,3.2,77.9,71.8,0,4.5,4.7,60.9,58.1,2,0,2,2,0,62.9,2,No,7.45,76.6,Good,Not Placed
STU104624,21,Female,BSc Data Science,4,71.2,5.4,87.5,46.8,0,5.3,6.3,57.9,64.7,1,2,1,0,0,63.9,0,Yes,6.68,68.3,Good,Not Placed
STU104625,20,Female,BSc Data Science,3,78.9,3.6,79.4,35.0,0,7.7,4.9,58.6,42.2,4,1,4,0,1,83.3,2,Yes,5.95,62.5,Average,Placed
STU104626,18,Female,BTech CSE,4,62.2,4.4,89.7,79.2,1,6.0,4.1,45.5,81.3,2,1,2,2,2,72.3,2,Yes,7.47,73.5,Good,Not Placed
STU104627,24,Male,BSc Data Science,2,86.4,2.6,89.9,62.9,1,9.8,6.5,59.2,49.7,3,0,2,0,2,100.0,0,Yes,8.35,82.3,Excellent,Not Placed
STU104628,19,Male,BCA,2,91.3,3.1,87.2,68.4,0,4.8,7.3,65.1,64.5,2,0,1,1,5,87.0,1,Yes,7.21,71.7,Good,Not Placed
STU104629,24,Male,BCA,3,81.9,5.1,75.2,74.9,0,6.2,8.4,54.6,56.7,1,0,4,0,0,89.7,1,No,8.66,83.8,Excellent,Not Placed
STU104630,24,Male,BTech CSE,4,67.6,0.6,81.0,71.5,1,5.8,4.3,72.3,50.5,0,0,5,2,3,77.6,2,Yes,6.36,65.8,Good,Not Placed
STU104631,22,Female,BTech CSE,3,94.2,4.6,93.9,62.8,2,6.1,5.0,65.9,57.2,3,1,1,0,1,78.7,0,Yes,9.02,90.9,Excellent,Not Placed
STU104632,22,Female,BSc Computer Science,2,98.3,4.1,63.2,95.5,0,4.7,9.1,57.9,75.6,3,0,4,1,2,93.1,4,Yes,8.99,88.2,Excellent,Placed
STU104633,20,Female,BSc Data Science,2,73.7,6.0,84.1,71.1,0,3.2,5.6,70.4,49.7,0,1,2,2,3,58.2,3,No,7.87,78.2,Good,Not Placed
STU104634,22,Male,BSc Data Science,3,82.5,5.0,90.3,100.0,0,7.5,4.5,67.9,56.7,1,0,2,0,0,67.6,2,Yes,9.59,96.0,Excellent,Not Placed
STU104635,22,Female,BCA,3,86.2,3.8,86.8,60.7,1,9.2,9.5,78.1,91.1,0,2,2,0,1,89.7,0,Yes,7.88,79.8,Good,Placed
STU104636,18,Male,BSc Data Science,3,85.9,1.6,100.0,67.5,0,5.7,6.6,49.5,52.4,3,1,1,0,2,70.6,3,Yes,6.87,69.7,Good,Not Placed
STU104637,21,Male,BTech CSE,4,78.5,2.6,64.3,72.3,1,7.0,6.1,89.6,65.9,4,3,1,1,2,84.7,1,Yes,6.71,66.7,Good,Placed
STU104638,20,Male,BSc Data Science,3,96.0,3.2,69.0,72.9,2,6.2,5.7,64.6,75.7,3,1,3,0,0,60.5,3,No,7.13,72.3,Good,Not Placed
STU104639,18,Female,BSc Data Science,4,62.3,5.7,84.0,83.9,1,6.2,5.3,79.3,66.5,1,1,1,1,3,72.0,2,Yes,8.62,89.8,Excellent,Not Placed
STU104640,21,Male,BCA,3,62.5,4.7,92.3,44.0,0,5.4,6.6,52.3,34.4,3,2,2,2,7,86.3,3,No,7.35,75.0,Good,Not Placed
STU104641,24,Female,BSc Data Science,3,77.8,2.3,82.6,90.3,1,7.8,7.3,67.9,71.0,3,1,1,2,0,74.3,1,No,9.05,87.5,Excellent,Not Placed
STU104642,18,Male,BCA,4,95.4,4.1,96.5,49.5,0,7.0,7.5,62.6,52.3,2,0,3,0,0,74.2,2,Yes,7.71,78.4,Good,Placed
STU104643,23,Female,BSc Computer Science,3,89.6,2.8,75.7,62.7,1,5.3,3.9,73.8,71.5,1,0,5,1,0,75.3,5,Yes,7.13,74.6,Good,Not Placed
STU104644,18,Female,BSc Computer Science,3,63.1,2.5,79.0,72.6,0,7.9,9.2,88.4,62.5,2,1,0,1,0,85.8,3,Yes,8.29,82.5,Excellent,Placed
STU104645,22,Female,BTech CSE,4,100.0,4.4,90.4,76.9,1,9.1,6.5,68.8,59.9,2,1,4,0,2,93.7,2,No,8.89,90.3,Excellent,Not Placed
STU104646,21,Female,BSc Computer Science,2,83.5,3.3,78.1,69.6,1,8.6,7.4,60.7,98.7,1,4,1,0,5,80.6,0,Yes,7.3,72.6,Good,Not Placed
STU104647,20,Female,BSc Data Science,3,66.5,1.8,92.3,66.3,0,6.2,8.0,68.7,61.0,0,0,2,2,1,73.2,2,Yes,6.35,65.6,Good,Not Placed
STU104648,20,Female,BSc Computer Science,2,77.1,4.7,89.6,72.1,0,5.0,6.2,37.1,62.4,0,2,0,0,1,66.8,3,No,8.13,84.7,Excellent,Not Placed
STU104649,21,Female,BTech CSE,2,87.7,3.7,77.4,67.2,2,4.9,7.6,62.1,69.7,0,1,2,1,1,66.1,2,Yes,6.76,67.5,Good,Not Placed
STU104650,22,Male,BCA,2,90.5,3.0,85.3,85.0,1,5.6,7.0,39.1,44.1,4,1,3,2,2,81.7,2,Yes,7.67,78.4,Good,Not Placed
STU104651,19,Male,BSc Computer Science,2,77.3,5.7,76.7,80.3,0,5.8,6.3,81.4,60.7,3,2,1,0,0,69.2,2,No,8.04,82.2,Excellent,Placed
STU104652,18,Male,BBA,3,83.2,5.1,72.2,77.4,0,8.1,6.9,79.5,65.2,0,0,1,1,3,73.1,2,Yes,8.25,83.2,Excellent,Not Placed
STU104653,22,Female,BSc Data Science,4,76.8,3.7,77.7,84.3,1,3.1,5.9,76.5,68.4,2,0,1,0,1,50.7,2,Yes,7.33,74.0,Good,Not Placed
STU104654,23,Male,BSc Computer Science,3,77.3,0.9,80.0,76.2,1,6.4,5.5,56.5,58.2,4,0,6,0,2,92.5,0,Yes,7.37,75.4,Good,Not Placed
STU104655,24,Female,BTech CSE,3,85.2,5.2,83.2,69.1,0,5.6,7.0,49.3,46.0,3,0,5,0,1,98.1,3,Yes,8.31,81.6,Excellent,Placed
STU104656,21,Female,BSc Computer Science,3,92.4,2.8,80.8,52.7,0,,7.1,81.2,74.8,4,1,3,1,2,94.6,2,No,6.77,70.2,Good,Not Placed
STU104657,18,Male,BTech CSE,4,66.6,3.3,62.7,94.4,0,7.4,7.2,100.0,80.0,1,0,0,0,2,73.8,8,No,7.78,76.6,Good,Placed
STU104658,20,Male,BSc Data Science,4,75.7,3.0,92.9,85.5,0,5.3,9.1,76.9,52.2,1,0,6,0,3,90.3,0,Yes,9.43,97.5,Excellent,Not Placed
STU104659,24,Female,BSc Data Science,4,72.0,1.6,63.3,57.5,0,6.2,7.3,89.3,83.6,0,0,1,3,1,77.7,3,No,5.93,62.4,Average,Placed
STU104660,19,Male,BTech CSE,4,67.9,4.2,84.1,80.8,0,8.1,6.2,70.7,63.7,1,0,4,0,3,83.2,3,Yes,8.98,87.7,Excellent,Placed
STU104661,23,Female,BTech CSE,2,67.4,2.2,73.8,77.5,0,6.0,7.1,63.9,49.8,0,0,2,0,1,66.4,2,Yes,6.94,70.5,Good,Not Placed
STU104662,20,Male,BBA,3,78.2,4.1,83.6,60.7,0,8.8,10.0,91.9,64.5,4,2,2,1,2,100.0,1,Yes,7.55,74.6,Good,Placed
STU104663,21,Female,BCA,3,67.3,2.1,79.5,88.6,0,5.1,5.0,67.2,45.1,4,0,2,0,2,71.4,3,No,7.32,75.3,Good,Not Placed
STU104664,18,Male,BSc Computer Science,3,66.9,2.8,85.8,74.0,2,1.4,9.6,81.8,74.8,3,0,2,2,1,76.3,3,Yes,6.06,59.7,Average,Not Placed
STU104665,21,Female,BCA,3,76.2,4.0,87.7,58.2,0,7.4,7.5,66.0,69.9,2,1,1,1,1,85.0,3,Yes,8.22,78.6,Good,Placed
STU104666,24,Female,BCA,2,68.2,3.7,93.4,57.4,2,7.1,6.9,63.8,48.0,0,2,1,0,3,69.3,2,No,6.42,65.0,Good,Not Placed
STU104667,18,Male,BSc Data Science,2,83.1,4.4,90.5,77.0,2,8.3,6.3,65.2,45.5,3,0,3,0,1,93.9,0,Yes,8.15,77.9,Good,Placed
STU104668,22,Male,BSc Data Science,4,73.2,4.5,82.5,60.5,0,7.3,6.1,73.9,29.9,4,1,2,1,0,77.7,3,Yes,7.8,78.6,Good,Not Placed
STU104669,19,Male,BCA,3,66.1,5.5,92.4,63.2,0,9.2,4.1,62.2,58.7,2,0,4,0,2,93.5,2,Yes,8.34,84.4,Excellent,Placed
STU104670,22,Female,BSc Data Science,3,100.0,3.5,76.4,77.1,0,7.1,7.1,97.1,55.6,3,0,4,0,2,86.5,2,No,8.41,85.0,Excellent,Placed
STU104671,22,Female,BSc Data Science,3,56.7,5.3,100.0,64.1,0,8.3,8.2,72.2,60.4,2,0,3,1,2,90.1,1,Yes,8.03,79.5,Good,Not Placed
STU104672,21,Male,BBA,3,86.6,3.0,75.5,66.4,1,8.0,6.6,65.5,53.8,2,1,6,1,1,87.5,2,Yes,7.35,73.0,Good,Not Placed
STU104673,24,Male,BTech CSE,3,81.5,4.7,76.8,62.5,0,5.4,6.1,58.5,81.5,1,2,1,1,1,70.7,1,Yes,7.07,71.2,Good,Not Placed
STU104674,19,Female,BCA,3,73.2,5.2,62.0,80.1,0,5.7,5.6,76.1,53.6,0,0,2,0,0,65.7,5,Yes,8.0,78.8,Good,Not Placed
STU104675,18,Female,BTech CSE,2,68.9,5.2,74.7,86.9,2,6.1,6.9,36.5,85.3,0,0,0,1,0,66.0,1,Yes,7.93,78.6,Good,Not Placed
STU104676,18,Female,BSc Computer Science,2,95.3,1.3,79.1,51.5,1,10.0,7.7,65.3,57.1,1,0,1,2,0,84.6,0,Yes,7.59,75.1,Good,Not Placed
STU104677,23,Male,BTech CSE,3,99.2,0.5,79.0,60.2,1,5.5,8.4,78.9,53.6,3,0,2,0,1,90.9,1,Yes,6.47,66.6,Good,Not Placed
STU104678,20,Female,BSc Data Science,3,75.1,4.3,100.0,45.0,2,7.3,3.8,52.1,58.0,1,2,1,1,4,81.8,1,Yes,7.62,74.8,Good,Placed
STU104679,23,Female,BSc Computer Science,2,73.6,3.5,,73.5,0,6.7,6.0,73.4,59.2,1,0,1,1,0,78.5,2,Yes,8.97,89.4,Excellent,Placed
STU104680,23,Female,BTech CSE,3,89.3,3.9,92.3,74.5,1,6.9,8.0,74.9,100.0,0,2,5,1,3,82.5,0,Yes,8.51,86.4,Excellent,Placed
STU104681,18,Female,BCA,3,75.5,3.6,82.0,60.6,0,6.6,4.9,64.0,37.3,1,0,2,0,2,74.8,4,No,6.8,69.2,Good,Not Placed
STU104682,21,Female,BBA,4,83.8,3.0,74.3,66.8,2,5.8,6.5,70.0,84.4,1,1,3,1,2,81.0,0,Yes,6.74,66.4,Good,Not Placed
STU104683,22,Female,BTech CSE,2,83.6,4.4,100.0,77.5,0,4.5,8.0,66.9,72.1,2,1,3,0,0,75.9,1,Yes,8.63,86.2,Excellent,Placed
STU104684,24,Male,BBA,4,78.4,4.0,80.9,90.6,2,4.8,6.7,55.1,61.7,1,0,1,0,1,80.5,6,Yes,7.14,72.1,Good,Not Placed
STU104685,22,Female,BSc Data Science,4,79.7,3.3,89.1,63.1,2,7.8,6.9,91.9,44.6,3,0,0,1,1,78.2,0,No,8.6,82.7,Excellent,Not Placed
STU104686,22,Male,BCA,4,81.7,3.5,71.6,73.3,0,7.3,5.0,74.0,86.9,2,1,1,1,2,62.5,0,Yes,7.96,81.1,Excellent,Placed
STU104687,19,Male,BSc Data Science,4,67.1,4.4,69.1,78.6,1,6.9,5.9,66.5,42.7,0,1,1,0,0,73.5,4,Yes,7.68,77.0,Good,Not Placed
STU104688,18,Male,BBA,4,71.2,2.6,98.5,93.6,1,9.7,7.3,67.5,70.1,1,1,2,1,3,96.8,1,Yes,9.24,92.1,Excellent,Placed
STU104689,24,Female,BSc Data Science,2,80.3,1.8,86.8,76.8,3,10.0,8.0,80.4,49.9,3,0,1,2,1,98.8,2,Yes,8.01,82.2,Excellent,Placed
STU104690,21,Male,BSc Computer Science,3,73.5,1.8,79.6,94.9,1,4.8,6.2,43.2,82.8,2,0,3,0,0,70.8,4,Yes,7.14,69.6,Good,Not Placed
STU104691,19,Male,BSc Data Science,3,100.0,2.7,79.9,54.7,0,9.0,8.7,65.6,51.9,2,2,3,0,0,100.0,1,Yes,8.51,82.2,Excellent,Placed
STU104692,20,Male,BSc Data Science,3,79.3,5.7,70.6,76.9,1,4.3,6.8,50.4,71.9,2,0,2,4,0,60.6,3,Yes,7.76,78.5,Good,Not Placed
STU104693,21,Male,BCA,3,60.6,3.7,75.8,68.8,0,5.7,6.8,78.6,59.1,1,1,1,0,2,67.0,1,No,7.31,71.2,Good,Not Placed
STU104694,23,Male,BSc Computer Science,3,49.9,2.5,86.7,71.7,0,6.8,9.1,78.6,50.8,4,0,1,0,2,84.2,0,Yes,6.84,68.2,Good,Not Placed
STU104695,21,Female,BTech CSE,4,86.2,3.8,82.5,57.4,1,8.0,3.5,63.7,40.9,1,2,1,1,2,69.9,0,No,7.54,73.9,Good,Not Placed
STU104696,21,Female,BCA,3,79.4,1.9,90.3,86.7,1,4.2,2.9,74.6,80.2,3,1,1,0,3,63.6,3,Yes,7.94,79.2,Good,Placed
STU104697,22,Male,BTech CSE,2,92.4,3.2,51.9,79.0,1,6.6,8.2,73.7,73.1,0,0,5,1,1,77.5,4,Yes,7.83,78.3,Good,Not Placed
STU104698,21,Female,BTech CSE,3,71.6,2.9,83.9,74.6,0,6.7,6.4,91.1,53.8,1,1,2,1,2,75.9,5,No,6.69,69.6,Good,Not Placed
STU104699,23,Female,BSc Computer Science,2,76.8,1.5,90.6,51.4,1,3.9,7.5,76.0,58.6,1,0,3,0,5,79.4,4,Yes,6.02,61.2,Average,Placed
STU104700,23,Male,BSc Computer Science,3,80.8,5.1,57.7,83.0,0,7.3,6.8,52.2,43.7,1,1,5,1,0,89.3,3,Yes,9.2,90.8,Excellent,Placed
STU104701,18,Female,BSc Data Science,2,76.4,2.9,70.6,64.0,1,6.3,7.6,57.8,50.7,4,1,5,1,2,93.2,3,Yes,6.0,62.1,Average,Not Placed
STU104702,21,Female,BSc Data Science,3,75.6,3.4,66.1,62.6,0,7.5,7.9,69.7,66.0,3,1,1,1,1,92.0,3,Yes,7.25,70.8,Good,Placed
STU104703,22,Male,BTech CSE,3,85.3,4.5,96.3,53.9,1,5.7,8.5,39.4,47.0,1,0,4,1,1,80.3,1,Yes,7.28,71.5,Good,Not Placed
STU104704,21,Male,BSc Data Science,2,69.7,4.0,82.8,68.0,1,5.8,7.5,84.3,64.2,3,1,2,0,1,82.3,0,Yes,7.83,77.9,Good,Not Placed
STU104705,20,Female,BSc Computer Science,2,83.4,3.6,83.6,65.4,1,,8.6,73.1,75.7,2,1,1,3,0,94.3,0,Yes,8.22,81.3,Excellent,Not Placed
STU104706,20,Female,BCA,3,96.3,3.1,94.5,88.1,1,5.1,6.0,45.1,67.7,1,3,2,0,0,59.1,5,No,6.76,70.7,Good,Not Placed
STU104707,22,Male,BTech CSE,3,94.6,4.6,80.8,60.0,1,6.2,7.5,67.5,43.1,2,0,2,0,0,63.9,0,No,7.82,80.3,Excellent,Not Placed
STU104708,18,Female,BSc Data Science,3,59.9,3.5,74.9,63.4,0,5.6,4.6,100.0,64.6,1,2,1,0,1,76.1,0,Yes,6.21,64.1,Average,Not Placed
STU104709,18,Male,BSc Computer Science,3,73.1,3.7,83.9,64.9,3,6.7,5.7,60.8,91.3,3,2,7,0,1,100.0,1,Yes,6.38,65.1,Good,Not Placed
STU104710,23,Female,BCA,3,80.9,5.2,86.7,62.2,0,7.0,7.9,47.7,88.1,3,2,4,1,1,93.4,2,Yes,9.32,91.2,Excellent,Placed
STU104711,23,Female,BBA,3,90.8,5.3,69.6,56.1,0,8.7,8.0,60.3,60.1,0,2,4,0,0,84.0,1,Yes,7.36,77.7,Good,Not Placed
STU104712,19,Male,BSc Data Science,2,80.1,3.9,99.2,79.8,1,5.5,6.5,43.8,57.2,2,0,2,1,1,84.8,3,Yes,8.5,86.3,Excellent,Not Placed
STU104713,22,Female,BSc Computer Science,4,,3.7,61.2,69.9,3,6.0,8.7,71.8,77.7,2,1,5,0,2,80.0,2,Yes,6.96,73.1,Good,Not Placed
STU104714,21,Female,BSc Computer Science,2,71.3,4.5,85.6,65.5,0,6.9,4.2,53.5,58.2,2,1,2,0,0,79.4,0,Yes,7.29,73.5,Good,Not Placed
STU104715,24,Male,BTech CSE,4,81.3,3.1,100.0,64.2,0,3.3,8.4,77.2,41.1,1,0,1,1,2,68.8,1,No,7.4,72.4,Good,Not Placed
STU104716,22,Female,BSc Data Science,3,81.5,3.1,83.3,73.5,0,8.6,6.5,71.5,72.8,0,3,1,2,2,75.5,2,Yes,9.85,97.6,Excellent,Not Placed
STU104717,19,Female,BTech CSE,3,91.1,3.4,59.4,64.3,1,1.0,3.8,58.8,51.8,1,0,1,1,1,46.2,1,No,5.28,53.7,Average,Not Placed
STU104718,23,Male,BSc Data Science,4,87.1,2.0,98.4,71.2,0,7.8,5.2,47.4,57.9,2,1,4,0,3,85.7,3,Yes,9.03,90.4,Excellent,Placed
STU104719,22,Female,BSc Data Science,4,84.9,7.0,76.7,77.7,0,10.0,6.0,72.3,65.2,2,0,2,2,1,76.9,0,Yes,9.85,95.7,Excellent,Not Placed
STU104720,22,Male,BTech CSE,4,86.5,2.9,90.6,76.1,1,7.6,5.1,69.1,55.3,4,0,1,1,0,85.8,2,Yes,7.5,76.2,Good,Not Placed
STU104721,23,Male,BTech CSE,3,65.9,4.2,86.6,89.3,0,7.8,5.2,46.5,76.4,1,2,3,0,4,85.1,2,Yes,8.18,83.3,Excellent,Not Placed
STU104722,19,Male,BTech CSE,2,76.3,3.5,81.8,83.7,0,6.7,7.6,56.9,76.2,1,2,1,0,2,78.1,0,Yes,8.19,84.2,Excellent,Placed
STU104723,23,Male,BTech CSE,4,68.0,4.5,59.4,76.0,1,5.0,5.9,46.2,76.4,2,0,2,1,2,78.1,1,Yes,7.43,78.2,Good,Not Placed
STU104724,18,Female,BSc Data Science,2,71.5,2.9,86.5,76.6,1,7.9,3.3,55.2,85.6,1,0,2,0,0,74.7,1,Yes,7.2,72.5,Good,Not Placed
STU104725,21,Male,BBA,4,76.3,3.8,90.1,95.5,0,4.0,7.3,64.6,63.8,3,0,1,1,1,70.1,3,Yes,9.0,87.1,Excellent,Not Placed
STU104726,23,Female,BCA,3,55.4,2.2,64.4,62.4,1,4.4,5.8,58.8,52.9,6,1,1,2,2,73.3,4,No,6.35,63.9,Average,Not Placed
STU104727,19,Male,BSc Computer Science,4,76.6,5.3,100.0,78.0,0,5.7,9.0,50.5,49.5,0,3,1,0,1,73.1,3,No,8.75,86.5,Excellent,Not Placed
STU104728,20,Female,BSc Computer Science,4,70.2,4.5,77.8,61.6,1,7.4,5.6,72.7,48.1,1,2,0,2,4,73.9,2,Yes,7.32,72.3,Good,Not Placed
STU104729,18,Female,BSc Computer Science,2,67.4,1.4,100.0,82.0,0,4.3,4.0,75.3,41.6,2,0,0,1,1,63.6,1,Yes,6.99,72.0,Good,Not Placed
STU104730,20,Female,BSc Data Science,3,79.0,3.5,89.3,79.7,0,7.7,6.4,78.3,48.1,0,1,1,1,1,73.9,3,No,8.34,80.1,Excellent,Not Placed
STU104731,24,Male,BSc Computer Science,2,74.1,1.4,82.3,69.1,0,7.3,5.1,91.0,73.4,2,1,0,0,2,81.0,1,Yes,7.47,73.5,Good,Placed
STU104732,23,Male,BCA,2,81.4,2.3,83.2,87.6,1,6.6,5.2,73.7,62.5,1,1,3,2,2,83.2,1,No,8.28,81.7,Excellent,Not Placed
STU104733,18,Male,BSc Data Science,3,71.5,4.9,92.8,72.7,0,3.5,6.3,53.8,76.2,2,1,3,0,1,83.3,1,No,7.88,77.7,Good,Not Placed
STU104734,21,Female,BCA,2,76.2,0.5,98.8,76.0,1,8.2,6.5,59.3,42.6,4,1,1,0,1,100.0,2,Yes,8.34,81.0,Excellent,Placed
STU104735,23,Male,BSc Computer Science,4,100.0,5.1,71.3,52.6,1,6.1,6.3,72.9,56.9,1,0,4,0,1,77.9,2,Yes,7.34,74.3,Good,Not Placed
STU104736,21,Female,BCA,4,84.2,4.1,75.4,99.0,0,6.4,6.4,73.3,100.0,0,0,0,0,3,70.7,0,No,9.36,94.0,Excellent,Not Placed
STU104737,22,Female,BCA,3,69.5,3.4,100.0,59.6,2,5.6,7.8,55.5,86.7,5,1,1,1,1,78.5,1,Yes,6.56,62.7,Average,Not Placed
STU104738,20,Male,BCA,2,90.4,4.8,72.3,57.1,1,3.7,6.5,80.1,100.0,2,1,1,0,0,78.3,3,Yes,7.88,75.3,Good,Not Placed
STU104739,18,Female,BSc Data Science,4,93.5,7.6,82.2,79.5,2,4.7,7.2,51.6,95.1,4,0,2,2,0,82.0,3,Yes,8.98,89.8,Excellent,Not Placed
STU104740,21,Female,BTech CSE,4,84.0,1.5,74.4,74.1,1,8.2,8.1,46.5,63.8,2,0,1,1,1,87.5,6,No,7.33,71.9,Good,Not Placed
STU104741,19,Female,BBA,4,70.2,6.0,90.1,53.6,1,9.4,5.8,76.0,69.1,4,3,1,0,1,84.1,3,Yes,8.17,80.5,Excellent,Placed
STU104742,21,Male,BCA,3,88.3,4.9,54.9,61.7,0,7.5,6.8,58.3,66.6,4,2,1,2,0,79.5,0,Yes,7.23,72.0,Good,Placed
STU104743,19,Male,BSc Computer Science,4,72.2,2.4,90.1,67.1,1,7.9,6.9,60.3,56.0,2,2,2,0,0,95.7,2,No,8.29,79.7,Good,Not Placed
STU104744,23,Male,BTech CSE,2,91.5,4.3,94.8,63.1,0,9.5,4.6,59.3,90.6,1,0,4,1,1,83.2,0,No,9.11,93.8,Excellent,Not Placed
STU104745,18,Female,BSc Computer Science,4,75.6,1.8,89.2,74.4,0,9.4,3.3,69.9,82.6,3,0,2,0,1,85.9,3,No,8.34,84.6,Excellent,Not Placed
STU104746,21,Female,BTech CSE,4,75.2,2.8,72.9,83.2,0,7.6,6.9,62.7,84.9,0,0,2,0,1,66.3,2,Yes,8.04,82.4,Excellent,Not Placed
STU104747,24,Male,BCA,4,83.2,0.5,43.0,98.4,0,5.4,,67.6,45.5,0,1,1,1,0,56.6,3,No,6.73,68.8,Good,Not Placed
STU104748,21,Female,BSc Computer Science,3,92.1,1.5,74.5,53.6,1,2.9,9.4,78.9,53.2,3,1,4,1,2,90.0,2,No,6.32,61.5,Average,Not Placed
STU104749,24,Male,BSc Data Science,4,100.0,4.1,89.2,71.2,0,6.6,7.9,60.8,69.1,0,0,4,1,1,86.8,2,Yes,8.65,85.6,Excellent,Not Placed
STU104750,18,Female,BCA,3,78.3,4.2,81.7,73.0,0,6.8,5.2,74.4,45.8,1,0,0,0,2,68.0,3,No,7.32,71.5,Good,Not Placed
STU104751,21,Other,BSc Computer Science,3,73.9,4.2,91.7,72.9,1,10.0,,89.2,64.6,4,0,2,1,1,93.2,4,No,8.26,82.5,Excellent,Placed
STU104752,19,Female,BSc Computer Science,4,69.8,4.5,79.6,74.4,2,7.7,4.8,52.1,43.8,1,0,1,1,0,80.2,1,No,7.7,77.4,Good,Not Placed
STU104753,21,Female,BCA,2,63.2,3.7,79.0,73.0,1,6.9,7.0,86.1,44.7,1,0,1,0,6,71.3,1,Yes,7.66,76.2,Good,Not Placed
STU104754,20,Male,BSc Computer Science,3,67.9,4.5,99.6,85.9,1,4.9,6.3,54.6,90.6,0,0,0,1,2,68.8,4,No,8.67,89.1,Excellent,Not Placed
STU104755,23,Male,BTech CSE,4,80.4,5.1,74.4,76.6,0,6.7,7.9,57.1,100.0,1,1,0,1,0,81.6,2,Yes,7.3,72.8,Good,Not Placed
STU104756,22,Female,BTech CSE,4,88.5,3.9,89.1,53.9,2,8.8,5.1,46.5,80.1,2,1,0,2,1,87.4,4,Yes,7.23,72.4,Good,Not Placed
STU104757,19,Male,BSc Computer Science,4,69.0,2.8,90.6,56.2,0,6.1,7.6,60.0,55.1,2,0,3,0,1,82.2,3,Yes,7.24,76.9,Good,Not Placed
STU104758,20,Male,BSc Computer Science,2,85.9,3.3,100.0,82.9,2,4.2,7.3,72.9,63.2,1,2,2,1,0,78.7,0,Yes,8.83,89.0,Excellent,Not Placed
STU104759,24,Female,BSc Computer Science,4,69.4,2.2,100.0,77.9,0,5.0,8.8,77.7,73.1,2,1,1,1,4,75.8,2,No,7.33,73.7,Good,Not Placed
STU104760,23,Male,BSc Data Science,2,70.6,4.8,88.0,68.7,2,4.1,7.1,81.1,76.9,4,0,2,1,2,86.2,1,Yes,8.19,78.5,Good,Not Placed
STU104761,18,Female,BCA,4,67.3,1.1,89.8,77.7,0,5.3,5.4,38.5,65.1,3,3,3,0,2,67.7,2,No,6.89,71.3,Good,Not Placed
STU104762,19,Female,BSc Data Science,2,91.3,3.3,95.9,79.3,0,4.5,8.9,44.2,78.2,3,1,4,1,2,93.8,0,No,8.19,84.4,Excellent,Not Placed
STU104763,22,Female,BSc Computer Science,4,94.1,4.4,74.9,84.1,1,7.5,6.4,71.8,68.0,3,0,3,0,3,78.3,0,No,8.63,86.7,Excellent,Not Placed
STU104764,23,Female,BSc Computer Science,3,70.7,2.0,100.0,69.2,1,7.7,6.1,75.1,50.7,4,0,1,1,0,94.1,2,Yes,9.0,90.0,Excellent,Placed
STU104765,24,Female,BBA,4,69.9,1.4,81.7,81.6,0,9.2,7.0,81.7,72.3,5,0,4,1,2,95.8,2,Yes,8.45,82.8,Excellent,Placed
STU104766,22,Female,BTech CSE,3,84.2,0.5,89.5,70.5,1,6.4,8.7,72.5,83.6,2,0,3,0,2,81.1,0,Yes,7.8,77.1,Good,Placed
STU104767,18,Female,BCA,3,,3.1,86.0,54.3,1,6.4,8.5,50.8,71.0,1,1,1,0,1,88.9,1,Yes,6.99,70.9,Good,Not Placed
STU104768,18,Male,BCA,3,94.1,1.8,73.7,76.7,0,7.1,7.7,54.5,51.2,2,2,4,1,1,95.8,0,Yes,7.63,78.1,Good,Placed
STU104769,24,Female,BCA,4,74.1,4.8,77.8,87.2,2,,8.2,69.4,67.0,2,0,2,0,1,70.3,3,No,7.89,77.7,Good,Not Placed
STU104770,19,Female,BTech CSE,3,76.2,1.2,73.2,81.4,0,4.5,7.5,47.4,54.8,1,0,1,0,2,68.8,2,No,7.74,75.2,Good,Not Placed
STU104771,24,Male,BTech CSE,2,65.7,4.3,84.4,86.4,1,4.9,5.3,54.2,48.8,1,1,1,2,1,70.4,2,Yes,8.28,82.5,Excellent,Not Placed
STU104772,21,Male,BBA,3,74.0,1.5,65.1,74.1,0,7.6,8.3,66.4,48.8,3,0,3,0,1,83.6,0,Yes,7.44,73.4,Good,Not Placed
STU104773,18,Female,BSc Computer Science,4,79.0,1.2,71.1,61.9,1,8.2,2.9,64.3,52.2,3,1,6,1,1,86.9,3,Yes,5.85,62.6,Average,Not Placed
STU104774,23,Male,BTech CSE,2,64.5,1.7,77.1,74.3,1,10.0,6.8,67.6,69.8,3,0,2,0,0,89.5,2,Yes,7.34,72.5,Good,Not Placed
STU104775,21,Female,BSc Computer Science,2,72.6,5.1,80.3,67.5,0,4.7,6.9,71.9,87.8,4,0,2,0,0,84.9,1,Yes,7.1,69.6,Good,Not Placed
STU104776,20,Female,BTech CSE,3,80.2,1.7,98.0,75.9,0,4.6,10.0,47.8,80.4,2,1,1,0,4,75.1,3,No,7.03,72.0,Good,Not Placed
STU104777,22,Male,BTech CSE,4,62.8,5.2,92.9,72.7,1,3.1,5.2,68.8,71.7,0,3,3,0,2,59.0,2,Yes,7.3,74.5,Good,Not Placed
STU104778,21,Female,BSc Computer Science,2,82.7,3.8,80.7,84.3,1,6.8,8.4,49.7,78.9,0,0,0,1,2,70.4,6,Yes,8.09,79.4,Good,Not Placed
STU104779,22,Male,BSc Computer Science,4,88.2,2.7,100.0,55.4,1,7.5,7.1,66.4,85.8,2,1,1,0,1,74.5,3,Yes,6.95,70.4,Good,Placed
STU104780,24,Female,BTech CSE,4,83.7,1.9,85.7,44.0,0,5.4,6.3,76.3,85.3,1,0,1,1,0,69.0,2,Yes,7.16,67.3,Good,Not Placed
STU104781,21,Male,BSc Data Science,2,73.0,6.4,89.4,72.9,1,3.8,3.8,73.3,63.9,3,0,3,0,1,66.6,2,Yes,8.23,84.1,Excellent,Not Placed
STU104782,24,Female,BCA,3,89.7,2.6,61.2,67.7,0,10.0,7.1,53.9,56.1,3,0,4,2,4,89.0,1,Yes,7.78,80.8,Excellent,Not Placed
STU104783,20,Male,BCA,4,91.9,2.6,71.6,65.8,1,7.2,7.2,52.3,96.5,4,3,3,2,1,95.5,6,Yes,7.63,73.2,Good,Placed
STU104784,18,Male,BSc Computer Science,4,81.2,5.7,93.5,63.5,0,,6.4,88.4,74.8,4,1,0,0,2,81.5,2,Yes,7.4,73.2,Good,Placed
STU104785,20,Male,BSc Computer Science,4,79.5,5.9,89.2,71.6,2,5.9,9.4,78.2,81.1,1,0,3,1,2,84.5,3,Yes,8.09,81.3,Excellent,Not Placed
STU104786,18,Male,BCA,3,71.8,3.3,100.0,76.9,0,10.0,8.6,65.1,46.1,4,2,3,0,1,100.0,1,No,9.23,92.0,Excellent,Not Placed
STU104787,24,Female,BSc Data Science,2,73.9,5.3,100.0,78.6,2,8.2,6.5,84.3,89.7,3,2,1,0,1,80.2,2,Yes,9.03,89.9,Excellent,Placed
STU104788,18,Male,BSc Data Science,3,88.7,2.6,76.2,37.8,0,5.9,8.6,65.8,53.0,4,1,0,1,2,76.1,0,No,6.84,69.2,Good,Placed
STU104789,22,Female,BSc Computer Science,3,96.5,6.9,94.7,70.8,0,4.8,8.9,99.9,55.8,2,2,1,0,2,84.9,1,No,9.57,93.2,Excellent,Not Placed
STU104790,23,Female,BCA,3,73.9,1.5,71.2,50.6,0,9.0,5.8,64.4,50.1,1,1,1,0,0,79.1,5,Yes,6.82,66.5,Good,Not Placed
STU104791,20,Female,BCA,3,76.3,2.1,64.5,82.7,1,3.9,5.2,100.0,64.1,3,0,2,1,2,72.7,0,Yes,6.78,68.8,Good,Not Placed
STU104792,21,Female,BCA,2,71.5,5.5,85.5,79.5,0,7.4,4.9,70.4,66.3,2,1,0,3,0,70.2,0,No,8.73,85.3,Excellent,Placed
STU104793,20,Female,BCA,3,73.7,3.1,90.4,59.2,0,7.4,8.4,51.0,62.0,1,0,2,0,2,87.3,1,No,8.15,79.5,Good,Not Placed
STU104794,22,Male,BTech CSE,2,65.4,5.6,85.7,73.1,0,8.5,6.3,68.5,65.6,4,1,0,0,2,90.0,5,Yes,8.32,83.4,Excellent,Placed
STU104795,18,Male,BSc Data Science,2,82.3,2.8,92.5,48.0,1,7.5,5.6,77.8,47.4,4,1,2,1,0,100.0,5,No,6.15,62.0,Average,Not Placed
STU104796,22,Female,BTech CSE,4,65.3,4.5,75.6,77.2,0,7.6,8.3,68.2,75.4,3,0,3,0,1,100.0,4,Yes,7.93,78.8,Good,Placed
STU104797,19,Female,BSc Computer Science,2,72.5,2.5,93.2,77.4,2,7.1,6.3,59.8,96.4,6,0,1,1,0,78.6,4,Yes,7.68,76.0,Good,Not Placed
STU104798,19,Female,BBA,3,77.4,3.4,76.3,81.1,0,7.1,5.1,71.7,53.2,3,1,2,0,2,82.0,2,Yes,8.64,88.2,Excellent,Not Placed
STU104799,21,Male,BCA,2,64.9,1.6,100.0,79.5,0,9.9,9.2,76.8,51.7,2,0,3,2,2,100.0,1,No,9.89,95.3,Excellent,Not Placed
STU104800,22,Male,BCA,3,70.3,3.4,91.4,65.5,1,6.5,8.5,58.2,61.8,2,0,1,1,0,84.2,1,Yes,7.34,75.2,Good,Placed
STU104801,24,Male,BCA,3,66.7,2.2,99.4,59.7,0,8.1,5.8,67.2,60.8,3,2,2,0,1,80.2,3,No,8.15,83.0,Excellent,Not Placed
STU104802,21,Female,BCA,2,89.0,6.6,68.3,63.6,0,5.8,5.6,54.0,45.9,0,2,1,0,1,67.4,5,No,7.49,73.9,Good,Not Placed
STU104803,24,Female,BTech CSE,2,92.2,3.0,77.4,70.5,3,4.6,6.5,73.1,41.3,0,1,3,1,3,76.5,1,No,6.78,67.1,Good,Not Placed
STU104804,21,Male,BCA,4,70.1,1.7,81.1,56.8,0,5.6,7.9,54.9,84.3,1,1,4,0,3,82.2,4,No,5.18,50.7,Average,Not Placed
STU104805,19,Male,BCA,2,100.0,4.5,69.2,67.8,2,6.1,8.6,71.3,35.8,3,1,0,0,2,87.6,3,Yes,7.98,81.8,Excellent,Not Placed
STU104806,21,Female,BTech CSE,2,68.7,1.7,99.8,67.9,0,4.6,5.1,83.9,65.0,2,1,2,0,2,59.3,3,Yes,7.45,74.3,Good,Not Placed
STU104807,19,Female,BSc Computer Science,4,73.8,4.8,82.6,85.4,2,3.8,4.2,77.4,47.0,1,1,3,0,0,59.2,2,Yes,7.29,72.3,Good,Not Placed
STU104808,18,Male,BCA,3,82.9,2.7,65.4,77.6,0,8.7,6.5,64.5,85.1,1,2,5,0,1,82.5,1,Yes,7.98,82.1,Excellent,Placed
STU104809,24,Female,BCA,4,83.9,3.4,76.5,63.4,1,5.4,5.1,49.6,43.1,3,2,3,3,0,83.1,3,No,7.21,74.4,Good,Not Placed
STU104810,22,Female,BCA,2,74.8,3.2,69.6,75.5,0,6.0,6.4,68.3,51.4,1,3,1,2,1,73.3,2,Yes,7.76,75.7,Good,Not Placed
STU104811,21,Female,BBA,2,88.9,3.1,90.2,77.0,1,5.5,5.8,62.8,43.7,4,0,3,1,2,74.6,1,Yes,8.0,78.2,Good,Not Placed
STU104812,19,Female,BTech CSE,3,90.0,3.6,88.7,51.2,0,2.3,4.2,68.4,52.5,2,2,1,1,3,45.4,4,No,7.24,70.9,Good,Not Placed
STU104813,20,Male,BTech CSE,4,77.9,2.5,89.1,96.9,0,9.4,9.5,69.6,47.1,1,0,3,1,0,96.0,3,Yes,9.92,94.8,Excellent,Not Placed
STU104814,24,Male,BBA,2,76.5,1.9,,69.8,1,4.8,7.0,62.4,73.5,2,1,1,1,3,80.5,1,No,6.71,69.9,Good,Not Placed
STU104815,21,Female,BSc Computer Science,3,71.9,3.6,100.0,61.2,1,8.3,8.2,58.4,72.3,2,1,0,1,1,87.2,3,No,8.29,83.4,Excellent,Not Placed
STU104816,23,Male,BCA,2,67.6,2.9,100.0,72.2,2,4.7,3.3,73.9,100.0,2,0,1,3,3,58.2,1,Yes,7.17,70.1,Good,Not Placed
STU104817,18,Female,BSc Data Science,2,70.0,1.6,77.1,61.0,0,6.9,5.6,89.5,32.4,2,1,2,2,0,83.7,1,No,6.65,65.9,Good,Not Placed
STU104818,18,Female,BTech CSE,4,83.4,4.4,100.0,50.9,1,8.2,5.7,70.6,77.2,2,2,1,0,0,85.4,2,Yes,8.79,85.5,Excellent,Not Placed
STU104819,20,Female,BTech CSE,2,78.0,3.5,79.8,78.8,1,4.4,8.4,67.0,58.7,1,0,3,0,2,68.0,4,No,7.03,71.5,Good,Not Placed
STU104820,19,Male,BSc Data Science,4,75.6,1.9,83.2,72.5,1,5.8,9.5,82.4,76.5,1,1,4,1,0,89.9,2,No,6.1,60.0,Average,Placed
STU104821,21,Male,BSc Computer Science,2,72.3,3.1,82.8,75.1,1,5.4,4.9,64.4,61.0,6,1,2,1,1,75.2,3,Yes,8.15,83.1,Excellent,Not Placed
STU104822,24,Female,BBA,4,72.5,3.3,89.3,51.7,0,5.7,7.1,86.1,81.0,4,0,1,0,2,75.8,3,Yes,7.42,71.7,Good,Placed
STU104823,19,Male,BCA,3,77.5,2.0,61.5,77.5,3,7.9,8.9,79.2,96.7,0,1,4,1,2,100.0,0,No,6.72,67.7,Good,Not Placed
STU104824,18,Female,BTech CSE,4,76.8,8.2,82.3,69.3,0,9.0,5.7,29.8,52.5,3,0,2,0,0,73.2,3,Yes,8.9,93.1,Excellent,Not Placed
STU104825,19,Female,BCA,2,78.0,3.5,85.2,57.0,0,5.9,5.6,73.7,48.4,2,0,0,0,1,68.4,3,Yes,7.93,73.7,Good,Not Placed
STU104826,18,Male,BSc Computer Science,4,73.6,3.2,63.5,61.1,0,7.0,7.6,59.5,46.2,0,2,1,0,0,85.0,0,No,6.96,71.0,Good,Not Placed
STU104827,19,Female,BCA,3,71.3,7.2,63.3,90.9,1,4.1,4.2,79.1,40.9,2,1,1,0,0,45.8,5,Yes,8.4,83.6,Excellent,Not Placed
STU104828,20,Male,BSc Computer Science,3,78.1,4.2,72.9,66.8,0,10.0,3.5,45.4,54.2,2,1,3,0,1,96.0,1,No,7.96,82.2,Excellent,Not Placed
STU104829,22,Male,BSc Computer Science,4,84.5,5.3,73.9,90.3,0,7.4,1.8,67.0,56.3,2,0,4,1,1,80.6,4,Yes,8.7,85.5,Excellent,Not Placed
STU104830,20,Female,BSc Data Science,3,72.9,3.6,82.5,60.5,0,8.0,7.9,65.6,67.0,1,0,1,0,0,75.1,3,Yes,7.63,73.6,Good,Not Placed
STU104831,20,Other,BTech CSE,4,54.1,3.6,80.5,65.1,0,5.6,9.0,62.5,57.3,2,1,1,1,4,78.2,3,No,6.97,66.7,Good,Not Placed
STU104832,22,Male,BSc Computer Science,3,64.3,2.2,94.9,67.0,1,8.4,6.8,82.1,55.6,2,0,1,1,0,87.9,3,Yes,7.36,71.5,Good,Not Placed
STU104833,22,Female,BTech CSE,3,88.7,4.5,77.8,81.3,0,6.8,8.4,100.0,67.6,4,0,3,1,0,83.5,4,No,8.26,81.6,Excellent,Not Placed
STU104834,21,Female,BCA,4,87.9,6.3,78.0,75.0,0,8.2,3.4,71.5,61.5,2,1,2,2,1,67.6,0,Yes,10.0,100.0,Excellent,Not Placed
STU104835,24,Male,BTech CSE,2,84.5,5.9,93.0,74.0,0,4.8,7.8,86.5,83.8,4,2,3,1,1,80.0,3,No,8.91,89.3,Excellent,Placed
STU104836,24,Male,BCA,3,83.1,1.7,61.1,84.4,0,6.8,7.0,86.8,83.6,1,1,2,0,3,90.3,2,Yes,8.33,87.7,Excellent,Not Placed
STU104837,21,Female,BCA,4,88.2,6.3,100.0,79.3,1,2.8,5.4,100.0,55.6,3,1,1,0,1,79.5,5,Yes,8.51,85.5,Excellent,Placed
STU104838,20,Male,BCA,3,74.6,2.3,65.3,55.7,0,7.6,7.4,78.9,44.2,3,0,1,3,0,86.3,2,No,7.31,73.6,Good,Not Placed
STU104839,20,Female,BSc Data Science,3,79.4,2.1,93.2,83.5,2,7.5,9.7,79.6,60.5,2,2,1,1,1,88.2,2,Yes,7.41,71.7,Good,Not Placed
STU104840,18,Female,BTech CSE,3,70.3,2.2,91.3,59.2,0,3.2,8.3,66.4,60.4,2,3,0,0,3,74.3,0,No,7.42,75.0,Good,Not Placed
STU104841,18,Female,BCA,4,76.2,2.9,99.2,83.8,0,4.5,5.8,54.7,98.0,0,1,2,0,2,68.3,1,No,7.9,75.6,Good,Not Placed
STU104842,24,Male,BSc Data Science,4,97.0,0.6,74.1,77.3,0,5.0,5.8,83.9,64.2,0,0,1,0,1,60.5,1,Yes,6.58,66.8,Good,Not Placed
STU104843,21,Male,BTech CSE,4,69.7,3.6,82.5,78.8,0,7.4,7.5,60.4,60.6,2,0,0,2,2,70.6,2,Yes,8.83,89.2,Excellent,Not Placed
STU104844,23,Male,BSc Computer Science,3,66.3,3.1,69.3,66.7,0,1.4,7.8,40.0,33.0,1,0,2,1,2,64.5,3,Yes,5.8,61.8,Average,Not Placed
STU104845,23,Female,BTech CSE,3,76.1,3.6,81.3,59.0,1,10.0,5.5,89.4,75.6,3,1,0,2,6,77.3,3,Yes,7.16,71.1,Good,Placed
STU104846,21,Female,BCA,2,74.0,2.8,80.9,70.2,1,5.2,9.7,65.5,61.1,2,0,2,1,1,74.8,2,Yes,8.66,85.6,Excellent,Placed
STU104847,18,Female,BTech CSE,2,80.7,1.1,99.1,75.5,0,10.0,6.7,72.9,79.4,1,1,2,2,0,97.7,3,Yes,7.76,77.5,Good,Not Placed
STU104848,24,Female,BCA,2,85.9,3.1,87.9,78.9,0,6.5,8.6,52.6,88.4,1,1,1,1,2,78.9,4,Yes,7.98,79.6,Good,Not Placed
STU104849,24,Male,BBA,2,74.3,5.3,81.6,65.8,0,2.3,6.3,80.1,50.2,5,0,6,0,2,90.6,3,Yes,7.54,73.9,Good,Not Placed
STU104850,18,Female,BSc Computer Science,4,99.1,2.0,81.5,63.9,0,3.7,10.0,64.3,79.7,2,1,1,0,1,75.6,4,No,7.35,72.0,Good,Not Placed
STU104851,23,Female,BTech CSE,4,90.3,2.2,76.9,68.2,0,6.5,7.4,70.5,75.8,1,1,1,0,2,66.9,1,No,7.41,75.4,Good,Not Placed
STU104852,19,Male,BCA,3,70.4,4.2,79.4,81.6,0,4.0,3.9,76.7,57.6,3,1,1,1,1,61.5,1,Yes,6.64,65.1,Good,Not Placed
STU104853,19,Male,BCA,4,77.2,1.6,82.9,50.4,0,4.7,5.4,67.2,48.1,1,0,3,0,1,69.1,1,No,5.44,56.3,Average,Not Placed
STU104854,18,Female,BCA,4,83.3,3.8,100.0,68.6,1,2.1,7.6,58.0,48.3,3,0,2,1,2,70.3,1,Yes,8.06,76.5,Good,Not Placed
STU104855,19,Female,BSc Data Science,3,69.7,4.2,86.4,63.7,2,5.7,9.2,68.2,57.0,1,1,2,2,2,80.1,0,Yes,6.62,66.7,Good,Not Placed
STU104856,22,Male,BSc Data Science,3,57.4,2.7,70.6,78.0,0,9.2,7.1,62.9,66.2,2,0,2,1,3,89.3,0,Yes,6.65,69.1,Good,Not Placed
STU104857,21,Female,BTech CSE,2,97.3,2.4,100.0,84.9,0,5.2,4.8,30.5,82.9,1,1,1,0,0,68.6,3,No,8.17,82.8,Excellent,Not Placed
STU104858,21,Male,BCA,3,66.9,1.4,93.4,52.4,0,7.5,6.7,68.6,84.5,5,1,3,0,1,100.0,3,Yes,8.09,78.4,Good,Placed
STU104859,18,Male,BTech CSE,2,86.5,2.3,92.7,75.8,0,4.6,7.4,80.3,60.3,1,3,1,0,1,76.4,6,Yes,7.75,76.1,Good,Not Placed
STU104860,20,Female,BCA,3,85.0,4.4,79.6,82.6,1,8.3,8.1,42.6,41.6,2,0,2,0,0,97.0,1,Yes,8.69,89.7,Excellent,Not Placed
STU104861,23,Female,BCA,4,69.8,4.8,90.8,60.2,0,5.6,9.1,77.1,51.3,1,2,0,1,1,68.7,2,No,8.44,85.5,Excellent,Not Placed
STU104862,18,Female,BTech CSE,3,97.6,3.6,85.3,83.6,2,7.0,8.8,77.1,60.9,0,0,0,0,1,76.0,0,Yes,9.04,89.9,Excellent,Placed
STU104863,19,Male,BTech CSE,2,78.6,2.6,67.0,60.1,2,5.1,6.7,84.9,55.8,2,0,1,1,3,79.6,0,Yes,6.09,60.7,Average,Not Placed
STU104864,23,Male,BSc Computer Science,3,79.4,3.6,87.0,79.1,0,5.9,4.2,72.1,87.0,2,1,3,0,4,72.8,1,No,8.33,82.4,Excellent,Placed
STU104865,20,Male,BCA,3,62.6,2.3,68.2,86.1,1,4.1,8.3,64.8,56.1,1,0,1,0,2,67.4,1,No,8.59,82.1,Excellent,Not Placed
STU104866,19,Male,BSc Computer Science,2,56.9,3.8,85.3,62.9,2,9.4,6.0,68.1,33.3,1,2,3,1,3,95.2,4,No,7.83,74.7,Good,Not Placed
STU104867,24,Male,BSc Data Science,2,75.6,4.6,86.3,68.8,0,6.6,9.4,66.1,81.8,0,0,0,0,2,64.6,1,No,7.88,78.6,Good,Not Placed
STU104868,22,Male,BSc Data Science,4,91.0,2.8,72.0,85.4,0,5.1,7.9,51.7,75.6,0,0,2,1,4,74.8,1,Yes,7.64,77.3,Good,Not Placed
STU104869,19,Male,BSc Computer Science,2,59.4,2.3,83.3,43.6,1,6.0,6.5,62.8,49.7,2,0,2,1,2,77.4,2,No,6.02,60.5,Average,Not Placed
STU104870,22,Male,BSc Data Science,4,79.5,2.8,88.5,77.8,0,7.3,10.0,74.9,63.4,0,2,1,1,2,85.8,2,No,7.96,81.3,Excellent,Not Placed
STU104871,23,Female,BCA,3,78.8,5.1,76.4,93.6,2,7.7,7.5,66.8,51.2,2,1,4,1,1,100.0,1,Yes,9.07,90.8,Excellent,Placed
STU104872,22,Male,BBA,3,90.4,7.7,87.0,36.2,3,5.4,8.8,61.7,94.1,1,1,0,3,0,83.8,1,No,7.53,75.6,Good,Not Placed
STU104873,23,Male,BTech CSE,3,88.2,4.5,96.0,84.9,0,7.8,5.6,69.2,37.6,4,0,1,0,0,84.7,4,Yes,9.6,98.9,Excellent,Placed
STU104874,23,Female,BCA,4,79.4,3.4,91.3,81.9,0,6.5,5.2,57.7,49.1,1,0,1,1,0,72.3,1,Yes,8.05,81.9,Excellent,Not Placed
STU104875,23,Male,BSc Computer Science,4,77.1,2.0,78.6,71.4,0,5.0,3.3,70.3,57.6,2,3,0,0,1,56.8,2,Yes,7.05,70.7,Good,Not Placed
STU104876,23,Female,BCA,3,70.8,1.9,98.0,76.9,1,5.8,8.3,74.2,72.5,1,0,2,1,1,89.2,3,Yes,7.77,72.8,Good,Placed
STU104877,23,Male,BTech CSE,2,66.5,4.1,90.3,74.9,0,5.4,6.3,70.1,82.0,1,0,1,1,1,66.4,7,Yes,6.48,64.4,Average,Not Placed
STU104878,19,Male,BSc Computer Science,2,71.7,2.3,80.1,65.5,0,9.9,10.0,53.8,80.0,2,1,3,1,2,100.0,2,Yes,8.08,81.5,Excellent,Placed
STU104879,23,Male,BCA,4,66.9,5.0,75.2,86.8,0,6.7,7.3,80.0,73.6,1,2,3,0,0,78.8,5,Yes,7.82,78.2,Good,Placed
STU104880,19,Male,BCA,3,76.9,2.6,88.8,71.9,0,7.8,7.3,56.9,35.7,0,0,2,0,1,78.4,1,Yes,7.24,77.6,Good,Not Placed
STU104881,23,Female,BCA,2,77.7,5.6,93.9,76.7,0,8.7,9.0,68.5,53.6,3,1,3,1,2,100.0,4,No,8.44,83.2,Excellent,Placed
STU104882,22,Female,BSc Computer Science,3,75.3,2.9,94.5,60.5,0,6.7,6.5,87.1,71.6,1,1,2,2,1,78.4,3,Yes,7.16,74.8,Good,Not Placed
STU104883,24,Male,BTech CSE,3,79.1,5.2,88.8,44.0,0,8.2,6.0,44.2,73.5,1,1,1,1,1,77.4,2,Yes,8.02,80.2,Excellent,Not Placed
STU104884,23,Male,BCA,4,73.4,4.5,78.2,57.9,2,6.6,4.9,56.2,52.1,4,0,2,0,3,77.3,4,Yes,6.49,69.7,Good,Not Placed
STU104885,20,Female,BCA,3,86.4,4.8,88.2,94.0,0,6.3,6.9,68.9,56.0,1,1,1,2,2,72.5,3,No,8.86,88.7,Excellent,Placed
STU104886,23,Male,BSc Data Science,2,80.3,3.4,72.5,79.7,0,5.9,7.4,61.2,59.9,1,1,1,1,0,70.6,1,Yes,7.97,79.7,Good,Not Placed
STU104887,23,Female,BCA,2,73.2,2.5,85.2,66.8,2,5.7,6.0,47.2,87.3,2,0,3,1,2,85.2,1,No,6.66,67.1,Good,Placed
STU104888,22,Male,BSc Data Science,3,66.3,5.0,100.0,78.9,2,7.4,9.1,68.6,66.5,1,0,3,0,1,91.8,4,Yes,8.48,86.7,Excellent,Not Placed
STU104889,21,Female,BSc Computer Science,2,77.2,6.2,70.9,77.1,0,4.6,3.7,37.2,47.7,2,0,4,0,0,58.9,2,No,7.87,79.5,Good,Not Placed
STU104890,22,Male,BTech CSE,4,89.4,2.0,75.9,50.4,1,4.4,8.1,98.5,51.0,0,0,1,0,1,64.8,3,Yes,6.63,66.3,Good,Not Placed
STU104891,20,Male,BBA,3,83.9,4.2,92.4,82.2,0,8.1,5.1,80.3,63.1,3,1,2,1,0,76.1,0,Yes,8.77,83.0,Excellent,Not Placed
STU104892,21,Female,BBA,3,,4.2,72.4,49.1,1,8.6,8.1,55.9,41.7,3,0,2,0,1,90.8,3,Yes,6.84,70.5,Good,Not Placed
STU104893,18,Female,BSc Computer Science,3,85.2,3.7,98.9,64.5,1,9.5,7.0,63.7,48.0,2,3,1,0,1,90.8,1,Yes,9.74,98.5,Excellent,Placed
STU104894,18,Male,BTech CSE,4,90.2,5.6,92.7,60.2,2,5.8,7.0,45.7,68.4,2,3,1,1,3,73.8,1,Yes,7.94,79.9,Good,Not Placed
STU104895,20,Female,BBA,3,86.6,2.3,93.2,74.4,1,3.4,7.7,87.0,67.2,6,1,2,1,6,76.4,3,Yes,6.65,66.5,Good,Not Placed
STU104896,22,Female,BCA,4,79.5,5.1,94.5,74.5,1,3.1,8.1,70.0,87.5,4,1,4,1,3,71.8,2,Yes,7.23,71.1,Good,Not Placed
STU104897,19,Male,BCA,3,73.9,3.1,67.8,35.9,0,8.9,6.3,48.9,49.1,2,1,0,3,0,91.1,2,No,6.65,68.7,Good,Not Placed
STU104898,20,Female,BCA,4,86.8,0.5,70.1,86.8,2,8.1,7.4,62.8,67.6,3,1,4,1,0,85.9,4,Yes,7.32,73.2,Good,Not Placed
STU104899,24,Male,BSc Computer Science,3,53.8,1.3,96.5,72.7,1,7.3,8.0,78.0,89.1,2,0,0,1,2,83.1,1,Yes,7.34,72.5,Good,Not Placed
STU104900,21,Female,BTech CSE,2,90.7,3.6,78.6,83.6,0,7.6,9.3,75.8,81.6,3,1,3,2,1,88.7,5,Yes,8.29,84.4,Excellent,Placed
STU104901,21,Other,BSc Data Science,2,84.9,5.3,81.2,72.4,0,7.7,7.6,75.9,91.1,2,1,1,0,1,83.2,2,No,8.34,81.4,Excellent,Not Placed
STU104902,23,Male,BSc Computer Science,4,94.4,5.1,89.8,74.1,1,9.9,6.2,69.8,39.7,2,2,0,1,3,95.4,3,No,9.8,97.7,Excellent,Placed
STU104903,18,Male,BSc Computer Science,4,66.8,3.7,83.7,54.8,0,4.5,9.8,36.0,75.6,1,1,0,2,2,86.3,1,No,6.85,67.8,Good,Not Placed
STU104904,21,Male,BCA,4,89.6,1.8,93.9,62.7,0,4.9,8.9,100.0,44.8,3,1,0,0,1,84.4,0,No,7.88,79.2,Good,Not Placed
STU104905,20,Male,BSc Data Science,4,84.6,1.7,88.4,69.4,0,7.4,8.4,63.1,100.0,0,1,1,0,3,75.3,2,Yes,8.85,88.9,Excellent,Not Placed
STU104906,21,Female,BCA,3,71.9,4.1,79.8,80.4,0,7.9,7.3,72.9,80.6,6,1,3,1,1,99.6,1,No,9.07,91.3,Excellent,Not Placed
STU104907,20,Male,BCA,3,76.6,3.4,81.0,66.6,1,4.3,6.7,91.3,77.7,5,0,4,0,2,80.9,1,Yes,7.84,79.1,Good,Placed
STU104908,19,Male,BTech CSE,4,75.9,5.0,,63.4,1,8.0,4.3,71.2,54.1,2,2,2,0,2,71.4,1,No,8.22,80.3,Excellent,Not Placed
STU104909,23,Female,BTech CSE,4,74.4,3.0,86.3,61.2,1,5.7,8.7,88.6,70.6,3,2,1,0,1,84.8,3,Yes,6.79,66.8,Good,Placed
STU104910,18,Female,BTech CSE,3,64.5,2.3,90.9,76.3,1,7.4,1.9,84.2,72.4,1,0,0,1,1,64.1,1,Yes,8.33,83.4,Excellent,Placed
STU104911,21,Male,BTech CSE,3,89.7,3.1,83.8,70.9,1,4.2,7.1,90.3,54.5,1,0,2,1,0,65.6,1,Yes,8.48,83.2,Excellent,Not Placed
STU104912,20,Female,BTech CSE,3,68.5,3.5,81.1,61.4,2,3.0,6.3,76.6,66.3,2,0,0,1,1,60.2,2,Yes,6.72,65.5,Good,Not Placed
STU104913,22,Female,BTech CSE,3,67.5,0.5,80.0,69.7,2,7.5,7.7,63.6,23.9,2,0,1,1,0,89.3,2,Yes,6.69,66.4,Good,Not Placed
STU104914,18,Female,BTech CSE,3,90.0,4.2,77.2,63.0,0,10.0,6.4,61.2,95.4,3,0,4,1,0,89.3,1,Yes,8.37,83.7,Excellent,Placed
STU104915,19,Female,BTech CSE,3,64.0,3.7,99.7,60.3,0,6.6,7.0,93.4,74.3,3,0,1,0,1,85.1,3,No,7.62,75.2,Good,Placed
STU104916,20,Female,BSc Computer Science,2,75.0,4.9,72.4,52.8,0,9.8,6.0,65.5,57.3,1,1,3,0,3,87.1,2,Yes,7.65,78.3,Good,Not Placed
STU104917,24,Male,BSc Data Science,4,68.1,4.7,68.1,55.7,1,4.0,7.0,81.5,77.6,2,1,1,0,2,62.7,1,No,7.1,70.5,Good,Not Placed
STU104918,24,Male,BTech CSE,4,94.4,5.1,91.8,71.4,1,4.9,5.6,59.6,36.8,1,1,3,2,1,72.3,1,Yes,8.39,85.7,Excellent,Not Placed
STU104919,23,Female,BSc Data Science,4,89.4,6.0,87.3,47.7,1,7.4,6.7,62.6,81.5,2,0,7,1,3,95.6,2,Yes,8.28,82.9,Excellent,Placed
STU104920,23,Female,BSc Computer Science,4,69.8,3.7,100.0,61.9,0,7.5,5.5,70.5,62.8,1,4,0,1,1,67.1,4,Yes,7.38,75.9,Good,Not Placed
STU104921,19,Female,BSc Data Science,3,68.0,0.5,81.1,79.8,0,5.6,9.6,61.9,36.2,3,1,3,0,2,91.3,3,Yes,6.55,63.2,Average,Not Placed
STU104922,19,Other,BCA,4,85.7,4.8,81.7,83.8,0,7.6,4.3,59.2,65.1,3,1,2,1,1,86.8,4,No,8.32,87.2,Excellent,Not Placed
STU104923,23,Female,BBA,3,82.3,5.3,72.9,76.4,0,5.5,5.3,63.9,79.8,2,2,1,1,0,84.8,2,Yes,7.97,78.1,Good,Not Placed
STU104924,21,Female,BCA,4,74.5,3.2,83.1,81.8,1,6.7,6.2,78.4,77.3,5,0,4,1,2,97.6,3,No,7.86,81.2,Excellent,Not Placed
STU104925,21,Female,BSc Data Science,2,73.5,0.5,62.9,72.2,2,7.1,6.0,61.0,65.5,1,2,3,1,3,85.2,2,Yes,6.38,65.8,Good,Not Placed
STU104926,20,Female,BCA,4,75.7,5.1,61.2,59.4,0,9.8,8.1,68.5,65.8,4,1,2,0,1,100.0,4,No,6.76,67.6,Good,Not Placed
STU104927,22,Male,BTech CSE,3,87.0,3.5,76.0,80.2,0,4.9,6.8,91.8,46.2,1,1,2,1,1,79.3,3,No,8.1,80.3,Excellent,Placed
STU104928,20,Male,BSc Computer Science,2,93.7,1.5,82.7,77.8,2,7.6,5.6,75.7,64.1,3,2,3,0,4,100.0,2,No,6.47,66.9,Good,Not Placed
STU104929,22,Female,BSc Computer Science,3,96.2,3.1,75.5,65.5,0,8.0,6.2,86.6,72.7,1,1,4,1,1,86.5,1,No,8.46,83.4,Excellent,Not Placed
STU104930,19,Male,BTech CSE,3,70.7,3.5,75.6,64.5,0,10.0,7.8,71.9,87.1,2,1,1,0,2,88.3,3,Yes,8.49,86.5,Excellent,Placed
STU104931,18,Female,BSc Data Science,2,78.6,3.1,65.4,71.5,0,9.2,3.3,66.4,44.3,0,1,3,1,0,77.7,7,Yes,8.53,85.7,Excellent,Not Placed
STU104932,20,Male,BCA,3,91.4,2.7,88.9,85.6,0,7.7,5.0,89.4,56.8,3,2,3,0,3,81.0,2,No,8.5,85.6,Excellent,Not Placed
STU104933,20,Female,BCA,4,69.3,4.9,74.2,67.5,1,3.0,6.3,49.4,72.1,4,0,4,0,1,82.8,1,Yes,6.7,68.4,Good,Not Placed
STU104934,22,Female,BTech CSE,3,71.2,5.5,100.0,35.5,0,7.4,7.1,80.1,31.9,1,0,1,1,1,81.1,1,Yes,7.16,69.8,Good,Not Placed
STU104935,19,Female,BSc Computer Science,3,86.0,6.4,81.2,77.2,2,8.5,6.7,86.1,57.8,1,0,1,0,0,91.1,1,No,8.51,84.1,Excellent,Not Placed
STU104936,19,Male,BCA,3,73.3,2.0,70.4,58.7,1,4.5,7.2,46.9,91.3,2,0,1,1,3,71.8,4,Yes,7.19,69.6,Good,Not Placed
STU104937,24,Female,BCA,3,63.2,5.5,56.6,77.3,3,4.9,6.6,59.1,43.8,2,4,0,0,1,60.4,3,Yes,6.84,68.7,Good,Not Placed
STU104938,22,Female,BCA,3,69.7,3.8,68.5,76.9,0,9.8,7.9,71.5,73.9,1,0,2,2,0,91.8,3,Yes,8.27,80.5,Excellent,Placed
STU104939,19,Male,BSc Computer Science,3,87.9,4.1,81.3,90.5,0,8.7,6.3,74.7,66.4,2,3,4,0,2,92.9,0,Yes,9.94,98.8,Excellent,Placed
STU104940,23,Female,BCA,4,80.5,5.3,55.9,70.8,1,3.8,5.6,83.5,66.6,1,0,4,0,1,74.9,2,Yes,8.25,81.7,Excellent,Placed
STU104941,21,Male,BCA,3,62.4,3.4,73.3,78.0,1,6.5,4.8,52.4,72.7,5,1,7,1,0,99.8,1,Yes,6.1,62.0,Average,Not Placed
STU104942,24,Male,BSc Data Science,4,71.9,3.2,76.1,73.6,2,6.5,6.3,58.1,56.1,1,4,4,2,0,83.8,5,Yes,7.77,77.8,Good,Not Placed
STU104943,23,Male,BTech CSE,4,96.2,2.5,73.9,82.5,1,9.4,6.6,90.4,61.5,4,0,0,0,3,83.2,4,Yes,8.26,83.6,Excellent,Placed
STU104944,18,Female,BTech CSE,4,77.3,1.8,75.6,35.0,0,9.5,6.2,79.8,64.0,2,0,3,3,1,93.9,1,Yes,6.23,61.7,Average,Placed
STU104945,20,Male,BSc Data Science,2,75.6,2.6,76.9,63.9,0,7.0,4.2,76.6,77.6,0,2,3,1,0,72.2,2,Yes,7.63,78.8,Good,Placed
STU104946,24,Female,BTech CSE,2,78.1,3.8,73.4,69.0,1,4.7,7.2,68.1,73.7,1,1,2,1,0,67.0,1,Yes,7.34,72.9,Good,Placed
STU104947,18,Male,BSc Computer Science,3,80.1,3.4,98.2,72.6,0,5.7,6.8,67.3,66.9,3,2,2,1,3,76.9,5,Yes,7.61,74.6,Good,Not Placed
STU104948,20,Male,BBA,4,74.1,2.9,75.2,57.4,0,3.2,7.7,80.4,52.9,1,1,3,1,2,65.6,5,No,7.16,69.3,Good,Not Placed
STU104949,21,Female,BCA,2,91.4,3.0,53.1,75.6,1,3.7,6.4,79.6,51.1,1,1,3,0,3,77.0,5,Yes,5.9,61.3,Average,Not Placed
STU104950,19,Female,BSc Computer Science,4,73.3,5.1,64.0,82.6,0,10.0,5.2,69.5,44.9,2,1,6,3,2,94.0,2,Yes,9.18,91.9,Excellent,Placed
STU104951,23,Female,BSc Computer Science,2,87.9,3.8,88.6,63.7,1,5.9,6.6,50.2,53.3,2,3,3,2,0,78.0,1,Yes,7.58,79.5,Good,Not Placed
STU104952,22,Male,BCA,2,96.2,2.0,87.0,60.3,0,6.0,9.8,49.3,70.3,3,0,3,0,2,89.8,1,Yes,7.24,71.8,Good,Not Placed
STU104953,23,Male,BTech CSE,2,81.8,3.6,76.2,76.7,0,6.3,5.6,79.5,86.4,1,1,2,2,1,80.2,1,No,7.5,73.4,Good,Not Placed
STU104954,21,Female,BCA,3,67.5,4.4,66.5,73.9,0,,6.3,73.7,67.3,2,0,1,0,1,86.5,3,Yes,8.34,82.1,Excellent,Not Placed
STU104955,18,Female,BSc Data Science,4,79.9,4.9,89.8,74.8,1,7.3,5.3,64.1,53.5,5,0,2,0,1,88.6,4,Yes,8.24,82.9,Excellent,Placed
STU104956,22,Male,BSc Data Science,3,72.4,4.3,64.5,54.6,0,4.8,6.7,47.2,64.9,1,1,1,0,1,73.5,2,Yes,6.72,68.3,Good,Not Placed
STU104957,19,Male,BCA,3,87.0,4.8,86.1,100.0,0,9.2,5.4,86.7,55.2,4,0,1,0,0,76.7,4,Yes,8.83,87.4,Excellent,Not Placed
STU104958,21,Female,BSc Data Science,2,80.1,4.3,77.3,42.4,1,5.3,6.3,59.4,76.5,1,1,3,0,2,69.2,0,Yes,7.21,71.1,Good,Placed
STU104959,22,Male,BSc Computer Science,3,76.8,0.5,87.5,82.4,1,3.4,8.6,62.7,44.9,4,2,3,0,2,88.5,0,Yes,6.87,69.6,Good,Not Placed
STU104960,21,Female,BTech CSE,2,,3.3,76.4,63.4,1,4.0,7.9,65.8,79.1,3,1,2,2,1,76.8,3,No,6.61,64.0,Average,Placed
STU104961,21,Male,BTech CSE,3,59.4,3.4,98.1,100.0,1,6.5,6.6,51.3,75.0,0,1,3,0,2,82.3,3,Yes,8.0,81.2,Excellent,Not Placed
STU104962,19,Male,BCA,3,69.9,6.6,61.7,77.3,2,8.2,6.7,49.0,53.5,1,1,2,1,0,92.6,0,Yes,9.51,96.8,Excellent,Placed
STU104963,24,Other,BSc Computer Science,3,84.5,4.6,88.3,84.8,0,7.9,8.0,70.7,53.0,3,1,0,0,3,93.4,3,Yes,9.76,96.1,Excellent,Placed
STU104964,20,Male,BTech CSE,2,89.8,3.1,78.2,78.0,1,8.8,3.7,86.1,57.9,1,2,0,0,3,67.2,3,Yes,8.43,85.4,Excellent,Placed
STU104965,22,Male,BCA,2,74.9,2.3,74.3,42.7,0,4.2,6.0,100.0,73.2,1,0,3,0,0,74.4,2,Yes,6.33,63.8,Average,Placed
STU104966,19,Female,BSc Computer Science,3,68.6,3.0,95.8,73.3,2,8.9,9.1,76.2,49.8,3,3,4,0,6,91.9,6,Yes,8.05,81.5,Excellent,Placed
STU104967,21,Male,BTech CSE,4,79.9,2.3,70.8,76.3,1,7.4,8.0,94.0,42.0,2,0,2,0,3,88.3,3,No,6.68,67.4,Good,Not Placed
STU104968,19,Male,BSc Computer Science,4,84.9,6.8,84.6,77.7,0,5.9,6.4,76.8,61.6,4,1,0,0,4,77.1,2,Yes,9.31,93.5,Excellent,Not Placed
STU104969,24,Female,BCA,4,85.8,3.5,83.3,86.2,0,5.2,3.6,84.9,76.8,4,0,0,2,1,76.7,1,No,7.25,78.7,Good,Not Placed
STU104970,20,Male,BSc Data Science,4,79.9,4.7,68.5,74.7,1,4.8,3.7,67.8,37.6,2,0,1,1,4,61.9,2,No,7.29,70.5,Good,Not Placed
STU104971,23,Male,BSc Computer Science,3,98.7,4.3,91.1,81.7,1,7.5,4.0,72.7,24.9,1,2,3,2,0,74.3,1,Yes,9.43,93.7,Excellent,Placed
STU104972,22,Male,BBA,3,90.7,4.5,100.0,62.9,1,6.6,4.9,74.0,76.0,1,1,1,0,1,73.0,1,Yes,8.01,80.2,Excellent,Not Placed
STU104973,20,Female,BCA,2,65.8,2.2,99.8,50.8,1,3.2,5.3,69.6,67.1,1,1,3,0,2,63.6,3,Yes,6.58,66.3,Good,Not Placed
STU104974,18,Female,BBA,3,63.3,5.5,86.4,60.9,1,6.0,8.4,63.5,64.4,1,2,1,0,2,71.1,1,Yes,7.06,71.3,Good,Not Placed
STU104975,22,Female,BSc Data Science,3,,3.4,79.5,63.1,0,5.7,4.5,78.6,60.7,3,1,2,0,0,83.5,3,Yes,7.7,75.7,Good,Not Placed
STU104976,20,Male,BCA,4,89.7,5.8,91.0,60.9,1,8.6,5.5,62.7,65.0,2,1,2,1,0,100.0,2,No,8.62,86.6,Excellent,Not Placed
STU104977,21,Female,BSc Data Science,3,60.9,4.1,92.6,57.3,3,7.1,7.6,74.1,76.3,4,1,1,2,1,92.3,1,Yes,7.43,73.1,Good,Placed
STU104978,22,Female,BSc Computer Science,3,82.6,6.1,83.0,60.5,0,5.7,6.9,64.9,92.1,1,1,4,3,2,84.4,3,No,8.38,84.6,Excellent,Not Placed
STU104979,22,Female,BCA,3,76.3,4.4,55.7,66.7,0,5.1,7.4,89.9,72.9,3,0,3,0,1,82.5,2,No,6.8,66.9,Good,Not Placed
STU104980,19,Female,BSc Data Science,3,65.6,3.2,64.9,59.8,1,7.0,6.7,85.3,52.1,0,1,5,0,3,87.3,2,Yes,7.19,72.4,Good,Placed
STU104981,21,Female,BTech CSE,3,80.5,5.6,87.1,100.0,1,5.4,,60.1,60.3,1,3,3,0,0,93.0,2,No,9.49,95.0,Excellent,Placed
STU104982,18,Female,BBA,4,76.2,3.7,85.6,55.2,0,3.9,7.8,64.3,65.1,1,1,2,1,3,76.0,2,Yes,7.16,74.9,Good,Not Placed
STU104983,23,Female,BSc Data Science,2,86.1,4.3,76.9,77.3,1,7.1,5.0,63.6,70.6,0,1,2,0,1,79.5,0,Yes,8.01,78.1,Good,Not Placed
STU104984,24,Male,BCA,4,61.7,3.6,85.0,65.5,1,6.4,5.7,70.3,70.9,1,0,4,1,0,75.0,1,Yes,6.69,66.7,Good,Not Placed
STU104985,20,Male,BTech CSE,4,69.1,2.7,65.9,78.4,1,,7.1,38.7,68.6,0,1,2,2,2,78.1,2,Yes,7.54,71.6,Good,Not Placed
STU104986,19,Male,BSc Computer Science,3,69.3,3.3,80.0,69.1,0,6.6,6.8,74.4,90.2,2,1,5,0,0,80.8,0,Yes,7.58,73.1,Good,Not Placed
STU104987,20,Male,BCA,3,84.6,4.6,78.3,82.2,1,7.5,8.4,48.7,74.7,1,0,2,0,1,85.1,0,Yes,8.86,89.3,Excellent,Placed
STU104988,18,Male,BBA,4,75.6,5.0,,67.2,0,4.1,8.7,60.0,45.5,3,0,5,1,2,89.1,2,No,7.52,75.0,Good,Placed
STU104989,18,Female,BCA,3,89.8,0.5,83.0,73.0,1,5.0,8.4,76.8,64.6,0,1,3,0,0,87.5,2,No,6.68,66.9,Good,Not Placed
STU104990,22,Male,BSc Computer Science,2,74.0,4.0,65.2,45.5,0,9.2,6.6,92.4,84.3,0,0,0,3,0,76.4,1,Yes,7.93,81.3,Excellent,Not Placed
STU104991,24,Female,BSc Data Science,4,80.2,3.4,91.6,55.5,0,8.5,8.5,66.1,56.5,3,0,0,1,4,94.5,2,Yes,8.21,84.1,Excellent,Not Placed
STU104992,18,Female,BSc Computer Science,3,92.8,1.4,85.7,53.3,1,10.0,8.7,74.0,56.1,4,0,3,1,3,100.0,1,Yes,6.99,68.9,Good,Placed
STU104993,20,Male,BCA,2,60.3,4.8,74.6,90.2,0,7.9,7.1,52.1,62.8,4,0,2,1,0,94.7,1,No,8.07,80.5,Excellent,Placed
STU104994,21,Female,BTech CSE,3,78.3,6.2,70.8,83.2,1,7.8,4.2,63.0,62.0,5,0,1,1,0,75.5,2,No,9.91,99.7,Excellent,Not Placed
STU104995,21,Female,BBA,2,77.7,5.7,66.7,74.3,1,6.3,5.1,56.7,59.9,1,0,1,0,0,71.0,3,Yes,7.41,74.8,Good,Not Placed
STU104996,22,Male,BSc Data Science,2,70.1,0.5,76.8,84.5,1,3.8,6.0,71.1,56.3,2,2,2,0,0,75.9,4,Yes,7.23,70.9,Good,Not Placed
STU104997,23,Male,BSc Computer Science,3,76.4,4.0,90.5,59.8,1,7.7,6.1,53.2,85.0,5,0,2,1,1,93.7,1,No,7.88,79.8,Good,Not Placed
STU104998,20,Male,BCA,3,81.1,2.5,78.3,89.9,0,6.4,5.6,84.2,70.0,5,0,2,1,0,96.8,3,Yes,8.54,81.6,Excellent,Placed
STU104999,20,Female,BTech CSE,3,70.5,2.8,80.1,73.2,1,3.4,6.2,58.3,49.6,3,0,1,0,2,81.1,2,Yes,7.65,80.1,Excellent,Not Placed
STU105000,18,Male,BBA,4,78.6,3.1,69.8,69.1,0,7.5,7.6,64.6,44.4,6,0,0,0,1,96.2,2,Yes,7.59,76.1,Good,Not Placed
